-0.114725,-0.291819,-0.0516786,-0.0837612,-0.202379,-0.0370147,-0.0511793,0,-0.0561836,-0.0919379,0.228046,-0.285874,0,0.123875,0.332868,-0.33114,0.298972,-0.067636,0.100564,-0.392669,-0.299425,0.00693315,0.152668,-0.0335678,-0.169207,0,0,0,0,0,0,0,0,0,0,0,0,0,0,0,0,0,0,0,0,0,0,0,0,0,0,0,0,0.999306,0.000437191,-2.78201e-17,0.999931,-0.0372357,0.0117331,-1.20653e-07,0.000247976,4.47065e-06,-0.0504868,-0.0504261,6.5247e-05,0.112052,-0.112188,-0.00881494,-0.00881493,0.00592465,0.2653,-0.265285,-0.112658,0.112649,-2.24713e-07,0.0110185,0.0110334,-0.000333327,0.000333088,-0.0324628,-0.0325161,0.150289,0.150289,-0.107089,0.107223,5.61465e-06,-5.61479e-06,4.67604e-06,4.94956e-06,-1.99286e-07,0.00123113,-0.00123217,1.74077e-05,1.74323e-05,-1.20292e-05,-3.87841e-05,3.89548e-05,1.7798e-07,-2.31975e-07,-6.69663e-10,-5.40042e-05,-5.39323e-05,2.02822e-08,-2.22063e-08,0.000128126,0.000128331,2.41067e-06,2.41592e-06,-0.00123364,0.00123447,5.28754e-09,-5.35057e-09,0,0,0,0,0,0,0,0,0,0,0,0,0,0,0,-0.596033,-0.0305025,0.185365,0.660997,-1.45467,0.0433947,0.788991,-0.903887,-0.405383,-0.280644,0.0542713,-0.347176,0.818914,-0.159035,-0.823958,-0.110487,-0.110426,6.5247e-05,0.112052,-0.112188,-0.00881494,-0.00881493,0.00592465,0.2653,-0.265285,0.0373421,-0.0373505,-2.24713e-07,0.131019,0.131033,-0.000333327,0.000333088,-0.0924628,-0.0925161,-0.0997108,-0.0997108,-0.107089,0.107223,5.61465e-06,-5.61479e-06,-0.110487,-0.110426,6.52474e-05,0.112049,-0.112186,-0.00881497,-0.00881497,0.00592468,0.2653,-0.265285,0.0373421,-0.0373505,-2.24712e-07,0.131019,0.131034,-0.000333327,0.000333088,-0.092463,-0.0925163,-0.0997108,-0.0997108,-0.107086,0.10722,5.61464e-06,-5.61478e-06,0.998763,1.10704e-05,0.0497182,0.000162296,-0.651067,-0.017953,-0.00767304,0.758769
-0.114725,-0.291819,-0.0516786,-0.0837612,-0.202379,-0.0370147,-0.0511793,0,-0.0561836,-0.0919379,0.228046,-0.285874,0,0.123875,0.332868,-0.33114,0.298972,-0.067636,0.100564,-0.392669,-0.299425,0.00693315,0.152668,-0.0335678,-0.169207,0,0,0,0,0,0,0,0,0,0,0,0,0,0,0,0,0,0,0,0,0,0,0,0,0,0,0,0,0.999304,0.000436147,1.61505e-06,0.999931,-0.0372957,0.0117295,0.00035449,-0.00718531,-0.000154696,-0.0508486,-0.0507906,6.77344e-05,0.112283,-0.112434,-0.00894928,-0.00894822,0.0073962,0.265194,-0.265176,-0.113248,0.113233,2.11878e-06,0.0124841,0.0125037,-0.000299039,0.000298345,-0.0342433,-0.0343021,0.150924,0.150923,-0.107416,0.107594,2.92158e-06,-2.91642e-06,-0.0346256,-0.0349192,0.000244705,0.020727,-0.0220198,-0.0105446,-0.0104407,0.142156,-0.0112743,0.0116758,-0.0581531,0.0576556,0.000135005,0.138521,0.13902,0.00256952,-0.00260101,-0.149213,-0.149698,0.0548967,0.0548343,-0.0247288,0.0280051,-2.73563e-05,2.39352e-05,-0.596033,-0.0305025,0.185365,0.660997,-1.45467,0.0433947,0.788991,-0.903887,-0.405383,-0.280644,0.0542713,-0.347176,0.818914,-0.159035,-0.823958,-0.457849,0.227548,0.117587,0.639633,-1.36484,-0.0429114,1.04242,-0.796351,-0.302473,-0.0717363,0.337111,0.2899,1.55831,-0.0305004,-1.09198,-0.110849,-0.110791,6.77344e-05,0.112283,-0.112434,-0.00894928,-0.00894822,0.0073962,0.265194,-0.265176,0.0367525,-0.0367665,2.11878e-06,0.132484,0.132504,-0.000299039,0.000298345,-0.0942433,-0.0943021,-0.0990759,-0.0990768,-0.107416,0.107594,2.92158e-06,-2.91642e-06,-0.110487,-0.110426,6.52474e-05,0.112049,-0.112186,-0.00881497,-0.00881497,0.00592468,0.2653,-0.265285,0.0373421,-0.0373505,-2.24712e-07,0.131019,0.131034,-0.000333327,0.000333088,-0.092463,-0.0925163,-0.0997108,-0.0997108,-0.107086,0.10722,5.61464e-06,-5.61478e-06,0.998765,1.28932e-05,0.0496882,0.000161511,-0.651067,-0.017953,-0.00767304,0.758769
-0.114725,-0.291819,-0.0516786,-0.0837612,-0.202379,-0.0370147,-0.0511793,0,-0.0561836,-0.0919379,0.228046,-0.285874,0,0.123875,0.332868,-0.33114,0.298972,-0.067636,0.100564,-0.392669,-0.299425,0.00693315,0.152668,-0.0335678,-0.169207,0,0,0,0,0,0,0,0,0,0,0,0,0,0,0,0,0,0,0,0,0,0,0,0,0,0,0,0,0.999301,0.000629309,-0.000191221,0.999931,-0.0373923,0.0117046,0.000232947,-0.00110488,0.0200518,-0.0522315,-0.0520262,-4.23243e-05,0.112846,-0.113096,-0.00848375,-0.00861005,0.0107619,0.26445,-0.264939,-0.114506,0.114319,-0.0030266,0.0166231,0.0165738,-0.00560729,0.00524433,-0.0378361,-0.0378639,0.148643,0.1498,-0.107865,0.108103,-0.00140827,-0.00841235,-0.094452,-0.0809991,-0.0098088,0.0332404,-0.0416135,0.0460868,0.0364091,0.177373,-0.057268,0.0105853,-0.0643207,0.0482323,-0.26223,0.256777,0.250662,-0.438841,0.401456,-0.198819,-0.196666,-0.240664,-0.140178,-0.0201041,0.0239072,-0.0871387,-0.468947,-0.457849,0.227548,0.117587,0.639633,-1.36484,-0.0429114,1.04242,-0.796351,-0.302473,-0.0717363,0.337111,0.2899,1.55831,-0.0305004,-1.09198,-0.438334,0.191934,0.165463,0.508856,-1.29813,-0.0189196,1.01622,-0.729554,-0.224091,-0.0101176,0.375805,1.04822,1.95136,-0.0685525,-1.25476,-0.112232,-0.112026,-4.23243e-05,0.112846,-0.113096,-0.00848374,-0.00861005,0.0107619,0.26445,-0.264939,0.0354945,-0.035681,-0.0030266,0.136623,0.136574,-0.00560729,0.00524433,-0.0978361,-0.0978639,-0.101357,-0.1002,-0.107865,0.108103,-0.00140827,-0.00841235,-0.128331,-0.0940061,0.00241046,0.113637,-0.128264,-0.0116349,-0.0130514,0.00447398,0.259619,-0.254683,0.0564124,-0.0622029,-0.00604966,0.12633,0.146786,-0.033414,0.030197,-0.0747217,-0.0113492,-0.129007,-0.119682,-0.0969877,0.0746587,-0.00335173,-0.0169258,0.998767,2.04993e-05,0.0496399,0.000258032,-0.651067,-0.017953,-0.00767304,0.758769
-0.114725,-0.291819,-0.0516786,-0.0837612,-0.202379,-0.0370147,-0.0511793,0,-0.0561836,-0.0919379,0.228046,-0.285874,0,0.123875,0.332868,-0.33114,0.298972,-0.067636,0.100564,-0.392669,-0.299425,0.00693315,0.152668,-0.0335678,-0.169207,0,0,0,0,0,0,0,0,0,0,0,0,0,0,0,0,0,0,0,0,0,0,0,0,0,0,0,0,0.999309,0.00119536,-0.000762982,0.999932,-0.0371669,0.0116126,0.00357616,0.0232248,0.0345899,-0.0548499,-0.0543854,-0.000163181,0.113521,-0.114155,-0.00693923,-0.00731911,0.0136067,0.262872,-0.264588,-0.115365,0.114509,-0.0096429,0.0226007,0.0226024,-0.0203755,0.0187283,-0.0419466,-0.0420351,0.139169,0.143831,-0.108157,0.108487,-0.00407733,-0.0226406,-0.155354,-0.144624,-0.00145648,0.0329191,-0.0619489,0.0891833,0.0778297,0.108515,-0.0927558,0.0227364,-0.0246822,-0.0233664,-0.329717,0.326075,0.337965,-0.896968,0.812228,-0.211518,-0.219914,-0.619822,-0.397829,-0.0112324,0.0183328,-0.130529,-0.63896,-0.438334,0.191934,0.165463,0.508856,-1.29813,-0.0189196,1.01622,-0.729554,-0.224091,-0.0101176,0.375805,1.04822,1.95136,-0.0685525,-1.25476,-0.336614,0.164821,0.207862,0.462275,-1.26309,-0.00259496,0.905392,-0.732135,-0.241893,0.0899602,0.392109,1.52109,2.11631,-0.0720497,-1.37727,-0.11485,-0.114385,-0.000163181,0.113521,-0.114155,-0.00693923,-0.00731911,0.0136067,0.262872,-0.264588,0.0346352,-0.0354915,-0.0096429,0.142601,0.142602,-0.0203755,0.0187283,-0.101947,-0.102035,-0.110831,-0.106169,-0.108157,0.108487,-0.00407733,-0.0226406,-0.144223,-0.0811475,0.00667073,0.109994,-0.141674,-0.0144549,-0.0172878,0.00398296,0.252889,-0.24141,0.0754828,-0.0870552,-0.00896382,0.127803,0.166407,-0.0664947,0.0600609,0.0188515,0.109123,-0.158302,-0.139654,-0.0884112,0.035586,-0.00670908,-0.0338459,0.998761,5.24021e-05,0.0497525,0.000544334,-0.651067,-0.017953,-0.00767304,0.758769
-0.114725,-0.291819,-0.0516786,-0.0837612,-0.202379,-0.0370147,-0.0511793,0,-0.0561836,-0.0919379,0.228046,-0.285874,0,0.123875,0.332868,-0.33114,0.298972,-0.067636,0.100564,-0.392669,-0.299425,0.00693315,0.152668,-0.0335678,-0.169207,0,0,0,0,0,0,0,0,0,0,0,0,0,0,0,0,0,0,0,0,0,0,0,0,0,0,0,0,0.999334,0.00199671,-0.00157985,0.999933,-0.0364652,0.0113981,0.00964316,0.0429282,0.0470291,-0.0583977,-0.0578343,7.63092e-05,0.114077,-0.115629,-0.00501717,-0.0054108,0.0149527,0.260707,-0.26404,-0.114985,0.112704,-0.016332,0.0295011,0.0300975,-0.0430083,0.0392396,-0.0461762,-0.046642,0.122693,0.133084,-0.108287,0.108821,-0.00728661,-0.0387235,-0.187854,-0.188173,0.0234181,0.0228208,-0.0830221,0.0868045,0.0989553,0.0394688,-0.117376,0.0285463,0.0539897,-0.143929,-0.299606,0.354476,0.399522,-1.23061,1.10974,-0.213547,-0.240985,-0.935306,-0.613104,-0.00381813,0.0186435,-0.146991,-0.688984,-0.336614,0.164821,0.207862,0.462275,-1.26309,-0.00259496,0.905392,-0.732135,-0.241893,0.0899602,0.392109,1.52109,2.11631,-0.0720497,-1.37727,-0.25325,0.102557,0.211278,0.450989,-1.23267,0.00308286,0.793992,-0.756946,-0.313376,0.168016,0.392905,1.7329,2.19658,-0.0477675,-1.46725,-0.118398,-0.117834,7.63092e-05,0.114077,-0.115629,-0.00501717,-0.0054108,0.0149527,0.260707,-0.26404,0.0350146,-0.037296,-0.016332,0.149501,0.150097,-0.0430083,0.0392396,-0.106176,-0.106642,-0.127307,-0.116916,-0.108287,0.108821,-0.00728661,-0.0387235,-0.145833,-0.0705751,0.0125174,0.106171,-0.154315,-0.0172749,-0.0215243,0.00399158,0.240034,-0.229628,0.0945531,-0.111908,-0.0145137,0.141207,0.18654,-0.0995754,0.0899249,0.14544,0.234686,-0.187598,-0.159625,-0.0792834,-0.00758192,-0.0100664,-0.0507661,0.998744,0.000139902,0.050103,0.000953943,-0.651067,-0.017953,-0.00767304,0.758769
-0.114725,-0.291819,-0.0516786,-0.0837612,-0.202379,-0.0370147,-0.0511793,0,-0.0561836,-0.0919379,0.228046,-0.285874,0,0.123875,0.332868,-0.33114,0.298972,-0.067636,0.100564,-0.392669,-0.299425,0.00693315,0.152668,-0.0335678,-0.169207,0,0,0,0,0,0,0,0,0,0,0,0,0,0,0,0,0,0,0,0,0,0,0,0,0,0,0,0,0.999368,0.00307915,-0.00268692,0.999935,-0.0354359,0.0110189,0.017094,0.0572918,0.0647156,-0.0624547,-0.0620256,0.000884063,0.114362,-0.117541,-0.00367978,-0.00341049,0.0151155,0.258035,-0.263485,-0.112672,0.108062,-0.0244784,0.0367491,0.0386741,-0.0708824,0.0644214,-0.0504331,-0.0516768,0.10091,0.118738,-0.108267,0.109207,-0.0106753,-0.0553473,-0.208857,-0.220759,0.0531825,0.00666008,-0.105697,0.0373814,0.0894198,-0.00910774,-0.143906,0.0245545,0.163344,-0.300885,-0.45723,0.364467,0.448304,-1.43829,1.2947,-0.21412,-0.262287,-1.15965,-0.763619,0.00397919,0.0229904,-0.151415,-0.703775,-0.25325,0.102557,0.211278,0.450989,-1.23267,0.00308286,0.793992,-0.756946,-0.313376,0.168016,0.392905,1.7329,2.19658,-0.0477675,-1.46725,-0.209887,0.0524213,0.200526,0.460793,-1.22411,-0.00946126,0.698874,-0.746544,-0.395064,0.224152,0.397526,1.79882,2.23315,-0.0127879,-1.526,-0.122455,-0.122026,0.000884063,0.114362,-0.117541,-0.00367978,-0.00341049,0.0151155,0.258035,-0.263485,0.0373284,-0.0419381,-0.0244784,0.156749,0.158674,-0.0708824,0.0644214,-0.110433,-0.111677,-0.14909,-0.131262,-0.108267,0.109207,-0.0106753,-0.0553473,-0.140942,-0.0697442,0.0169414,0.103309,-0.165925,-0.0200949,-0.0257607,0.00380143,0.222699,-0.219727,0.113623,-0.13676,-0.0250702,0.160214,0.205201,-0.132656,0.119789,0.267102,0.359807,-0.216894,-0.179596,-0.0680732,-0.0530475,-0.0134238,-0.0676863,0.998717,0.000303279,0.050617,0.00150978,-0.651067,-0.017953,-0.00767304,0.758769
-0.114725,-0.291819,-0.0516786,-0.0837612,-0.202379,-0.0370147,-0.0511793,0,-0.0561836,-0.0919379,0.228046,-0.285874,0,0.123875,0.332868,-0.33114,0.298972,-0.067636,0.100564,-0.392669,-0.299425,0.00693315,0.152668,-0.0335678,-0.169207,0,0,0,0,0,0,0,0,0,0,0,0,0,0,0,0,0,0,0,0,0,0,0,0,0,0,0,0,0.99941,0.00457371,-0.00421521,0.999935,-0.0340955,0.0104434,0.0251545,0.074804,0.0892878,-0.0670799,-0.0669533,0.00223233,0.114299,-0.119931,-0.00373624,-0.00199066,0.0142176,0.254703,-0.263056,-0.107917,0.099995,-0.0379267,0.0442676,0.0482416,-0.101843,0.0923539,-0.0547604,-0.0571629,0.0755044,0.102001,-0.10807,0.109706,-0.0140958,-0.0721383,-0.244054,-0.261763,0.0769778,-0.0114713,-0.130607,-0.0457577,0.0447531,-0.0658411,-0.181703,0.0171685,0.293424,-0.481349,-0.76649,0.381968,0.499055,-1.55463,1.39845,-0.21962,-0.285531,-1.30835,-0.859773,0.0134873,0.0294693,-0.15138,-0.708686,-0.209887,0.0524213,0.200526,0.460793,-1.22411,-0.00946126,0.698874,-0.746544,-0.395064,0.224152,0.397526,1.79882,2.23315,-0.0127879,-1.526,-0.196602,0.0199327,0.191715,0.483276,-1.22723,-0.0384165,0.62316,-0.690094,-0.481163,0.2567,0.400216,1.8038,2.25335,0.00975252,-1.56201,-0.12708,-0.126953,0.00223233,0.114299,-0.119931,-0.00373624,-0.00199066,0.0142176,0.254703,-0.263056,0.0420832,-0.050005,-0.0379267,0.164268,0.168242,-0.101843,0.0923539,-0.11476,-0.117163,-0.174496,-0.147999,-0.10807,0.109706,-0.0140958,-0.0721383,-0.137715,-0.0721077,0.0200852,0.102104,-0.178503,-0.0229148,-0.0299971,0.00201621,0.202537,-0.207297,0.132694,-0.161612,-0.0395066,0.181547,0.224898,-0.165737,0.149653,0.373474,0.482028,-0.24619,-0.199568,-0.054822,-0.0989899,-0.0167811,-0.0846064,0.998681,0.000555646,0.0512857,0.00227775,-0.651067,-0.017953,-0.00767304,0.758769
-0.114725,-0.291819,-0.0516786,-0.0837612,-0.202379,-0.0370147,-0.0511793,0,-0.0561836,-0.0919379,0.228046,-0.285874,0,0.123875,0.332868,-0.33114,0.298972,-0.067636,0.100564,-0.392669,-0.299425,0.00693315,0.152668,-0.0335678,-0.169207,0,0,0,0,0,0,0,0,0,0,0,0,0,0,0,0,0,0,0,0,0,0,0,0,0,0,0,0,0.999459,0.00648811,-0.00617276,0.999932,-0.0323046,0.00966627,0.0334297,0.101895,0.1075,-0.0726508,-0.072929,0.00406674,0.113885,-0.122811,-0.00567419,-0.00181715,0.0116656,0.250611,-0.262595,-0.100421,0.0881654,-0.0577084,0.0522765,0.0588555,-0.134447,0.121755,-0.0592473,-0.0630808,0.0477375,0.0837562,-0.107671,0.110324,-0.0175012,-0.0889901,-0.300228,-0.322807,0.101434,-0.0285501,-0.154579,-0.145617,-0.0308749,-0.168277,-0.218482,0.026281,0.433924,-0.673351,-1.04425,0.41155,0.551773,-1.61338,1.451,-0.228962,-0.305234,-1.40401,-0.920074,0.0239405,0.035155,-0.150257,-0.71065,-0.196602,0.0199327,0.191715,0.483276,-1.22723,-0.0384165,0.62316,-0.690094,-0.481163,0.2567,0.400216,1.8038,2.25335,0.00975252,-1.56201,-0.201577,0.00482385,0.184133,0.52267,-1.23177,-0.0675622,0.568884,-0.603529,-0.56739,0.268582,0.403503,1.79314,2.27415,0.0166903,-1.59095,-0.132651,-0.132929,0.00406674,0.113885,-0.122811,-0.00567419,-0.00181715,0.0116656,0.250611,-0.262595,0.0495794,-0.0618346,-0.0577084,0.172277,0.178855,-0.134447,0.121755,-0.119247,-0.123081,-0.202263,-0.166244,-0.107671,0.110324,-0.0175012,-0.0889901,-0.139175,-0.0741906,0.0230319,0.102813,-0.192142,-0.0257348,-0.0342336,-0.00224011,0.180899,-0.188925,0.151764,-0.186465,-0.0577396,0.201417,0.244478,-0.198818,0.179517,0.468155,0.602998,-0.275485,-0.219539,-0.0416642,-0.144553,-0.0201385,-0.101527,0.998632,0.000900428,0.0521784,0.00326231,-0.651067,-0.017953,-0.00767304,0.758769
-0.114725,-0.291819,-0.0516786,-0.0837612,-0.202379,-0.0370147,-0.0511793,0,-0.0561836,-0.0919379,0.228046,-0.285874,0,0.123875,0.332868,-0.33114,0.298972,-0.067636,0.100564,-0.392669,-0.299425,0.00693315,0.152668,-0.0335678,-0.169207,0,0,0,0,0,0,0,0,0,0,0,0,0,0,0,0,0,0,0,0,0,0,0,0,0,0,0,0,0.99952,0.0085423,-0.00827843,0.999925,-0.0298695,0.00871713,0.0420304,0.137577,0.106159,-0.0794682,-0.0803217,0.00648737,0.11315,-0.12612,-0.00963648,-0.00341722,0.0066808,0.245958,-0.261631,-0.0900745,0.0724705,-0.0817614,0.0608954,0.0704534,-0.167822,0.151847,-0.0638965,-0.0692816,0.0184777,0.064561,-0.107062,0.111021,-0.0208852,-0.105867,-0.365696,-0.399494,0.133715,-0.0437833,-0.173749,-0.245292,-0.128641,-0.298666,-0.238835,0.0629029,0.575995,-0.865287,-1.18594,0.441459,0.596482,-1.63841,1.47353,-0.235645,-0.314522,-1.46324,-0.958488,0.0343723,0.038148,-0.149226,-0.711525,-0.201577,0.00482385,0.184133,0.52267,-1.23177,-0.0675622,0.568884,-0.603529,-0.56739,0.268582,0.403503,1.79314,2.27415,0.0166903,-1.59095,-0.223871,0.00445174,0.178899,0.579264,-1.22779,-0.0863468,0.553454,-0.502487,-0.642517,0.267958,0.411278,1.78868,2.30434,0.0166023,-1.6234,-0.139468,-0.140322,0.00648737,0.11315,-0.12612,-0.00963648,-0.00341722,0.0066808,0.245958,-0.261631,0.0599255,-0.0775295,-0.0817614,0.180895,0.190453,-0.167822,0.151847,-0.123897,-0.129282,-0.231522,-0.185439,-0.107062,0.111021,-0.0208852,-0.105867,-0.145698,-0.0734395,0.0257982,0.106789,-0.206104,-0.0285548,-0.03847,-0.00768131,0.159234,-0.16408,0.170835,-0.211317,-0.0794346,0.217309,0.264536,-0.231898,0.209381,0.557862,0.726196,-0.304781,-0.239511,-0.0297893,-0.190567,-0.0234958,-0.118447,0.998563,0.00133098,0.0533915,0.00432339,-0.651067,-0.017953,-0.00767304,0.758769
-0.114725,-0.291819,-0.0516786,-0.0837612,-0.202379,-0.0370147,-0.0511793,0,-0.0561836,-0.0919379,0.228046,-0.285874,0,0.123875,0.332868,-0.33114,0.298972,-0.067636,0.100564,-0.392669,-0.299425,0.00693315,0.152668,-0.0335678,-0.169207,0,0,0,0,0,0,0,0,0,0,0,0,0,0,0,0,0,0,0,0,0,0,0,0,0,0,0,0,0.999595,0.0102258,-0.0100183,0.999918,-0.0266496,0.00766017,0.0498304,0.178839,0.0746322,-0.0875954,-0.0893919,0.00974206,0.112172,-0.129694,-0.0154868,-0.00714336,-0.00064833,0.241241,-0.259475,-0.0769233,0.0530386,-0.107009,0.0700355,0.0827779,-0.201465,0.182188,-0.0686059,-0.0754599,-0.0116747,0.0447465,-0.106269,0.111695,-0.0242536,-0.122756,-0.430328,-0.48667,0.181102,-0.0536691,-0.182332,-0.333516,-0.240317,-0.396534,-0.229282,0.138134,0.713012,-1.04576,-1.1827,0.464087,0.624267,-1.64432,1.47923,-0.236123,-0.305531,-1.49713,-0.984294,0.0426984,0.034883,-0.148573,-0.71192,-0.223871,0.00445174,0.178899,0.579264,-1.22779,-0.0863468,0.553454,-0.502487,-0.642517,0.267958,0.411278,1.78868,2.30434,0.0166023,-1.6234,-0.253464,0.0175358,0.178869,0.643082,-1.21567,-0.103747,0.569743,-0.404562,-0.70934,0.262412,0.426087,1.79336,2.34499,0.0180862,-1.65903,-0.147595,-0.149392,0.00974206,0.112172,-0.129694,-0.0154868,-0.00714336,-0.00064833,0.241241,-0.259475,0.0730767,-0.0969614,-0.107009,0.190035,0.202778,-0.201465,0.182188,-0.128606,-0.13546,-0.261675,-0.205254,-0.106269,0.111695,-0.0242536,-0.122756,-0.159646,-0.0683045,0.028637,0.115092,-0.218884,-0.0313747,-0.0427064,-0.0126305,0.141613,-0.133455,0.189905,-0.236169,-0.102803,0.229387,0.286718,-0.264979,0.239244,0.64898,0.855232,-0.334077,-0.259482,-0.0187609,-0.238299,-0.0268532,-0.135367,0.998471,0.0018282,0.0549954,0.00520455,-0.651067,-0.017953,-0.00767304,0.758769
-0.114725,-0.291819,-0.0516786,-0.0837612,-0.202379,-0.0370147,-0.0511793,0,-0.0561836,-0.0919379,0.228046,-0.285874,0,0.123875,0.332868,-0.33114,0.298972,-0.067636,0.100564,-0.392669,-0.299425,0.00693315,0.152668,-0.0335678,-0.169207,0,0,0,0,0,0,0,0,0,0,0,0,0,0,0,0,0,0,0,0,0,0,0,0,0,0,0,0,0.999686,0.0109642,-0.0108125,0.999918,-0.0226015,0.00660106,0.0544128,0.218825,0.0164552,-0.0969021,-0.100206,0.0141213,0.1111,-0.133268,-0.0229191,-0.0131371,-0.00918552,0.237034,-0.255339,-0.0611277,0.030218,-0.13184,0.0795115,0.095421,-0.235097,0.21253,-0.0732286,-0.0812112,-0.0422794,0.0245074,-0.105322,0.112193,-0.0276157,-0.139651,-0.484231,-0.571009,0.241595,-0.0541853,-0.175443,-0.403763,-0.35335,-0.422978,-0.193385,0.250627,0.839858,-1.20412,-1.16107,0.476316,0.629276,-1.6398,1.47572,-0.2289,-0.274915,-1.51163,-1.00228,0.049503,0.0230612,-0.148335,-0.712165,-0.253464,0.0175358,0.178869,0.643082,-1.21567,-0.103747,0.569743,-0.404562,-0.70934,0.262412,0.426087,1.79336,2.34499,0.0180862,-1.65903,-0.282869,0.0361111,0.183035,0.702672,-1.20613,-0.131199,0.599219,-0.31214,-0.775001,0.254496,0.447527,1.80153,2.39251,0.0285827,-1.69422,-0.156902,-0.160206,0.0141213,0.1111,-0.133268,-0.0229191,-0.0131371,-0.00918552,0.237034,-0.255339,0.0888723,-0.119782,-0.13184,0.199512,0.215421,-0.235097,0.21253,-0.133229,-0.141211,-0.292279,-0.225493,-0.105322,0.112193,-0.0276157,-0.139651,-0.179108,-0.0571515,0.032203,0.12696,-0.23004,-0.0341947,-0.0469429,-0.018082,0.129084,-0.0993497,0.208975,-0.261022,-0.127681,0.239187,0.312843,-0.29806,0.269108,0.743764,0.991992,-0.363373,-0.279453,-0.00745312,-0.287904,-0.0302105,-0.152287,0.998355,0.00235173,0.0570129,0.00561592,-0.651067,-0.017953,-0.00767304,0.758769
-0.114725,-0.291819,-0.0516786,-0.0837612,-0.202379,-0.0370147,-0.0511793,0,-0.0561836,-0.0919379,0.228046,-0.285874,0,0.123875,0.332868,-0.33114,0.298972,-0.067636,0.100564,-0.392669,-0.299425,0.00693315,0.152668,-0.0335678,-0.169207,0,0,0,0,0,0,0,0,0,0,0,0,0,0,0,0,0,0,0,0,0,0,0,0,0,0,0,0,0.999789,0.0103407,-0.0102381,0.99993,-0.0178017,0.00567783,0.0536824,0.253463,-0.0586141,-0.107111,-0.112643,0.0198232,0.110142,-0.136525,-0.0315357,-0.0212983,-0.0178166,0.23367,-0.248527,-0.042947,0.00453694,-0.157616,0.0890674,0.107993,-0.268567,0.242741,-0.077625,-0.086123,-0.0730138,0.00396019,-0.104303,0.112403,-0.0309777,-0.156551,-0.522538,-0.647384,0.308203,-0.0441107,-0.152296,-0.452764,-0.456703,-0.413916,-0.151023,0.400026,0.951721,-1.33295,-1.2612,0.473822,0.617841,-1.62976,1.46743,-0.215549,-0.227831,-1.51266,-1.01575,0.0531906,0.00170544,-0.148319,-0.712327,-0.282869,0.0361111,0.183035,0.702672,-1.20613,-0.131199,0.599219,-0.31214,-0.775001,0.254496,0.447527,1.80153,2.39251,0.0285827,-1.69422,-0.30597,0.0530883,0.191616,0.755921,-1.20624,-0.181926,0.625471,-0.229762,-0.858513,0.248833,0.469361,1.81155,2.43527,0.0468184,-1.72616,-0.167111,-0.172643,0.0198232,0.110142,-0.136525,-0.0315357,-0.0212983,-0.0178166,0.23367,-0.248527,0.107053,-0.145463,-0.157616,0.209067,0.227992,-0.268567,0.242741,-0.137625,-0.146123,-0.323014,-0.24604,-0.104303,0.112403,-0.0309777,-0.156551,-0.201434,-0.0419445,0.0366071,0.140534,-0.241227,-0.0370147,-0.0511793,-0.0262398,0.119844,-0.062428,0.228046,-0.285874,-0.155,0.247248,0.343764,-0.33114,0.298972,0.840766,1.13626,-0.392669,-0.299425,0.00571653,-0.338844,-0.0335678,-0.169207,0.998215,0.00283837,0.0594075,0.00534534,-0.651067,-0.017953,-0.00767304,0.758769
-0.114725,-0.291819,-0.0516786,-0.0837612,-0.202379,-0.0370147,-0.0511793,0,-0.0561836,-0.0919379,0.228046,-0.285874,0,0.123875,0.332868,-0.33114,0.298972,-0.067636,0.100564,-0.392669,-0.299425,0.00693315,0.152668,-0.0335678,-0.169207,0,0,0,0,0,0,0,0,0,0,0,0,0,0,0,0,0,0,0,0,0,0,0,0,0,0,0,0,0.999884,0.00846219,-0.00839917,0.999952,-0.0126685,0.0049287,0.0521027,0.251062,-0.109628,-0.117288,-0.125539,0.0263625,0.109341,-0.139283,-0.0411604,-0.0316618,-0.0258326,0.231387,-0.238982,-0.0238454,-0.0222756,-0.180216,0.0981423,0.119597,-0.296519,0.267757,-0.0819164,-0.0903371,-0.099993,-0.0142443,-0.103289,0.11256,-0.0329175,-0.165044,-0.486174,-0.624739,0.330137,-0.0369202,-0.125711,-0.497658,-0.565648,-0.371583,-0.0911036,0.512382,0.944672,-1.32878,-0.893584,0.429856,0.540281,-1.18041,1.05156,-0.212481,-0.194378,-1.18622,-0.803404,0.0444732,0.0190306,-0.0611353,-0.243459,-0.30597,0.0530883,0.191616,0.755921,-1.20624,-0.181926,0.625471,-0.229762,-0.858513,0.248833,0.469361,1.81155,2.43527,0.0468184,-1.72616,-0.331172,0.052989,0.237853,0.824217,-1.22172,-0.241433,0.620746,-0.137332,-0.948234,0.241778,0.499201,1.87938,2.44729,0.0770988,-1.74142,-0.177288,-0.185539,0.0263625,0.109341,-0.139283,-0.0411604,-0.0316618,-0.0258326,0.231387,-0.238982,0.126155,-0.172276,-0.180216,0.218142,0.239597,-0.296519,0.267757,-0.141916,-0.150337,-0.349993,-0.264244,-0.103289,0.11256,-0.0329175,-0.165044,-0.212985,-0.0334558,0.0383232,0.151184,-0.241248,-0.0370147,-0.0511793,-0.0363851,0.125094,-0.0459523,0.228046,-0.285874,-0.171703,0.244416,0.354681,-0.33114,0.298972,0.845775,1.15764,-0.392669,-0.299425,0.00936367,-0.345232,-0.0335678,-0.169207,0.998063,0.0032609,0.061971,0.00444354,-0.651067,-0.017953,-0.00767304,0.758769
-0.114725,-0.291819,-0.0516786,-0.0837612,-0.202379,-0.0370147,-0.0511793,0,-0.0561836,-0.0919379,0.228046,-0.285874,0,0.123875,0.332868,-0.33114,0.298972,-0.067636,0.100564,-0.392669,-0.299425,0.00693315,0.152668,-0.0335678,-0.169207,0,0,0,0,0,0,0,0,0,0,0,0,0,0,0,0,0,0,0,0,0,0,0,0,0,0,0,0,0.999954,0.00568572,-0.00565201,0.999974,-0.00775247,0.00433228,0.0508813,0.237679,-0.141474,-0.126375,-0.137734,0.0333286,0.108658,-0.141473,-0.0514769,-0.0436938,-0.0337777,0.230222,-0.227035,-0.00572688,-0.0479728,-0.195339,0.105916,0.129589,-0.314815,0.283907,-0.0859329,-0.0939499,-0.119271,-0.0275296,-0.102536,0.112691,-0.0336181,-0.167725,-0.42663,-0.580065,0.342553,-0.037755,-0.100224,-0.521083,-0.62266,-0.406946,-0.0471167,0.676753,0.86837,-1.23867,-0.594322,0.354667,0.452446,-0.711101,0.621307,-0.190855,-0.181497,-0.785127,-0.551565,0.0350685,-0.0209583,-0.0188373,-0.0737859,-0.331172,0.052989,0.237853,0.824217,-1.22172,-0.241433,0.620746,-0.137332,-0.948234,0.241778,0.499201,1.87938,2.44729,0.0770988,-1.74142,-0.355668,0.0523439,0.277189,0.907677,-1.20764,-0.294982,0.652143,-0.0635381,-1.03399,0.225,0.531711,1.95583,2.4536,0.10431,-1.73555,-0.186375,-0.197734,0.0333286,0.108658,-0.141473,-0.0514769,-0.0436938,-0.0337777,0.230222,-0.227035,0.144273,-0.197973,-0.195339,0.225916,0.249589,-0.314815,0.283907,-0.145933,-0.15395,-0.369271,-0.27753,-0.102536,0.112691,-0.0336181,-0.167725,-0.225586,-0.0335055,0.0475707,0.164843,-0.244344,-0.0370147,-0.0511793,-0.0482866,0.124149,-0.0274665,0.228046,-0.285874,-0.189647,0.240889,0.3696,-0.33114,0.298972,0.87969,1.16365,-0.392669,-0.299425,0.0154198,-0.348285,-0.0335678,-0.169207,0.997911,0.00361771,0.0644282,0.00308737,-0.651067,-0.017953,-0.00767304,0.758769
-0.114725,-0.291819,-0.0516786,-0.0837612,-0.202379,-0.0370147,-0.0511793,0,-0.0561836,-0.0919379,0.228046,-0.285874,0,0.123875,0.332868,-0.33114,0.298972,-0.067636,0.100564,-0.392669,-0.299425,0.00693315,0.152668,-0.0335678,-0.169207,0,0,0,0,0,0,0,0,0,0,0,0,0,0,0,0,0,0,0,0,0,0,0,0,0,0,0,0,0.999992,0.00263133,-0.00261966,0.99999,-0.00313733,0.00372334,0.0516019,0.222043,-0.151571,-0.134126,-0.148908,0.0403958,0.107816,-0.143259,-0.0618057,-0.0561859,-0.0429784,0.229989,-0.211839,0.0104869,-0.0712094,-0.207871,0.111887,0.137793,-0.325,0.292647,-0.0891126,-0.0970823,-0.131094,-0.0361532,-0.101675,0.112134,-0.0337956,-0.16856,-0.351725,-0.531525,0.350603,-0.0452922,-0.0807497,-0.502335,-0.618424,-0.487386,0.00362082,0.793755,0.762907,-1.09051,-0.613004,0.248543,0.373006,-0.364535,0.306802,-0.132407,-0.131925,-0.447965,-0.34002,0.045025,-0.02393,-0.00293089,-0.024281,-0.355668,0.0523439,0.277189,0.907677,-1.20764,-0.294982,0.652143,-0.0635381,-1.03399,0.225,0.531711,1.95583,2.4536,0.10431,-1.73555,-0.374502,0.0679787,0.297856,0.991928,-1.1623,-0.345954,0.706893,-0.0321517,-1.12046,0.208599,0.577049,2.01645,2.47246,0.153442,-1.70158,-0.194126,-0.208908,0.0403958,0.107816,-0.143259,-0.0618057,-0.0561859,-0.0429784,0.229989,-0.211839,0.160487,-0.221209,-0.207871,0.231887,0.257793,-0.325,0.292647,-0.149113,-0.157082,-0.381094,-0.286153,-0.101675,0.112134,-0.0337956,-0.16856,-0.237834,-0.033828,0.0554378,0.181535,-0.241527,-0.0370147,-0.0511793,-0.0589963,0.130429,-0.0127076,0.228046,-0.285874,-0.206798,0.2325,0.385855,-0.33114,0.298972,0.917913,1.1668,-0.392669,-0.299425,0.020862,-0.34711,-0.0335678,-0.169207,0.997761,0.00397831,0.0667361,0.00158965,-0.651067,-0.017953,-0.00767304,0.758769
-0.114725,-0.291819,-0.0516786,-0.0837612,-0.202379,-0.0370147,-0.0511793,0,-0.0561836,-0.0919379,0.228046,-0.285874,0,0.123875,0.332868,-0.33114,0.298972,-0.067636,0.100564,-0.392669,-0.299425,0.00693315,0.152668,-0.0335678,-0.169207,0,0,0,0,0,0,0,0,0,0,0,0,0,0,0,0,0,0,0,0,0,0,0,0,0,0,0,0,1,-0.000137526,0.000134421,0.999995,0.000986583,0.00314772,0.0422625,0.188173,-0.111903,-0.140054,-0.158693,0.0471006,0.106838,-0.144811,-0.0711642,-0.0679354,-0.0534608,0.230188,-0.195041,0.0245447,-0.0909815,-0.223414,0.115443,0.144399,-0.329733,0.296508,-0.0910871,-0.0983884,-0.137305,-0.0411931,-0.100825,0.11369,-0.0337908,-0.168861,-0.248546,-0.444989,0.310328,-0.0503241,-0.0700188,-0.431118,-0.556085,-0.532809,0.00262684,0.834988,0.655312,-0.897808,-0.830774,0.118742,0.302017,-0.149188,0.117175,-0.0697324,-0.0485967,-0.213641,-0.187603,0.0387125,0.0770305,0.00198903,-0.00978072,-0.374502,0.0679787,0.297856,0.991928,-1.1623,-0.345954,0.706893,-0.0321517,-1.12046,0.208599,0.577049,2.01645,2.47246,0.153442,-1.70158,-0.391477,0.0796375,0.305747,1.06492,-1.13039,-0.376221,0.762957,-0.0250048,-1.21146,0.203705,0.617327,2.06262,2.50732,0.217204,-1.65219,-0.200054,-0.218693,0.0471006,0.106838,-0.144811,-0.0711642,-0.0679354,-0.0534608,0.230188,-0.195041,0.174545,-0.240981,-0.223414,0.235443,0.264399,-0.329733,0.296508,-0.151087,-0.158388,-0.387305,-0.291193,-0.100825,0.11369,-0.0337908,-0.168861,-0.247251,-0.0260107,0.0595711,0.198386,-0.232461,-0.0370147,-0.0511793,-0.0691908,0.141379,-0.00643035,0.228046,-0.285874,-0.224091,0.224299,0.408525,-0.33114,0.298972,0.948226,1.17623,-0.392669,-0.299425,0.0306883,-0.340316,-0.0335678,-0.169207,0.997621,0.00431094,0.0687987,0.000230675,-0.651067,-0.017953,-0.00767304,0.758769
-0.114725,-0.291819,-0.0516786,-0.0837612,-0.202379,-0.0370147,-0.0511793,0,-0.0561836,-0.0919379,0.228046,-0.285874,0,0.123875,0.332868,-0.33114,0.298972,-0.067636,0.100564,-0.392669,-0.299425,0.00693315,0.152668,-0.0335678,-0.169207,0,0,0,0,0,0,0,0,0,0,0,0,0,0,0,0,0,0,0,0,0,0,0,0,0,0,0,0,0.999991,-5.80402e-05,4.83449e-05,0.999997,0.00413319,0.00234563,0.0387401,0.128141,0.1515,-0.144335,-0.165318,0.0506552,0.105101,-0.146521,-0.0786971,-0.0778126,-0.0634305,0.227873,-0.170485,0.0364399,-0.106725,-0.243083,0.116987,0.148021,-0.33138,0.29764,-0.092047,-0.100688,-0.139842,-0.0439087,-0.0999776,0.111528,-0.0337366,-0.168998,-0.191646,-0.218284,0.0393587,-0.125591,-0.118187,-0.329369,-0.435359,-0.444559,-0.247986,1.56386,0.544859,-0.694713,-0.990998,0.0511402,0.061034,-0.0399431,0.0181928,-0.0304531,-0.122051,-0.0667357,-0.0994944,0.0466942,-0.0906797,0.00275315,-0.00514719,-0.391477,0.0796375,0.305747,1.06492,-1.13039,-0.376221,0.762957,-0.0250048,-1.21146,0.203705,0.617327,2.06262,2.50732,0.217204,-1.65219,-0.372733,0.0583206,0.27586,1.28542,-1.01828,-0.35389,0.799913,-0.120761,-1.31764,0.192555,0.699737,2.19392,2.4936,0.21939,-1.49651,-0.204335,-0.225318,0.0506552,0.105101,-0.146521,-0.0786971,-0.0778126,-0.0634305,0.227873,-0.170485,0.18644,-0.256725,-0.243083,0.236987,0.268021,-0.33138,0.29764,-0.152047,-0.160688,-0.389842,-0.293909,-0.0999776,0.111528,-0.0337366,-0.168998,-0.255738,-0.0201813,0.0611494,0.212984,-0.226077,-0.0370147,-0.0511793,-0.0752442,0.152591,-0.00500097,0.228046,-0.285874,-0.242293,0.221852,0.428663,-0.33114,0.298972,0.971311,1.19366,-0.392669,-0.299425,0.0434409,-0.330439,-0.0335678,-0.169207,0.99751,0.00471043,0.0703678,0.00029373,-0.651067,-0.017953,-0.00767304,0.758769
-0.114725,-0.291819,-0.0516786,-0.0837612,-0.202379,-0.0370147,-0.0511793,0,-0.0561836,-0.0919379,0.228046,-0.285874,0,0.123875,0.332868,-0.33114,0.298972,-0.067636,0.100564,-0.392669,-0.299425,0.00693315,0.152668,-0.0335678,-0.169207,0,0,0,0,0,0,0,0,0,0,0,0,0,0,0,0,0,0,0,0,0,0,0,0,0,0,0,0,0.999963,0.00636419,-0.0063691,0.999979,0.00578902,0.000865791,0.015988,0.0497724,0.464669,-0.147325,-0.167731,0.0483575,0.102038,-0.149871,-0.0841505,-0.0849859,-0.0686602,0.219938,-0.137387,0.0462676,-0.117982,-0.265628,0.117052,0.148679,-0.331555,0.297521,-0.0918519,-0.101806,-0.14014,-0.0451157,-0.0991646,0.115234,-0.0336926,-0.169077,-0.11222,-0.0467797,-0.235413,-0.170997,-0.204627,-0.226295,-0.292575,-0.0915534,-0.515217,1.65633,0.448891,-0.45124,-1.11278,-0.0371946,0.0310808,0.0101093,-0.0187189,0.0451853,-0.000596591,0.0191892,-0.0331154,0.0344322,0.407766,0.00174127,-0.00325356,-0.372733,0.0583206,0.27586,1.28542,-1.01828,-0.35389,0.799913,-0.120761,-1.31764,0.192555,0.699737,2.19392,2.4936,0.21939,-1.49651,-0.34983,-0.0230251,0.219628,1.47965,-1.00795,-0.297077,0.834418,-0.0796624,-1.38898,0.241767,0.68526,2.25861,2.49568,0.251438,-1.3808,-0.207325,-0.227731,0.0483575,0.102038,-0.149871,-0.0841505,-0.0849859,-0.0686602,0.219938,-0.137387,0.196268,-0.267982,-0.265628,0.237052,0.268679,-0.331555,0.297521,-0.151852,-0.161806,-0.39014,-0.295116,-0.0991646,0.115234,-0.0336926,-0.169077,-0.246366,-0.0308397,0.0551719,0.257085,-0.203656,-0.0370147,-0.0511793,-0.070778,0.159983,-0.0241523,0.228046,-0.285874,-0.263529,0.216277,0.469868,-0.33114,0.298972,1.03696,1.1868,-0.392669,-0.299425,0.0438779,-0.299303,-0.0335678,-0.169207,0.997443,0.00535932,0.0711755,0.00353023,-0.651067,-0.017953,-0.00767304,0.758769
-0.114725,-0.291819,-0.0516786,-0.0837612,-0.202379,-0.0370147,-0.0511793,0,-0.0561836,-0.0919379,0.228046,-0.285874,0,0.123875,0.332868,-0.33114,0.298972,-0.067636,0.100564,-0.392669,-0.299425,0.00693315,0.152668,-0.0335678,-0.169207,0,0,0,0,0,0,0,0,0,0,0,0,0,0,0,0,0,0,0,0,0,0,0,0,0,0,0,0,0.999829,0.0174709,-0.0174666,0.999847,0.00610919,-0.000649328,-0.0263105,0.00618401,0.599055,-0.149243,-0.168354,0.0422911,0.0989038,-0.153875,-0.0875967,-0.0896324,-0.0652523,0.208227,-0.105311,0.0542927,-0.124229,-0.285751,0.116041,0.150672,-0.331051,0.297115,-0.0905018,-0.102154,-0.139455,-0.0453979,-0.0986758,0.123584,-0.033661,-0.169125,-0.0831545,-0.0305955,-0.333506,-0.131195,-0.159682,-0.129447,-0.183578,0.375179,-0.620632,1.46433,0.364807,-0.196025,-0.805529,-0.0606124,0.195872,0.0338037,-0.0183081,0.0836946,-0.175311,0.0413564,-0.00285054,0.0134682,0.043762,0.00123811,-0.00197572,-0.34983,-0.0230251,0.219628,1.47965,-1.00795,-0.297077,0.834418,-0.0796624,-1.38898,0.241767,0.68526,2.25861,2.49568,0.251438,-1.3808,-0.344773,-0.0883301,0.174732,1.56043,-1.101,-0.225386,0.820256,0.0664141,-1.43187,0.288839,0.646971,2.24793,2.5445,0.331359,-1.30662,-0.209243,-0.228354,0.0422911,0.0989038,-0.153875,-0.0875967,-0.0896324,-0.0652523,0.208227,-0.105311,0.204293,-0.274229,-0.285751,0.236041,0.270672,-0.331051,0.297115,-0.150502,-0.162154,-0.389455,-0.295398,-0.0986758,0.123584,-0.033661,-0.169125,-0.234915,-0.0715126,0.0439257,0.295931,-0.20159,-0.0370147,-0.0511793,-0.0594154,0.166884,-0.0159325,0.228046,-0.285874,-0.277795,0.240884,0.46263,-0.33114,0.298972,1.06931,1.18784,-0.392669,-0.299425,0.0502875,-0.27616,-0.0335678,-0.169207,0.997396,0.00596104,0.0712957,0.00910384,-0.651067,-0.017953,-0.00767304,0.758769
-0.114725,-0.291819,-0.0516786,-0.0837612,-0.202379,-0.0370147,-0.0511793,0,-0.0561836,-0.0919379,0.228046,-0.285874,0,0.123875,0.332868,-0.33114,0.298972,-0.067636,0.100564,-0.392669,-0.299425,0.00693315,0.152668,-0.0335678,-0.169207,0,0,0,0,0,0,0,0,0,0,0,0,0,0,0,0,0,0,0,0,0,0,0,0,0,0,0,0,0.99955,0.0293928,-0.0293833,0.999567,0.00602994,-0.00150274,-0.0571259,0.00857749,0.571452,-0.151332,-0.169984,0.0359472,0.0970135,-0.156561,-0.0892199,-0.0925058,-0.0525339,0.195941,-0.076809,0.0605046,-0.125726,-0.295849,0.115411,0.155878,-0.330288,0.296913,-0.0889236,-0.103936,-0.1387,-0.045483,-0.0985809,0.128027,-0.0336354,-0.169153,-0.125348,-0.125947,-0.294533,-0.0611775,-0.108032,-0.0433675,-0.110787,0.820205,-0.601733,1.36575,0.265748,0.0206339,-0.229846,-0.00498042,0.310738,0.0385306,-0.00275505,0.0727791,-0.0214153,0.0340084,-0.00809151,-0.00441969,0.35203,0.00110112,-0.00117723,-0.344773,-0.0883301,0.174732,1.56043,-1.101,-0.225386,0.820256,0.0664141,-1.43187,0.288839,0.646971,2.24793,2.5445,0.331359,-1.30662,-0.305897,-0.130643,0.12253,1.57163,-1.18672,-0.170419,0.786774,0.209717,-1.44068,0.342919,0.609118,2.21238,2.58014,0.369334,-1.27747,-0.211332,-0.229984,0.0359472,0.0970135,-0.156561,-0.0892199,-0.0925058,-0.0525339,0.195941,-0.076809,0.210505,-0.275726,-0.295849,0.235411,0.275878,-0.330288,0.296913,-0.148924,-0.163936,-0.3887,-0.295483,-0.0985809,0.128027,-0.0336354,-0.169153,-0.232387,-0.104165,0.0349464,0.312085,-0.220201,-0.0370147,-0.0511793,-0.0450772,0.164051,0.0132828,0.228046,-0.285874,-0.286375,0.264419,0.443486,-0.33114,0.298972,1.06397,1.21225,-0.392669,-0.299425,0.0662717,-0.261323,-0.0335678,-0.169207,0.997328,0.00621921,0.0712079,0.0150753,-0.651067,-0.017953,-0.00767304,0.758769
-0.114725,-0.291819,-0.0516786,-0.0837612,-0.202379,-0.0370147,-0.0511793,0,-0.0561836,-0.0919379,0.228046,-0.285874,0,0.123875,0.332868,-0.33114,0.298972,-0.067636,0.100564,-0.392669,-0.299425,0.00693315,0.152668,-0.0335678,-0.169207,0,0,0,0,0,0,0,0,0,0,0,0,0,0,0,0,0,0,0,0,0,0,0,0,0,0,0,0,0.999192,0.0397494,-0.0397394,0.999209,0.00607044,-0.00154454,-0.0831722,0.0129568,0.454788,-0.154263,-0.173446,0.0312337,0.0968024,-0.157481,-0.0889739,-0.0941036,-0.0322115,0.185025,-0.0506967,0.0646807,-0.123204,-0.294295,0.116302,0.163431,-0.329578,0.297093,-0.0879306,-0.105594,-0.1381,-0.0457087,-0.0989513,0.131126,-0.0336128,-0.169164,-0.161763,-0.204071,-0.184964,0.0328051,0.0113335,0.0573194,-0.0522414,1.13017,-0.497324,1.2118,0.162609,0.208587,0.278392,0.0838663,0.432887,0.0309473,0.0177407,0.0307125,-0.168202,0.0283162,-0.0146242,-0.0316355,-0.0927185,0.000777343,-0.000557098,-0.305897,-0.130643,0.12253,1.57163,-1.18672,-0.170419,0.786774,0.209717,-1.44068,0.342919,0.609118,2.21238,2.58014,0.369334,-1.27747,-0.285743,-0.158303,0.10582,1.49008,-1.27639,-0.0966006,0.724648,0.338107,-1.4156,0.3724,0.548783,2.17817,2.61778,0.39442,-1.28588,-0.214263,-0.233446,0.0312337,0.0968024,-0.157481,-0.0889739,-0.0941036,-0.0322115,0.185025,-0.0506967,0.214681,-0.273204,-0.294295,0.236302,0.283431,-0.329578,0.297093,-0.147931,-0.165594,-0.3881,-0.295709,-0.0989513,0.131126,-0.0336128,-0.169164,-0.212949,-0.125322,0.024506,0.314325,-0.237345,-0.0370147,-0.0511793,-0.0340837,0.157355,0.0419434,0.228046,-0.285874,-0.288137,0.29146,0.424559,-0.33114,0.298972,1.04619,1.23007,-0.392669,-0.299425,0.0738667,-0.255493,-0.0335678,-0.169207,0.997239,0.00609434,0.0711871,0.0202545,-0.651067,-0.017953,-0.00767304,0.758769
-0.114725,-0.291819,-0.0516786,-0.0837612,-0.202379,-0.0370147,-0.0511793,0,-0.0561836,-0.0919379,0.228046,-0.285874,0,0.123875,0.332868,-0.33114,0.298972,-0.067636,0.100564,-0.392669,-0.299425,0.00693315,0.152668,-0.0335678,-0.169207,0,0,0,0,0,0,0,0,0,0,0,0,0,0,0,0,0,0,0,0,0,0,0,0,0,0,0,0,0.998842,0.0477199,-0.0477141,0.99886,0.00613008,-0.000805897,-0.0992018,0.0147445,0.340167,-0.157882,-0.177574,0.0285645,0.0981645,-0.156644,-0.0867414,-0.0944573,-0.00756324,0.176062,-0.0269992,0.0666388,-0.117492,-0.284718,0.119013,0.171245,-0.329141,0.297633,-0.0878691,-0.106998,-0.137493,-0.046131,-0.0997801,0.132763,-0.0335989,-0.169174,-0.196513,-0.198381,-0.0964806,0.093939,0.0610352,0.153245,0.0134436,1.26433,-0.414095,1.14647,0.0449845,0.342505,0.557095,0.174579,0.340152,0.0132837,0.0333431,-0.0180389,0.0252798,0.0330835,-0.0264255,-0.0495096,0.266465,0.000493752,-0.00062,-0.285743,-0.158303,0.10582,1.49008,-1.27639,-0.0966006,0.724648,0.338107,-1.4156,0.3724,0.548783,2.17817,2.61778,0.39442,-1.28588,-0.241052,-0.175842,0.0730318,1.41656,-1.32613,-0.0314149,0.673849,0.433692,-1.37172,0.39587,0.523903,2.14782,2.59472,0.359777,-1.32545,-0.217883,-0.237574,0.0285645,0.0981645,-0.156644,-0.0867414,-0.0944573,-0.00756324,0.176062,-0.0269992,0.216639,-0.267492,-0.284718,0.239013,0.291245,-0.329141,0.297633,-0.147869,-0.166998,-0.387493,-0.296131,-0.0997801,0.132763,-0.0335989,-0.169174,-0.202871,-0.139151,0.0211641,0.298017,-0.255278,-0.0370147,-0.0511793,-0.0193201,0.14493,0.0676215,0.228046,-0.285874,-0.283119,0.3062,0.394391,-0.33114,0.298972,1.02908,1.24889,-0.392669,-0.299425,0.0788839,-0.257175,-0.0335678,-0.169207,0.997152,0.00561343,0.0711932,0.0242307,-0.651067,-0.017953,-0.00767304,0.758769
-0.114725,-0.291819,-0.0516786,-0.0837612,-0.202379,-0.0370147,-0.0511793,0,-0.0561836,-0.0919379,0.228046,-0.285874,0,0.123875,0.332868,-0.33114,0.298972,-0.067636,0.100564,-0.392669,-0.299425,0.00693315,0.152668,-0.0335678,-0.169207,0,0,0,0,0,0,0,0,0,0,0,0,0,0,0,0,0,0,0,0,0,0,0,0,0,0,0,0,0.998539,0.0536985,-0.0536998,0.998557,0.00598597,0.000390212,-0.103975,-0.00690772,0.243363,-0.161573,-0.18069,0.0274741,0.100571,-0.154592,-0.0824619,-0.0934962,0.017804,0.168886,-0.00563845,0.0662755,-0.109496,-0.272144,0.123073,0.177205,-0.329086,0.298459,-0.0886807,-0.108322,-0.136661,-0.0466111,-0.100995,0.133055,-0.0335844,-0.169177,-0.172995,-0.115187,-0.0282766,0.135452,0.117474,0.261391,0.0772566,1.22161,-0.320108,1.01031,-0.0699518,0.438732,0.605036,0.223289,0.2392,-0.00656286,0.0463821,-0.0578427,-0.050932,0.0493784,-0.0228193,-0.0680569,0.0314733,0.000661722,-0.00020174,-0.241052,-0.175842,0.0730318,1.41656,-1.32613,-0.0314149,0.673849,0.433692,-1.37172,0.39587,0.523903,2.14782,2.59472,0.359777,-1.32545,-0.225209,-0.209735,0.0636707,1.33814,-1.34055,0.0403487,0.620338,0.527758,-1.31565,0.406313,0.483406,2.11742,2.5701,0.317967,-1.37048,-0.221573,-0.24069,0.0274741,0.100571,-0.154592,-0.0824619,-0.0934962,0.017804,0.168886,-0.00563845,0.216276,-0.259496,-0.272144,0.243073,0.297205,-0.329086,0.298459,-0.148681,-0.168322,-0.386661,-0.296611,-0.100995,0.133055,-0.0335844,-0.169177,-0.180526,-0.147921,0.0146064,0.283311,-0.265225,-0.0370147,-0.0511793,-0.00628299,0.13477,0.0867384,0.228046,-0.285874,-0.274344,0.317935,0.381951,-0.33114,0.298972,1.01391,1.23736,-0.392669,-0.299425,0.0719555,-0.26509,-0.0335678,-0.169207,0.997085,0.0049295,0.0711136,0.0272045,-0.651067,-0.017953,-0.00767304,0.758769
-0.114725,-0.291819,-0.0516786,-0.0837612,-0.202379,-0.0370147,-0.0511793,0,-0.0561836,-0.0919379,0.228046,-0.285874,0,0.123875,0.332868,-0.33114,0.298972,-0.067636,0.100564,-0.392669,-0.299425,0.00693315,0.152668,-0.0335678,-0.169207,0,0,0,0,0,0,0,0,0,0,0,0,0,0,0,0,0,0,0,0,0,0,0,0,0,0,0,0,0.998301,0.0579962,-0.0580046,0.998315,0.00547719,0.00168783,-0.09254,-0.0164891,0.168285,-0.164897,-0.182023,0.0274679,0.103436,-0.152014,-0.0762369,-0.0914025,0.0399683,0.163352,0.0144271,0.0636544,-0.100123,-0.259766,0.127895,0.180133,-0.329425,0.299463,-0.090157,-0.109376,-0.135529,-0.0470655,-0.102456,0.133238,-0.0335702,-0.16918,-0.162056,-0.0271173,0.023185,0.150683,0.14773,0.346734,0.127009,0.97128,-0.241816,0.942989,-0.177494,0.489452,0.563247,0.250617,0.0887127,-0.0251251,0.0521513,-0.0829392,-0.132046,0.0619763,-0.0221684,-0.0767611,-0.195281,0.000482084,-0.00040134,-0.225209,-0.209735,0.0636707,1.33814,-1.34055,0.0403487,0.620338,0.527758,-1.31565,0.406313,0.483406,2.11742,2.5701,0.317967,-1.37048,-0.204254,-0.223789,0.0510961,1.27718,-1.31982,0.0929542,0.575201,0.618889,-1.26612,0.407681,0.461941,2.07315,2.53638,0.260206,-1.41364,-0.224897,-0.242023,0.0274679,0.103436,-0.152014,-0.0762369,-0.0914025,0.0399683,0.163352,0.0144271,0.213654,-0.250123,-0.259766,0.247895,0.300133,-0.329425,0.299463,-0.150157,-0.169376,-0.385529,-0.297065,-0.102456,0.133238,-0.0335702,-0.16918,-0.172604,-0.164867,0.0127341,0.267628,-0.268109,-0.0370147,-0.0511793,0.00806974,0.124068,0.105552,0.228046,-0.285874,-0.26313,0.323157,0.361703,-0.33114,0.298972,0.998709,1.22505,-0.392669,-0.299425,0.0635934,-0.274096,-0.0335678,-0.169207,0.997046,0.00421303,0.0708626,0.0293349,-0.651067,-0.017953,-0.00767304,0.758769
-0.114725,-0.291819,-0.0516786,-0.0837612,-0.202379,-0.0370147,-0.0511793,0,-0.0561836,-0.0919379,0.228046,-0.285874,0,0.123875,0.332868,-0.33114,0.298972,-0.067636,0.100564,-0.392669,-0.299425,0.00693315,0.152668,-0.0335678,-0.169207,0,0,0,0,0,0,0,0,0,0,0,0,0,0,0,0,0,0,0,0,0,0,0,0,0,0,0,0,0.998131,0.0608973,-0.0609107,0.99814,0.0048781,0.00284276,-0.0717521,-0.0236089,0.110224,-0.167901,-0.181481,0.02818,0.106294,-0.149388,-0.0685188,-0.0884629,0.0556199,0.159201,0.0344267,0.0590188,-0.0901892,-0.249066,0.132959,0.179349,-0.330118,0.300537,-0.0919991,-0.110284,-0.134136,-0.0474476,-0.10402,0.133418,-0.0335555,-0.169184,-0.140511,0.0721944,0.0428234,0.136661,0.122589,0.412814,0.163091,0.604075,-0.183174,1.00358,-0.271892,0.499564,0.458559,0.251299,-0.127943,-0.0421088,0.0541114,-0.0958718,-0.0287422,0.0755239,-0.0158906,-0.0785118,0.0493181,0.000647445,-0.000326139,-0.204254,-0.223789,0.0510961,1.27718,-1.31982,0.0929542,0.575201,0.618889,-1.26612,0.407681,0.461941,2.07315,2.53638,0.260206,-1.41364,-0.191251,-0.218996,0.041332,1.26776,-1.27298,0.128173,0.550675,0.700857,-1.22757,0.39482,0.467057,2.04393,2.48306,0.18147,-1.42572,-0.227901,-0.241481,0.0281801,0.106294,-0.149388,-0.0685188,-0.0884629,0.0556199,0.159201,0.0344267,0.209019,-0.240189,-0.249066,0.252959,0.299349,-0.330118,0.300537,-0.151999,-0.170284,-0.384136,-0.297448,-0.10402,0.133418,-0.0335555,-0.169184,-0.162127,-0.171895,0.0102192,0.255436,-0.263964,-0.0370147,-0.0511793,0.0185908,0.11504,0.123778,0.228046,-0.285874,-0.253223,0.323841,0.350971,-0.33114,0.298972,0.976573,1.20819,-0.392669,-0.299425,0.0520411,-0.282729,-0.0335678,-0.169207,0.997026,0.00358554,0.0705715,0.0307682,-0.651067,-0.017953,-0.00767304,0.758769
-0.114725,-0.291819,-0.0516786,-0.0837612,-0.202379,-0.0370147,-0.0511793,0,-0.0561836,-0.0919379,0.228046,-0.285874,0,0.123875,0.332868,-0.33114,0.298972,-0.067636,0.100564,-0.392669,-0.299425,0.00693315,0.152668,-0.0335678,-0.169207,0,0,0,0,0,0,0,0,0,0,0,0,0,0,0,0,0,0,0,0,0,0,0,0,0,0,0,0,0.998013,0.0628558,-0.0628705,0.998016,0.0040967,0.00361912,-0.0459164,-0.040841,0.0768497,-0.170126,-0.178931,0.0291282,0.108807,-0.147138,-0.0597165,-0.0848962,0.0635865,0.156211,0.0550067,0.05279,-0.0802911,-0.241156,0.137583,0.175065,-0.331115,0.301617,-0.0938623,-0.111331,-0.132463,-0.0475983,-0.105635,0.133474,-0.0335407,-0.169188,-0.0869431,0.171973,0.0485116,0.117746,0.111007,0.457033,0.190416,0.225237,-0.12565,0.999415,-0.338538,0.489273,0.309224,0.21142,-0.262657,-0.0554671,0.0531281,-0.0873172,-0.130296,0.0893686,-0.000538689,-0.0815907,-0.176153,0.000545249,-0.000366453,-0.191251,-0.218996,0.041332,1.26776,-1.27298,0.128173,0.550675,0.700857,-1.22757,0.39482,0.467057,2.04393,2.48306,0.18147,-1.42572,-0.195775,-0.216776,0.0454619,1.26327,-1.20785,0.15116,0.530657,0.795539,-1.19937,0.37645,0.457938,2.01203,2.46496,0.136068,-1.40949,-0.230126,-0.238931,0.0291282,0.108807,-0.147138,-0.0597165,-0.0848962,0.0635865,0.156211,0.0550067,0.20279,-0.230291,-0.241156,0.257583,0.295065,-0.331115,0.301617,-0.153862,-0.171331,-0.382463,-0.297598,-0.105635,0.133474,-0.0335407,-0.169188,-0.155626,-0.169498,0.0082664,0.253553,-0.254596,-0.0370147,-0.0511793,0.0256346,0.110135,0.140171,0.228046,-0.285874,-0.245513,0.31741,0.353528,-0.33114,0.298972,0.961966,1.18153,-0.392669,-0.299425,0.036294,-0.285145,-0.0335678,-0.169207,0.997024,0.00315721,0.0701878,0.0317341,-0.651067,-0.017953,-0.00767304,0.758769
-0.114725,-0.291819,-0.0516786,-0.0837612,-0.202379,-0.0370147,-0.0511793,0,-0.0561836,-0.0919379,0.228046,-0.285874,0,0.123875,0.332868,-0.33114,0.298972,-0.067636,0.100564,-0.392669,-0.299425,0.00693315,0.152668,-0.0335678,-0.169207,0,0,0,0,0,0,0,0,0,0,0,0,0,0,0,0,0,0,0,0,0,0,0,0,0,0,0,0,0.997931,0.0642134,-0.0642254,0.997928,0.00297428,0.00395115,-0.0171201,-0.0516724,0.0489295,-0.171399,-0.174203,0.0302293,0.111018,-0.145352,-0.0495252,-0.0804938,0.0639916,0.154101,0.0782064,0.0447366,-0.0699881,-0.235995,0.141504,0.167083,-0.332455,0.302731,-0.0955085,-0.112398,-0.130412,-0.0474703,-0.107403,0.133777,-0.0335292,-0.169198,-0.0369115,0.248303,0.0487706,0.0895226,0.0693894,0.460957,0.206911,-0.14327,-0.0769384,1.03014,-0.38162,0.450144,0.14876,0.148925,-0.414523,-0.0642052,0.0481397,-0.0606081,-0.0731765,0.0943484,0.0112968,-0.0791702,-0.0517248,0.000364495,-0.000617441,-0.195775,-0.216776,0.0454619,1.26327,-1.20785,0.15116,0.530657,0.795539,-1.19937,0.37645,0.457938,2.01203,2.46496,0.136068,-1.40949,-0.185868,-0.200807,0.0433854,1.26295,-1.13077,0.156235,0.520219,0.87732,-1.18244,0.365022,0.464502,1.97196,2.44868,0.100407,-1.37065,-0.231399,-0.234203,0.0302293,0.111018,-0.145352,-0.0495252,-0.0804938,0.0639916,0.154101,0.0782064,0.194737,-0.219988,-0.235995,0.261504,0.287083,-0.332455,0.302731,-0.155508,-0.172398,-0.380412,-0.29747,-0.107403,0.133777,-0.0335292,-0.169198,-0.157888,-0.168388,0.00909237,0.252654,-0.241571,-0.0370147,-0.0511793,0.030232,0.106131,0.159108,0.228046,-0.285874,-0.239875,0.308225,0.348969,-0.33114,0.298972,0.946015,1.17248,-0.392669,-0.299425,0.0272135,-0.281898,-0.0335678,-0.169207,0.997042,0.00295353,0.0696294,0.0324039,-0.651067,-0.017953,-0.00767304,0.758769
-0.114725,-0.291819,-0.0516786,-0.0837612,-0.202379,-0.0370147,-0.0511793,0,-0.0561836,-0.0919379,0.228046,-0.285874,0,0.123875,0.332868,-0.33114,0.298972,-0.067636,0.100564,-0.392669,-0.299425,0.00693315,0.152668,-0.0335678,-0.169207,0,0,0,0,0,0,0,0,0,0,0,0,0,0,0,0,0,0,0,0,0,0,0,0,0,0,0,0,0.997893,0.064841,-0.0648485,0.997888,0.00187981,0.00384252,0.00106577,-0.0698657,0.0240941,-0.171457,-0.16919,0.0311582,0.11245,-0.144431,-0.0413706,-0.076711,0.0594936,0.153226,0.0966768,0.0377413,-0.0623135,-0.23417,0.143572,0.158782,-0.33364,0.30356,-0.096333,-0.113216,-0.1287,-0.0471285,-0.108813,0.133869,-0.0335206,-0.169207,0.0245557,0.302862,0.0537496,0.075273,0.0505871,0.443647,0.211969,-0.31693,-0.0266042,0.975617,-0.389112,0.408125,0.0658165,0.0864567,-0.470826,-0.0662572,0.0442229,-0.0316652,-0.110316,0.0944696,0.0253937,-0.077945,-0.158717,0.000398988,-0.000489901,-0.185868,-0.200807,0.0433854,1.26295,-1.13077,0.156235,0.520219,0.87732,-1.18244,0.365022,0.464502,1.97196,2.44868,0.100407,-1.37065,-0.190027,-0.193747,0.0482124,1.247,-1.06665,0.155768,0.515359,0.947549,-1.17301,0.35441,0.457331,1.92708,2.45752,0.0951275,-1.34291,-0.231457,-0.22919,0.0311582,0.11245,-0.144431,-0.0413706,-0.076711,0.0594936,0.153226,0.0966768,0.187741,-0.212314,-0.23417,0.263572,0.278782,-0.33364,0.30356,-0.156333,-0.173216,-0.3787,-0.297128,-0.108813,0.133869,-0.0335206,-0.169207,-0.152934,-0.160404,0.00867708,0.252589,-0.226154,-0.0370147,-0.0511793,0.0312471,0.104044,0.175464,0.228046,-0.285874,-0.236488,0.302511,0.352251,-0.33114,0.298972,0.925981,1.16434,-0.392669,-0.299425,0.0200813,-0.274129,-0.0335678,-0.169207,0.99707,0.00298075,0.0690801,0.0327149,-0.651067,-0.017953,-0.00767304,0.758769
-0.114725,-0.291819,-0.0516786,-0.0837612,-0.202379,-0.0370147,-0.0511793,0,-0.0561836,-0.0919379,0.228046,-0.285874,0,0.123875,0.332868,-0.33114,0.298972,-0.067636,0.100564,-0.392669,-0.299425,0.00693315,0.152668,-0.0335678,-0.169207,0,0,0,0,0,0,0,0,0,0,0,0,0,0,0,0,0,0,0,0,0,0,0,0,0,0,0,0,0.997888,0.0649564,-0.0649579,0.997882,0.000327635,0.00340036,0.0163016,-0.0861669,-0.00506906,-0.170361,-0.162769,0.0323113,0.113802,-0.143861,-0.0329772,-0.0725396,0.0521767,0.153237,0.115873,0.0300859,-0.0548177,-0.233207,0.144633,0.148561,-0.334941,0.304381,-0.0966392,-0.113954,-0.126912,-0.0465356,-0.110371,0.133801,-0.0335125,-0.169217,0.075437,0.332754,0.0587219,0.0642738,0.0201673,0.395625,0.203803,-0.385655,0.0181278,0.903156,-0.372341,0.347529,0.0324574,0.027124,-0.52329,-0.0631332,0.0382276,-0.000907597,-0.031006,0.0834904,0.0323454,-0.0791686,-0.00554187,0.000385627,-0.000502349,-0.190027,-0.193747,0.0482124,1.247,-1.06665,0.155768,0.515359,0.947549,-1.17301,0.35441,0.457331,1.92708,2.45752,0.0951275,-1.34291,-0.183702,-0.180803,0.043208,1.21994,-1.01142,0.148651,0.518721,1.01332,-1.1672,0.353603,0.45669,1.86535,2.46354,0.0975259,-1.33001,-0.230361,-0.222769,0.0323113,0.113802,-0.143861,-0.0329772,-0.0725396,0.0521767,0.153237,0.115873,0.180086,-0.204818,-0.233207,0.264633,0.268561,-0.334941,0.304381,-0.156639,-0.173954,-0.376912,-0.296536,-0.110371,0.133801,-0.0335125,-0.169217,-0.155013,-0.156874,0.00964248,0.249401,-0.213329,-0.0370147,-0.0511793,0.0311535,0.103072,0.18951,0.228046,-0.285874,-0.234602,0.297205,0.348665,-0.33114,0.298972,0.903541,1.16876,-0.392669,-0.299425,0.0190255,-0.268581,-0.0335678,-0.169207,0.997121,0.00317471,0.0682987,0.0327726,-0.651067,-0.017953,-0.00767304,0.758769
-0.114725,-0.291819,-0.0516786,-0.0837612,-0.202379,-0.0370147,-0.0511793,0,-0.0561836,-0.0919379,0.228046,-0.285874,0,0.123875,0.332868,-0.33114,0.298972,-0.067636,0.100564,-0.392669,-0.299425,0.00693315,0.152668,-0.0335678,-0.169207,0,0,0,0,0,0,0,0,0,0,0,0,0,0,0,0,0,0,0,0,0,0,0,0,0,0,0,0,0.997915,0.0645341,-0.0645301,0.997912,-0.00152393,0.00271746,0.0294091,-0.105565,-0.0260872,-0.168339,-0.155911,0.0335232,0.115068,-0.143627,-0.0257214,-0.0686895,0.0450035,0.154076,0.132914,0.0230537,-0.0486059,-0.232558,0.144718,0.138005,-0.336123,0.305083,-0.0964286,-0.11431,-0.125418,-0.0458311,-0.112012,0.134108,-0.0335033,-0.169224,0.118448,0.348968,0.0582522,0.0641968,0.0102752,0.333143,0.181442,-0.318974,0.056119,0.785224,-0.33064,0.280343,0.0302275,-0.0114123,-0.517305,-0.0552518,0.0322688,0.0201729,-0.0380314,0.0665739,0.036658,-0.0850317,-0.0364538,0.000414936,-0.000294834,-0.183702,-0.180803,0.043208,1.21994,-1.01142,0.148651,0.518721,1.01332,-1.1672,0.353603,0.45669,1.86535,2.46354,0.0975259,-1.33001,-0.186107,-0.17589,0.0399943,1.17536,-0.969576,0.13846,0.521637,1.08198,-1.16179,0.351611,0.443222,1.78543,2.48279,0.110291,-1.34628,-0.228339,-0.215911,0.0335232,0.115068,-0.143627,-0.0257214,-0.0686895,0.0450035,0.154076,0.132914,0.173054,-0.198606,-0.232558,0.264718,0.258005,-0.336123,0.305083,-0.156429,-0.17431,-0.375418,-0.295831,-0.112012,0.134108,-0.0335033,-0.169224,-0.151851,-0.150402,0.0086416,0.243989,-0.202285,-0.0370147,-0.0511793,0.0297303,0.103744,0.202664,0.228046,-0.285874,-0.233439,0.296802,0.348345,-0.33114,0.298972,0.872676,1.17177,-0.392669,-0.299425,0.0195052,-0.266002,-0.0335678,-0.169207,0.997191,0.00349257,0.0673657,0.0325641,-0.651067,-0.017953,-0.00767304,0.758769
-0.114725,-0.291819,-0.0516786,-0.0837612,-0.202379,-0.0370147,-0.0511793,0,-0.0561836,-0.0919379,0.228046,-0.285874,0,0.123875,0.332868,-0.33114,0.298972,-0.067636,0.100564,-0.392669,-0.299425,0.00693315,0.152668,-0.0335678,-0.169207,0,0,0,0,0,0,0,0,0,0,0,0,0,0,0,0,0,0,0,0,0,0,0,0,0,0,0,0,0.99797,0.0635847,-0.0635775,0.997975,-0.00365342,0.00189324,0.0371708,-0.114759,-0.0525781,-0.165784,-0.149013,0.0347028,0.116412,-0.143442,-0.0198779,-0.0654635,0.0398069,0.155578,0.147647,0.0170486,-0.0438244,-0.231726,0.144338,0.127812,-0.337103,0.305651,-0.0959042,-0.115059,-0.124338,-0.0451448,-0.113776,0.133201,-0.0334946,-0.169227,0.128327,0.335999,0.0530357,0.0671284,-0.00297078,0.255958,0.14252,-0.204304,0.0824773,0.708698,-0.273947,0.203514,0.047144,-0.0198751,-0.514024,-0.0439944,0.0248012,0.0304936,0.0299716,0.0435653,0.0308904,-0.0903263,0.11558,0.000474331,-0.000106088,-0.186107,-0.17589,0.0399943,1.17536,-0.969576,0.13846,0.521637,1.08198,-1.16179,0.351611,0.443222,1.78543,2.48279,0.110291,-1.34628,-0.181692,-0.165638,0.0342223,1.12971,-0.944234,0.125915,0.527497,1.13704,-1.15339,0.349213,0.436341,1.69718,2.49146,0.115006,-1.37956,-0.225784,-0.209013,0.0347028,0.116412,-0.143442,-0.0198779,-0.0654635,0.0398069,0.155578,0.147647,0.167049,-0.193824,-0.231726,0.264338,0.247812,-0.337103,0.30565,-0.155904,-0.175059,-0.374338,-0.295145,-0.113776,0.133201,-0.0334946,-0.169227,-0.153053,-0.147945,0.00799887,0.235071,-0.193915,-0.0370147,-0.0511793,0.027692,0.104327,0.216397,0.228046,-0.285874,-0.232359,0.295806,0.341611,-0.33114,0.298972,0.832716,1.1814,-0.392669,-0.299425,0.0220581,-0.269255,-0.0335678,-0.169207,0.997276,0.00388568,0.0662939,0.0320936,-0.651067,-0.017953,-0.00767304,0.758769
-0.114725,-0.291819,-0.0516786,-0.0837612,-0.202379,-0.0370147,-0.0511793,0,-0.0561836,-0.0919379,0.228046,-0.285874,0,0.123875,0.332868,-0.33114,0.298972,-0.067636,0.100564,-0.392669,-0.299425,0.00693315,0.152668,-0.0335678,-0.169207,0,0,0,0,0,0,0,0,0,0,0,0,0,0,0,0,0,0,0,0,0,0,0,0,0,0,0,0,0.998046,0.0622184,-0.0622118,0.998062,-0.00590595,0.000945525,0.0441037,-0.122123,-0.0680641,-0.163182,-0.142404,0.0356296,0.117858,-0.143287,-0.015614,-0.0630999,0.0370937,0.157455,0.160807,0.0123177,-0.0405881,-0.230247,0.143982,0.118108,-0.337845,0.306061,-0.0952479,-0.115941,-0.123708,-0.0445992,-0.115669,0.132109,-0.0334865,-0.169227,0.127584,0.323395,0.0364372,0.0758627,0.0139949,0.176942,0.0975175,-0.0793839,0.0976108,0.609555,-0.204676,0.127691,0.0870383,-0.0133294,-0.460993,-0.0315218,0.0167053,0.035052,-0.0894884,0.0220951,0.0236167,-0.0982838,-0.151347,0.00030379,7.00232e-06,-0.181692,-0.165638,0.0342223,1.12971,-0.944234,0.125915,0.527497,1.13704,-1.15339,0.349213,0.436341,1.69718,2.49146,0.115006,-1.37956,-0.185776,-0.162961,0.0355006,1.0828,-0.931251,0.113044,0.524079,1.19179,-1.14184,0.338441,0.416972,1.60524,2.51803,0.128012,-1.43365,-0.223182,-0.202404,0.0356296,0.117858,-0.143287,-0.015614,-0.0630999,0.0370937,0.157455,0.160807,0.162318,-0.190588,-0.230247,0.263982,0.238108,-0.337845,0.306061,-0.155248,-0.175941,-0.373708,-0.294599,-0.115669,0.132109,-0.0334865,-0.169227,-0.150846,-0.142819,0.00684446,0.225942,-0.188847,-0.0370147,-0.0511793,0.025183,0.105499,0.227407,0.228046,-0.285874,-0.230679,0.294606,0.338171,-0.33114,0.298972,0.78859,1.18573,-0.392669,-0.299425,0.0230012,-0.275912,-0.0335678,-0.169207,0.997371,0.00434668,0.0651604,0.0314169,-0.651067,-0.017953,-0.00767304,0.758769
-0.114725,-0.291819,-0.0516786,-0.0837612,-0.202379,-0.0370147,-0.0511793,0,-0.0561836,-0.0919379,0.228046,-0.285874,0,0.123875,0.332868,-0.33114,0.298972,-0.067636,0.100564,-0.392669,-0.299425,0.00693315,0.152668,-0.0335678,-0.169207,0,0,0,0,0,0,0,0,0,0,0,0,0,0,0,0,0,0,0,0,0,0,0,0,0,0,0,0,0.998128,0.0606134,-0.0606123,0.998161,-0.00817119,-0.000123661,0.053619,-0.116874,-0.0734534,-0.160884,-0.136243,0.0360671,0.11936,-0.143197,-0.0130021,-0.0616811,0.0362314,0.159402,0.173017,0.00897855,-0.0389293,-0.227816,0.143882,0.108809,-0.338341,0.30629,-0.0945177,-0.116873,-0.123493,-0.0442803,-0.117676,0.131262,-0.0334821,-0.169227,0.100888,0.294743,0.00712372,0.0752569,0.00192853,0.0916754,0.0495619,-0.0206221,0.0924092,0.59374,-0.1349,0.0479783,0.133191,0.00206444,-0.459023,-0.0194355,0.00708072,0.0394371,-0.0440385,0.00183141,0.009879,-0.102601,-0.026231,0.000101418,-3.35799e-06,-0.185776,-0.162961,0.0355006,1.0828,-0.931251,0.113044,0.524079,1.19179,-1.14184,0.338441,0.416972,1.60524,2.51803,0.128012,-1.43365,-0.177127,-0.149437,0.0279252,1.04787,-0.916879,0.102162,0.529536,1.23242,-1.12546,0.332334,0.413212,1.51313,2.52423,0.12505,-1.47581,-0.220884,-0.196243,0.0360671,0.11936,-0.143197,-0.0130021,-0.0616811,0.0362314,0.159402,0.173017,0.158979,-0.188929,-0.227816,0.263882,0.228809,-0.338341,0.30629,-0.154518,-0.176873,-0.373493,-0.29428,-0.117676,0.131262,-0.0334821,-0.169227,-0.152888,-0.141481,0.00710012,0.216561,-0.18625,-0.0370147,-0.0511793,0.0226088,0.104816,0.238358,0.228046,-0.285874,-0.228369,0.28922,0.328486,-0.33114,0.298972,0.742622,1.19901,-0.392669,-0.299425,0.0256024,-0.286729,-0.0335678,-0.169207,0.997467,0.0048739,0.0640202,0.0306241,-0.651067,-0.017953,-0.00767304,0.758769
-0.114725,-0.291819,-0.0516786,-0.0837612,-0.202379,-0.0370147,-0.0511793,0,-0.0561836,-0.0919379,0.228046,-0.285874,0,0.123875,0.332868,-0.33114,0.298972,-0.067636,0.100564,-0.392669,-0.299425,0.00693315,0.152668,-0.0335678,-0.169207,0,0,0,0,0,0,0,0,0,0,0,0,0,0,0,0,0,0,0,0,0,0,0,0,0,0,0,0,0.998206,0.058954,-0.0589647,0.99826,-0.0103467,-0.00133533,0.0615829,-0.118281,-0.0723523,-0.15899,-0.13048,0.0358289,0.120874,-0.143145,-0.0119744,-0.0611628,0.036206,0.161226,0.184512,0.00705924,-0.0387651,-0.224365,0.144046,0.0998806,-0.338605,0.306345,-0.093704,-0.11835,-0.123606,-0.0441604,-0.119804,0.129662,-0.0334795,-0.169224,0.0882791,0.281755,-0.0305865,0.0752802,8.7912e-05,0.018688,0.00761397,0.0108931,0.0862343,0.55438,-0.0642715,-0.0230865,0.183477,0.0142122,-0.435832,-0.00851938,-0.000914382,0.0424685,-0.0827407,-0.0109345,0.00286195,-0.10937,-0.0803005,4.3836e-05,0.000140858,-0.177127,-0.149437,0.0279252,1.04787,-0.916879,0.102162,0.529536,1.23242,-1.12546,0.332334,0.413212,1.51313,2.52423,0.12505,-1.47581,-0.181249,-0.140693,0.0258009,1.01956,-0.899281,0.0951191,0.534805,1.27374,-1.10657,0.318367,0.402696,1.43241,2.53669,0.12273,-1.51089,-0.21899,-0.19048,0.0358289,0.120874,-0.143145,-0.0119744,-0.0611628,0.036206,0.161226,0.184512,0.157059,-0.188765,-0.224365,0.264046,0.219881,-0.338605,0.306345,-0.153704,-0.17835,-0.373606,-0.29416,-0.119804,0.129662,-0.0334795,-0.169224,-0.148564,-0.134718,0.00558505,0.209575,-0.183376,-0.0370147,-0.0511793,0.0204324,0.105907,0.246483,0.228046,-0.285874,-0.225091,0.286167,0.326606,-0.33114,0.298972,0.696567,1.20211,-0.392669,-0.299425,0.0250099,-0.295161,-0.0335678,-0.169207,0.997558,0.00547638,0.0629234,0.0298083,-0.651067,-0.017953,-0.00767304,0.758769
-0.114725,-0.291819,-0.0516786,-0.0837612,-0.202379,-0.0370147,-0.0511793,0,-0.0561836,-0.0919379,0.228046,-0.285874,0,0.123875,0.332868,-0.33114,0.298972,-0.067636,0.100564,-0.392669,-0.299425,0.00693315,0.152668,-0.0335678,-0.169207,0,0,0,0,0,0,0,0,0,0,0,0,0,0,0,0,0,0,0,0,0,0,0,0,0,0,0,0,0.998334,0.0563024,-0.0563245,0.998412,-0.0125306,-0.00210724,0.0148117,-0.111555,-0.176868,-0.156603,-0.126142,0.0361601,0.123339,-0.14196,-0.012392,-0.061352,0.036254,0.164271,0.191035,0.00647438,-0.0397242,-0.220712,0.143296,0.0932167,-0.338554,0.306304,-0.092234,-0.11883,-0.123918,-0.0439735,-0.122197,0.130486,-0.0335019,-0.169237,0.147128,0.156482,0.0501121,0.168716,0.119082,-0.0539007,-0.0207497,-0.00906343,0.198878,0.238003,-0.00299029,-0.0665118,0.15346,-0.0922817,-0.248897,0.0113312,-0.0025781,0.107477,0.0339232,-0.0195153,0.0147415,-0.128082,0.0857309,-0.00163646,-0.00113245,-0.181249,-0.140693,0.0258009,1.01956,-0.899281,0.0951191,0.534805,1.27374,-1.10657,0.318367,0.402696,1.43241,2.53669,0.12273,-1.51089,-0.192282,-0.120985,0.0338619,0.886301,-0.978766,0.0853011,0.553118,1.30475,-1.07962,0.351052,0.370896,1.38199,2.58777,0.174364,-1.59598,-0.216603,-0.186142,0.0361601,0.123339,-0.14196,-0.012392,-0.061352,0.036254,0.164271,0.191035,0.156474,-0.189724,-0.220712,0.263296,0.213217,-0.338554,0.306304,-0.152234,-0.17883,-0.373918,-0.293974,-0.122197,0.130486,-0.0335019,-0.169237,-0.150624,-0.130347,0.00516017,0.203911,-0.179856,-0.0370147,-0.0511793,0.0190238,0.106961,0.254747,0.228046,-0.285874,-0.221315,0.279183,0.321348,-0.33114,0.298972,0.656206,1.20834,-0.392669,-0.299425,0.024546,-0.302177,-0.0335678,-0.169207,0.997662,0.00587954,0.0618339,0.0284894,-0.651067,-0.017953,-0.00767304,0.758769
-0.114725,-0.291819,-0.0516786,-0.0837612,-0.202379,-0.0370147,-0.0511793,0,-0.0561836,-0.0919379,0.228046,-0.285874,0,0.123875,0.332868,-0.33114,0.298972,-0.067636,0.100564,-0.392669,-0.299425,0.00693315,0.152668,-0.0335678,-0.169207,0,0,0,0,0,0,0,0,0,0,0,0,0,0,0,0,0,0,0,0,0,0,0,0,0,0,0,0,0.998523,0.0523022,-0.0523132,0.998631,-0.0146657,-0.0011354,-0.0778858,-0.0996787,-0.209644,-0.153331,-0.123959,0.0373164,0.127935,-0.137933,-0.0142404,-0.061851,0.0354218,0.168429,0.195143,0.00693253,-0.0415133,-0.21713,0.140429,0.0895391,-0.338171,0.306239,-0.0893276,-0.116627,-0.124448,-0.0436196,-0.124836,0.130943,-0.0335322,-0.16926,0.16801,0.0829887,0.0482178,0.276325,0.264865,-0.121547,-0.0273041,-0.0705187,0.198263,0.184992,0.0441692,-0.108213,0.18978,-0.173948,-0.14437,0.0233322,-0.00452404,0.169016,0.153838,-0.0338487,0.0169969,-0.13722,-0.0678324,-0.000876658,-0.000705126,-0.192282,-0.120985,0.0338619,0.886301,-0.978766,0.0853011,0.553118,1.30475,-1.07962,0.351052,0.370896,1.38199,2.58777,0.174364,-1.59598,-0.194941,-0.125459,0.0544261,0.791572,-1.14252,0.0573592,0.555231,1.30769,-1.04038,0.350864,0.332603,1.34178,2.56728,0.218661,-1.72507,-0.213331,-0.183959,0.0373164,0.127935,-0.137933,-0.0142404,-0.061851,0.0354218,0.168429,0.195143,0.156933,-0.191513,-0.21713,0.260429,0.209539,-0.338171,0.306239,-0.149328,-0.176627,-0.374448,-0.29362,-0.124836,0.130943,-0.0335322,-0.16926,-0.156141,-0.120493,0.00677238,0.17726,-0.195753,-0.0370147,-0.0511793,0.0170602,0.110624,0.26095,0.228046,-0.285874,-0.215924,0.295526,0.305448,-0.33114,0.298972,0.630995,1.23389,-0.392669,-0.299425,0.0348728,-0.319197,-0.0335678,-0.169207,0.997784,0.0054414,0.0607989,0.0264637,-0.651067,-0.017953,-0.00767304,0.758769
-0.114725,-0.291819,-0.0516786,-0.0837612,-0.202379,-0.0370147,-0.0511793,0,-0.0561836,-0.0919379,0.228046,-0.285874,0,0.123875,0.332868,-0.33114,0.298972,-0.067636,0.100564,-0.392669,-0.299425,0.00693315,0.152668,-0.0335678,-0.169207,0,0,0,0,0,0,0,0,0,0,0,0,0,0,0,0,0,0,0,0,0,0,0,0,0,0,0,0,0.998663,0.0489543,-0.0489248,0.9988,-0.0166671,0.00136875,-0.136229,-0.0812246,-0.149834,-0.150274,-0.122203,0.037402,0.13397,-0.131955,-0.0172574,-0.062388,0.0321968,0.171515,0.197918,0.00818192,-0.0443051,-0.210548,0.13662,0.0863678,-0.337706,0.306057,-0.0856764,-0.112841,-0.125306,-0.043488,-0.127623,0.128335,-0.0335356,-0.169261,0.134158,0.097691,-0.0362952,0.315441,0.316022,-0.17346,-0.0266749,-0.235714,0.113213,0.0975883,0.0755688,-0.165797,0.409043,-0.195589,-0.181735,0.0221394,-0.0131873,0.188929,0.21351,-0.0492456,-0.00175416,-0.141346,-0.161763,0.000162103,0.000331675,-0.194941,-0.125459,0.0544261,0.791572,-1.14252,0.0573592,0.555231,1.30769,-1.04038,0.350864,0.332603,1.34178,2.56728,0.218661,-1.72507,-0.191646,-0.128688,0.0590933,0.758777,-1.27973,0.0106786,0.555172,1.30829,-1.00041,0.337173,0.316179,1.28025,2.49622,0.227696,-1.81803,-0.210274,-0.182203,0.037402,0.133969,-0.131955,-0.0172574,-0.062388,0.0321968,0.171515,0.197918,0.158182,-0.194305,-0.210548,0.25662,0.206368,-0.337706,0.306057,-0.145676,-0.172841,-0.375306,-0.293488,-0.127623,0.128335,-0.0335356,-0.169261,-0.157471,-0.12273,0.0108852,0.158314,-0.228504,-0.0370147,-0.0511793,0.0114718,0.111046,0.261538,0.228046,-0.285874,-0.208077,0.295432,0.286301,-0.33114,0.298972,0.610892,1.22364,-0.392669,-0.299425,0.0437322,-0.345013,-0.0335678,-0.169207,0.997892,0.00423084,0.0598449,0.024734,-0.651067,-0.017953,-0.00767304,0.758769
-0.114725,-0.291819,-0.0516786,-0.0837612,-0.202379,-0.0370147,-0.0511793,0,-0.0561836,-0.0919379,0.228046,-0.285874,0,0.123875,0.332868,-0.33114,0.298972,-0.067636,0.100564,-0.392669,-0.299425,0.00693315,0.152668,-0.0335678,-0.169207,0,0,0,0,0,0,0,0,0,0,0,0,0,0,0,0,0,0,0,0,0,0,0,0,0,0,0,0,0.998724,0.0471334,-0.0470443,0.998879,-0.0183378,0.00445551,-0.156119,-0.0607608,-0.0778361,-0.14804,-0.119908,0.0356518,0.140228,-0.125687,-0.0211126,-0.062915,0.0246922,0.17284,0.198879,0.00985159,-0.0482955,-0.200061,0.1326,0.0819366,-0.337303,0.305693,-0.0818022,-0.108205,-0.126377,-0.0436774,-0.130426,0.124939,-0.0335306,-0.169249,0.0929257,0.126946,-0.12475,0.307759,0.307343,-0.207667,-0.0259828,-0.477998,0.0316346,0.0125492,0.0878116,-0.225804,0.545989,-0.20303,-0.253573,0.0183033,-0.0221278,0.197293,0.245396,-0.0554003,-0.0133914,-0.138045,-0.169639,0.000149321,0.000572471,-0.191646,-0.128688,0.0590933,0.758777,-1.27973,0.0106786,0.555172,1.30829,-1.00041,0.337173,0.316179,1.28025,2.49622,0.227696,-1.81803,-0.195889,-0.127285,0.0463889,0.759474,-1.35936,-0.0500186,0.560719,1.29879,-0.956545,0.311478,0.309,1.22008,2.40176,0.219379,-1.85189,-0.20804,-0.179908,0.0356518,0.140228,-0.125687,-0.0211126,-0.062915,0.0246922,0.17284,0.198879,0.159852,-0.198295,-0.200061,0.2526,0.201937,-0.337303,0.305693,-0.141802,-0.168205,-0.376377,-0.293677,-0.130426,0.124939,-0.0335306,-0.169249,-0.155823,-0.124344,0.0118187,0.151755,-0.255947,-0.0370147,-0.0511793,0.00213572,0.111034,0.261658,0.228046,-0.285874,-0.200083,0.288586,0.278089,-0.33114,0.298972,0.580127,1.18811,-0.392669,-0.299425,0.0455392,-0.363606,-0.0335678,-0.169207,0.997968,0.00270551,0.0590543,0.0237554,-0.651067,-0.017953,-0.00767304,0.758769
-0.114725,-0.291819,-0.0516786,-0.0837612,-0.202379,-0.0370147,-0.0511793,0,-0.0561836,-0.0919379,0.228046,-0.285874,0,0.123875,0.332868,-0.33114,0.298972,-0.067636,0.100564,-0.392669,-0.299425,0.00693315,0.152668,-0.0335678,-0.169207,0,0,0,0,0,0,0,0,0,0,0,0,0,0,0,0,0,0,0,0,0,0,0,0,0,0,0,0,0.998727,0.046636,-0.0464806,0.998883,-0.0195966,0.00754583,-0.152475,-0.0388814,-0.0182493,-0.146559,-0.117195,0.0322182,0.146029,-0.1199,-0.0254316,-0.0634777,0.0118832,0.172741,0.198358,0.0116262,-0.0533641,-0.188698,0.128314,0.0762183,-0.336962,0.305176,-0.077691,-0.10312,-0.12751,-0.0439626,-0.13308,0.121736,-0.0335262,-0.169234,0.0601548,0.139192,-0.20348,0.27441,0.273664,-0.222126,-0.0295275,-0.749116,-0.0289516,-0.0500072,0.0879957,-0.273635,0.515894,-0.223114,-0.308228,0.0157748,-0.0285591,0.212784,0.261088,-0.055984,-0.0131887,-0.12736,-0.150768,9.11339e-05,0.000623005,-0.195889,-0.127285,0.0463889,0.759474,-1.35936,-0.0500186,0.560719,1.29879,-0.956545,0.311478,0.309,1.22008,2.40176,0.219379,-1.85189,-0.202572,-0.11828,0.0224388,0.767906,-1.38792,-0.121319,0.576036,1.28015,-0.910325,0.283732,0.311474,1.18327,2.30223,0.215581,-1.8314,-0.206559,-0.177195,0.0322182,0.146029,-0.1199,-0.0254316,-0.0634777,0.0118832,0.172741,0.198358,0.161626,-0.203364,-0.188698,0.248314,0.196218,-0.336962,0.305176,-0.137691,-0.16312,-0.37751,-0.293963,-0.13308,0.121736,-0.0335262,-0.169234,-0.157944,-0.123643,0.00927778,0.151895,-0.271872,-0.0370147,-0.0511793,-0.0100037,0.112144,0.259757,0.228046,-0.285874,-0.191309,0.275739,0.2745,-0.33114,0.298972,0.550039,1.14088,-0.392669,-0.299425,0.0438758,-0.370377,-0.0335678,-0.169207,0.998014,0.00115744,0.0584638,0.0234384,-0.651067,-0.017953,-0.00767304,0.758769
-0.114725,-0.291819,-0.0516786,-0.0837612,-0.202379,-0.0370147,-0.0511793,0,-0.0561836,-0.0919379,0.228046,-0.285874,0,0.123875,0.332868,-0.33114,0.298972,-0.067636,0.100564,-0.392669,-0.299425,0.00693315,0.152668,-0.0335678,-0.169207,0,0,0,0,0,0,0,0,0,0,0,0,0,0,0,0,0,0,0,0,0,0,0,0,0,0,0,0,0.998689,0.0471401,-0.0469225,0.998835,-0.0204347,0.0103033,-0.133699,-0.0215575,0.0274618,-0.14553,-0.114439,0.0272856,0.150984,-0.114921,-0.0298027,-0.0641595,-0.00597399,0.171676,0.196841,0.0133371,-0.0591778,-0.178846,0.123426,0.0698,-0.336663,0.304566,-0.0731608,-0.0979127,-0.1286,-0.0441442,-0.135467,0.118994,-0.0335212,-0.169218,0.0473065,0.133433,-0.274568,0.226016,0.229338,-0.215536,-0.0367833,-0.973469,-0.0664068,-0.0892015,0.0825635,-0.301813,0.42358,-0.261469,-0.325658,0.0138464,-0.0319205,0.237709,0.259401,-0.0514883,-0.00500981,-0.112116,-0.126944,0.000117103,0.00063046,-0.202572,-0.11828,0.0224388,0.767906,-1.38792,-0.121319,0.576036,1.28015,-0.910325,0.283732,0.311474,1.18327,2.30223,0.215581,-1.8314,-0.211171,-0.103354,-0.00185744,0.780443,-1.3755,-0.192988,0.601029,1.25299,-0.871069,0.262942,0.318382,1.16357,2.216,0.224255,-1.77348,-0.20553,-0.174439,0.0272856,0.150984,-0.114921,-0.0298027,-0.0641595,-0.00597399,0.171676,0.196841,0.163337,-0.209178,-0.178846,0.243426,0.1898,-0.336663,0.304566,-0.133161,-0.157913,-0.3786,-0.294144,-0.135467,0.118994,-0.0335212,-0.169218,-0.161286,-0.11914,0.00448776,0.153581,-0.277583,-0.0370147,-0.0511793,-0.0242637,0.115207,0.25603,0.228046,-0.285874,-0.182065,0.261866,0.275737,-0.33114,0.298972,0.531637,1.09112,-0.392669,-0.299425,0.0431161,-0.36628,-0.0335678,-0.169207,0.998032,-0.000239967,0.0580773,0.0236297,-0.651067,-0.017953,-0.00767304,0.758769
-0.114725,-0.291819,-0.0516786,-0.0837612,-0.202379,-0.0370147,-0.0511793,0,-0.0561836,-0.0919379,0.228046,-0.285874,0,0.123875,0.332868,-0.33114,0.298972,-0.067636,0.100564,-0.392669,-0.299425,0.00693315,0.152668,-0.0335678,-0.169207,0,0,0,0,0,0,0,0,0,0,0,0,0,0,0,0,0,0,0,0,0,0,0,0,0,0,0,0,0.998623,0.0483449,-0.048075,0.998752,-0.0209944,0.0125411,-0.108633,-0.0149683,0.0594698,-0.144544,-0.11192,0.0210696,0.154936,-0.110828,-0.0338869,-0.0649555,-0.0269649,0.170093,0.194749,0.0149236,-0.0653086,-0.171169,0.11772,0.0634646,-0.336407,0.303917,-0.0681189,-0.0929193,-0.129545,-0.0441277,-0.137525,0.116698,-0.0335179,-0.169205,0.0538254,0.117615,-0.332516,0.17567,0.18585,-0.195762,-0.0404154,-1.06648,-0.0832369,-0.109847,0.0760668,-0.307628,0.316292,-0.302976,-0.304305,0.0114187,-0.0327759,0.262631,0.241136,-0.0422373,0.00547133,-0.0954568,-0.106299,-1.82616e-05,0.000414404,-0.211171,-0.103354,-0.00185744,0.780443,-1.3755,-0.192988,0.601029,1.25299,-0.871069,0.262942,0.318382,1.16357,2.216,0.224255,-1.77348,-0.220906,-0.0868941,-0.0234956,0.790982,-1.34124,-0.258137,0.63647,1.21879,-0.840235,0.246856,0.326745,1.14833,2.14971,0.243097,-1.70134,-0.204544,-0.17192,0.0210696,0.154936,-0.110828,-0.0338869,-0.0649555,-0.0269649,0.170093,0.194749,0.164924,-0.215309,-0.171169,0.23772,0.183465,-0.336407,0.303917,-0.128119,-0.152919,-0.379545,-0.294128,-0.137525,0.116698,-0.0335179,-0.169205,-0.165586,-0.111677,-0.000371489,0.156089,-0.2751,-0.0370147,-0.0511793,-0.0385975,0.120206,0.250598,0.228046,-0.285874,-0.174214,0.251471,0.279191,-0.33114,0.298972,0.521783,1.048,-0.392669,-0.299425,0.044851,-0.354696,-0.0335678,-0.169207,0.998033,-0.00138932,0.0578238,0.0241828,-0.651067,-0.017953,-0.00767304,0.758769
-0.114725,-0.291819,-0.0516786,-0.0837612,-0.202379,-0.0370147,-0.0511793,0,-0.0561836,-0.0919379,0.228046,-0.285874,0,0.123875,0.332868,-0.33114,0.298972,-0.067636,0.100564,-0.392669,-0.299425,0.00693315,0.152668,-0.0335678,-0.169207,0,0,0,0,0,0,0,0,0,0,0,0,0,0,0,0,0,0,0,0,0,0,0,0,0,0,0,0,0.998535,0.0499579,-0.0496459,0.99865,-0.0215134,0.0142146,-0.082951,-0.0210674,0.076504,-0.143254,-0.109776,0.0139219,0.157946,-0.107534,-0.03751,-0.0657317,-0.0478719,0.168405,0.192447,0.0163839,-0.0713217,-0.165627,0.111277,0.0579209,-0.336205,0.303274,-0.0626465,-0.0884421,-0.13027,-0.0439144,-0.139253,0.11477,-0.0335187,-0.169197,0.0747991,0.0973689,-0.370263,0.13153,0.148972,-0.170637,-0.0354268,-0.984033,-0.0799276,-0.113296,0.0700178,-0.292535,0.222414,-0.334585,-0.25119,0.00864093,-0.0316199,0.281462,0.209471,-0.0304292,0.0143895,-0.0783249,-0.0899096,-0.000198259,0.000153058,-0.220906,-0.0868941,-0.0234956,0.790982,-1.34124,-0.258137,0.63647,1.21879,-0.840235,0.246856,0.326745,1.14833,2.14971,0.243097,-1.70134,-0.230936,-0.0709912,-0.0414897,0.797811,-1.29945,-0.315101,0.680875,1.18031,-0.815605,0.231171,0.334214,1.12748,2.09581,0.266758,-1.63357,-0.203254,-0.169776,0.0139219,0.157946,-0.107534,-0.03751,-0.0657318,-0.0478719,0.168405,0.192447,0.166384,-0.221322,-0.165627,0.231277,0.177921,-0.336205,0.303274,-0.122647,-0.148442,-0.38027,-0.293914,-0.139253,0.11477,-0.0335187,-0.169197,-0.170453,-0.103447,-0.00469912,0.158196,-0.268248,-0.0370147,-0.0511793,-0.0516274,0.127294,0.243758,0.228046,-0.285874,-0.168047,0.243428,0.283372,-0.33114,0.298972,0.514166,1.01485,-0.392669,-0.299425,0.0486194,-0.340269,-0.0335678,-0.169207,0.998026,-0.00226514,0.0575848,0.0249515,-0.651067,-0.017953,-0.00767304,0.758769
-0.114725,-0.291819,-0.0516786,-0.0837612,-0.202379,-0.0370147,-0.0511793,0,-0.0561836,-0.0919379,0.228046,-0.285874,0,0.123875,0.332868,-0.33114,0.298972,-0.067636,0.100564,-0.392669,-0.299425,0.00693315,0.152668,-0.0335678,-0.169207,0,0,0,0,0,0,0,0,0,0,0,0,0,0,0,0,0,0,0,0,0,0,0,0,0,0,0,0,0.998434,0.0516817,-0.0513341,0.998546,-0.0222309,0.0153568,-0.0599425,-0.0379849,0.0776564,-0.14141,-0.108052,0.00629737,0.160182,-0.104879,-0.0406171,-0.0662856,-0.0653535,0.166996,0.190259,0.0177283,-0.0768375,-0.161603,0.104332,0.0536883,-0.336057,0.302673,-0.0569016,-0.0847061,-0.130763,-0.0435585,-0.140674,0.113123,-0.0335234,-0.169195,0.107286,0.0758276,-0.383298,0.097854,0.121532,-0.144583,-0.01924,-0.751745,-0.0594043,-0.101037,0.0646042,-0.260186,0.167928,-0.354671,-0.176636,0.00626839,-0.0286752,0.289885,0.168164,-0.019709,0.0199613,-0.0663948,-0.0774464,-0.000386878,-0.000115654,-0.230936,-0.0709912,-0.0414897,0.797811,-1.29945,-0.315101,0.680875,1.18031,-0.815605,0.231171,0.334214,1.12748,2.09581,0.266758,-1.63357,-0.240379,-0.0566258,-0.0564679,0.801741,-1.26042,-0.360506,0.730335,1.13973,-0.794536,0.213822,0.338602,1.09501,2.04525,0.289275,-1.57833,-0.20141,-0.168052,0.00629737,0.160182,-0.104879,-0.0406171,-0.0662856,-0.0653535,0.166996,0.190259,0.167728,-0.226837,-0.161603,0.224332,0.173688,-0.336057,0.302673,-0.116902,-0.144706,-0.380763,-0.293558,-0.140674,0.113123,-0.0335234,-0.169195,-0.175468,-0.0954956,-0.00829794,0.159562,-0.259891,-0.0370147,-0.0511793,-0.0630202,0.136175,0.236062,0.228046,-0.285874,-0.163121,0.235586,0.287107,-0.33114,0.298972,0.503739,0.987906,-0.392669,-0.299425,0.0533515,-0.326714,-0.0335678,-0.169207,0.998023,-0.00288091,0.0572411,0.0257849,-0.651067,-0.017953,-0.00767304,0.758769
-0.114725,-0.291819,-0.0516786,-0.0837612,-0.202379,-0.0370147,-0.0511793,0,-0.0561836,-0.0919379,0.228046,-0.285874,0,0.123875,0.332868,-0.33114,0.298972,-0.067636,0.100564,-0.392669,-0.299425,0.00693315,0.152668,-0.0335678,-0.169207,0,0,0,0,0,0,0,0,0,0,0,0,0,0,0,0,0,0,0,0,0,0,0,0,0,0,0,0,0.998329,0.0532522,-0.0528703,0.998452,-0.0233299,0.0160623,-0.0417814,-0.0618237,0.0675266,-0.138824,-0.106731,-0.00134136,0.161863,-0.10267,-0.0432116,-0.0663886,-0.0771178,0.166128,0.188428,0.0189654,-0.0815557,-0.158187,0.0970848,0.0510503,-0.335948,0.302147,-0.0510894,-0.0818411,-0.131071,-0.0431226,-0.141921,0.111678,-0.0335312,-0.169198,0.146539,0.0568576,-0.375491,0.0749428,0.103572,-0.119449,0.00818469,-0.438828,-0.0288175,-0.0806274,0.0592935,-0.21461,0.157669,-0.36588,-0.0941395,0.00475407,-0.0242442,0.290089,0.123963,-0.0119559,0.0228691,-0.0596141,-0.0703733,-0.000513857,-0.0003073,-0.240379,-0.0566258,-0.0564679,0.801741,-1.26042,-0.360506,0.730335,1.13973,-0.794536,0.213822,0.338602,1.09501,2.04525,0.289275,-1.57833,-0.250061,-0.046721,-0.0680698,0.80504,-1.23096,-0.387665,0.775731,1.1023,-0.776984,0.195171,0.338819,1.04852,1.99165,0.307654,-1.53668,-0.198824,-0.166731,-0.00134136,0.161863,-0.10267,-0.0432116,-0.0663886,-0.0771178,0.166128,0.188428,0.168965,-0.231556,-0.158187,0.217085,0.17105,-0.335948,0.302147,-0.111089,-0.141841,-0.381071,-0.293123,-0.141921,0.111678,-0.0335312,-0.169198,-0.180189,-0.0883129,-0.0112936,0.160348,-0.252084,-0.0370147,-0.0511793,-0.0721012,0.146067,0.227946,0.228046,-0.285874,-0.158907,0.226911,0.289301,-0.33114,0.298972,0.487507,0.962623,-0.392669,-0.299425,0.057855,-0.315665,-0.0335678,-0.169207,0.998033,-0.00328092,0.0567021,0.0265475,-0.651067,-0.017953,-0.00767304,0.758769
-0.114725,-0.291819,-0.0516786,-0.0837612,-0.202379,-0.0370147,-0.0511793,0,-0.0561836,-0.0919379,0.228046,-0.285874,0,0.123875,0.332868,-0.33114,0.298972,-0.067636,0.100564,-0.392669,-0.299425,0.00693315,0.152668,-0.0335678,-0.169207,0,0,0,0,0,0,0,0,0,0,0,0,0,0,0,0,0,0,0,0,0,0,0,0,0,0,0,0,0.998224,0.0545414,-0.0541231,0.998376,-0.0248847,0.0164497,-0.0292829,-0.0854484,0.0539945,-0.135497,-0.105784,-0.00865449,0.16319,-0.100724,-0.0453458,-0.0658438,-0.0823576,0.165874,0.187029,0.0200913,-0.0852604,-0.154872,0.0897226,0.0500534,-0.335859,0.301722,-0.0453336,-0.07983,-0.131268,-0.0426536,-0.143057,0.110301,-0.0335408,-0.169204,0.179643,0.0385683,-0.354469,0.0605401,0.0931841,-0.0980871,0.0438819,-0.117779,-0.000448973,-0.0594611,0.053608,-0.160532,0.154854,-0.366363,-0.014379,0.0040141,-0.0188437,0.284791,0.0824395,-0.00847235,0.0234769,-0.0548876,-0.0672399,-0.000523178,-0.000411821,-0.250061,-0.046721,-0.0680698,0.80504,-1.23096,-0.387665,0.775731,1.1023,-0.776984,0.195171,0.338819,1.04852,1.99165,0.307654,-1.53668,-0.257264,-0.0424378,-0.0770051,0.809026,-1.21264,-0.39705,0.812519,1.06953,-0.762358,0.177258,0.334836,0.988185,1.93051,0.320619,-1.50482,-0.195497,-0.165784,-0.00865449,0.16319,-0.100724,-0.0453458,-0.0658438,-0.0823576,0.165874,0.187029,0.170091,-0.23526,-0.154872,0.209723,0.170053,-0.335859,0.301722,-0.105334,-0.13983,-0.381268,-0.292654,-0.143057,0.110301,-0.0335408,-0.169204,-0.185031,-0.0833605,-0.013614,0.161008,-0.246192,-0.0370147,-0.0511793,-0.0775331,0.155146,0.220459,0.228046,-0.285874,-0.155397,0.217585,0.289409,-0.33114,0.298972,0.464261,0.935826,-0.392669,-0.299425,0.0615308,-0.307337,-0.0335678,-0.169207,0.998059,-0.00352291,0.0559317,0.0271723,-0.651067,-0.017953,-0.00767304,0.758769
-0.114725,-0.291819,-0.0516786,-0.0837612,-0.202379,-0.0370147,-0.0511793,0,-0.0561836,-0.0919379,0.228046,-0.285874,0,0.123875,0.332868,-0.33114,0.298972,-0.067636,0.100564,-0.392669,-0.299425,0.00693315,0.152668,-0.0335678,-0.169207,0,0,0,0,0,0,0,0,0,0,0,0,0,0,0,0,0,0,0,0,0,0,0,0,0,0,0,0,0.99812,0.0555657,-0.0551083,0.998317,-0.0268362,0.0166078,-0.020279,-0.10357,0.0425836,-0.131667,-0.105206,-0.0154552,0.164286,-0.0989475,-0.0471012,-0.064536,-0.0816223,0.166095,0.186034,0.0210931,-0.0878402,-0.15182,0.0825069,0.0505442,-0.335781,0.301412,-0.0397558,-0.0786102,-0.131437,-0.0421871,-0.144111,0.109019,-0.0335502,-0.169212,0.197422,0.0195586,-0.325988,0.0511539,0.086242,-0.0809567,0.0833712,0.150048,0.018886,-0.0408274,0.0469737,-0.103007,0.134204,-0.353006,0.055043,0.00377803,-0.0128048,0.273436,0.0451818,-0.00878309,0.0230939,-0.0512148,-0.0620794,-0.000498233,-0.000466117,-0.257264,-0.0424378,-0.0770051,0.809026,-1.21264,-0.39705,0.812519,1.06953,-0.762358,0.177258,0.334836,0.988185,1.93051,0.320619,-1.50482,-0.261185,-0.0441996,-0.0828206,0.814514,-1.20303,-0.390811,0.836293,1.04144,-0.753442,0.161527,0.327397,0.916521,1.8614,0.327689,-1.47675,-0.191667,-0.165206,-0.0154552,0.164286,-0.0989475,-0.0471012,-0.064536,-0.0816223,0.166095,0.186034,0.171093,-0.23784,-0.15182,0.202507,0.170544,-0.335781,0.301412,-0.0997558,-0.13861,-0.381437,-0.292187,-0.144111,0.109019,-0.0335502,-0.169212,-0.188632,-0.0812189,-0.015401,0.161805,-0.242529,-0.0370147,-0.0511793,-0.0794099,0.162504,0.213905,0.228046,-0.285874,-0.152472,0.208629,0.287418,-0.33114,0.298972,0.434093,0.905257,-0.392669,-0.299425,0.0641238,-0.300965,-0.0335678,-0.169207,0.998099,-0.00365095,0.0549601,0.0276662,-0.651067,-0.017953,-0.00767304,0.758769
-0.114725,-0.291819,-0.0516786,-0.0837612,-0.202379,-0.0370147,-0.0511793,0,-0.0561836,-0.0919379,0.228046,-0.285874,0,0.123875,0.332868,-0.33114,0.298972,-0.067636,0.100564,-0.392669,-0.299425,0.00693315,0.152668,-0.0335678,-0.169207,0,0,0,0,0,0,0,0,0,0,0,0,0,0,0,0,0,0,0,0,0,0,0,0,0,0,0,0,0.998014,0.0563908,-0.0558929,0.998271,-0.0290421,0.0166165,-0.0148876,-0.112957,0.0348863,-0.127699,-0.105048,-0.0216219,0.165245,-0.09727,-0.0485703,-0.0624287,-0.0764462,0.166572,0.185377,0.0219471,-0.0892682,-0.149717,0.0757214,0.0523011,-0.335705,0.301226,-0.0344716,-0.0780658,-0.13164,-0.0417233,-0.1451,0.107833,-0.0335594,-0.169221,0.19534,-0.00298804,-0.292474,0.0462467,0.0827901,-0.0685142,0.123035,0.327366,0.0261621,-0.0258519,0.0390068,-0.0458007,0.0713797,-0.325232,0.112985,0.00381596,-0.00642899,0.256395,0.0145688,-0.0114488,0.0233914,-0.0480999,-0.057614,-0.000459931,-0.000492498,-0.261185,-0.0441996,-0.0828206,0.814514,-1.20303,-0.390811,0.836293,1.04144,-0.753442,0.161527,0.327397,0.916521,1.8614,0.327689,-1.47675,-0.261183,-0.0517332,-0.0855835,0.820987,-1.20008,-0.374511,0.847619,1.01555,-0.752372,0.148923,0.317102,0.836441,1.78635,0.330428,-1.44899,-0.187699,-0.165048,-0.0216219,0.165245,-0.09727,-0.0485703,-0.0624287,-0.0764462,0.166572,0.185377,0.171947,-0.239268,-0.149717,0.195721,0.172301,-0.335705,0.301226,-0.0944716,-0.138066,-0.38164,-0.291723,-0.1451,0.107833,-0.0335594,-0.169221,-0.190592,-0.0820998,-0.0165641,0.162903,-0.240606,-0.0370147,-0.0511793,-0.0781622,0.167259,0.208289,0.228046,-0.285874,-0.150688,0.200763,0.283699,-0.33114,0.298972,0.39826,0.870699,-0.392669,-0.299425,0.0655378,-0.29535,-0.0335678,-0.169207,0.998147,-0.00370445,0.0538593,0.0280617,-0.651067,-0.017953,-0.00767304,0.758769
-0.114725,-0.291819,-0.0516786,-0.0837612,-0.202379,-0.0370147,-0.0511793,0,-0.0561836,-0.0919379,0.228046,-0.285874,0,0.123875,0.332868,-0.33114,0.298972,-0.067636,0.100564,-0.392669,-0.299425,0.00693315,0.152668,-0.0335678,-0.169207,0,0,0,0,0,0,0,0,0,0,0,0,0,0,0,0,0,0,0,0,0,0,0,0,0,0,0,0,0.997907,0.0571033,-0.0565653,0.998231,-0.0313254,0.0165531,-0.012514,-0.113163,0.0314605,-0.123998,-0.105382,-0.0270789,0.166146,-0.095633,-0.0498354,-0.0595551,-0.0688542,0.167056,0.184973,0.022624,-0.0895885,-0.149411,0.0696546,0.0550859,-0.335629,0.301168,-0.0295953,-0.0780568,-0.131906,-0.0412382,-0.146028,0.106732,-0.0335677,-0.169231,0.173376,-0.0288398,-0.255997,0.0447845,0.0816916,-0.059502,0.159554,0.400045,0.0212293,-0.0152129,0.0294607,0.00771388,-0.0278795,-0.283267,0.158772,0.00379857,-5.60028e-05,0.233597,-0.00894407,-0.0148284,0.0252516,-0.0450801,-0.0534554,-0.000384518,-0.000466201,-0.261183,-0.0517332,-0.0855835,0.820987,-1.20008,-0.374511,0.847619,1.01555,-0.752372,0.148923,0.317102,0.836441,1.78635,0.330428,-1.44899,-0.258057,-0.0647754,-0.0859607,0.828613,-1.20145,-0.352519,0.849588,0.98922,-0.760398,0.138794,0.30509,0.749396,1.7084,0.330202,-1.42015,-0.183998,-0.165382,-0.0270789,0.166146,-0.095633,-0.0498354,-0.0595551,-0.0688542,0.167056,0.184973,0.172624,-0.239588,-0.149411,0.189655,0.175086,-0.335629,0.301168,-0.0895953,-0.138057,-0.381906,-0.291238,-0.146028,0.106732,-0.0335677,-0.169231,-0.190591,-0.0858666,-0.0171167,0.164197,-0.240016,-0.0370147,-0.0511793,-0.0749023,0.169524,0.20311,0.228046,-0.285874,-0.150474,0.194461,0.278551,-0.33114,0.298972,0.35822,0.833175,-0.392669,-0.299425,0.0660855,-0.289798,-0.0335678,-0.169207,0.998198,-0.00372126,0.0527186,0.0284018,-0.651067,-0.017953,-0.00767304,0.758769
-0.114725,-0.291819,-0.0516786,-0.0837612,-0.202379,-0.0370147,-0.0511793,0,-0.0561836,-0.0919379,0.228046,-0.285874,0,0.123875,0.332868,-0.33114,0.298972,-0.067636,0.100564,-0.392669,-0.299425,0.00693315,0.152668,-0.0335678,-0.169207,0,0,0,0,0,0,0,0,0,0,0,0,0,0,0,0,0,0,0,0,0,0,0,0,0,0,0,0,0.9978,0.0577805,-0.0572043,0.998193,-0.0335202,0.0164777,-0.0121123,-0.105474,0.031205,-0.120927,-0.106266,-0.031782,0.167044,-0.0940038,-0.0509417,-0.0560161,-0.0608659,0.167331,0.184744,0.023092,-0.0889059,-0.151345,0.064565,0.0586654,-0.335557,0.301233,-0.0252347,-0.0784461,-0.132234,-0.0406995,-0.146894,0.105716,-0.0335744,-0.16924,0.135178,-0.0571338,-0.217767,0.0454559,0.0816209,-0.0517455,0.189568,0.379737,0.00697448,-0.00788158,0.0183243,0.0548127,-0.135681,-0.229657,0.193456,0.00350436,0.00594496,0.205768,-0.0259714,-0.0175522,0.0286724,-0.0418135,-0.0492285,-0.000272551,-0.000389452,-0.258057,-0.0647754,-0.0859607,0.828613,-1.20145,-0.352519,0.849588,0.98922,-0.760398,0.138794,0.30509,0.749396,1.7084,0.330202,-1.42015,-0.253163,-0.0821948,-0.0853654,0.837264,-1.205,-0.32835,0.846744,0.961583,-0.777082,0.130041,0.292685,0.657,1.63057,0.327775,-1.39045,-0.180927,-0.166266,-0.031782,0.167044,-0.0940038,-0.0509417,-0.0560161,-0.0608659,0.167331,0.184744,0.173092,-0.238906,-0.151345,0.184565,0.178665,-0.335557,0.301233,-0.0852347,-0.138446,-0.382234,-0.2907,-0.146894,0.105716,-0.0335744,-0.16924,-0.189028,-0.0923877,-0.0171921,0.165723,-0.240289,-0.0370147,-0.0511793,-0.0705038,0.169918,0.197844,0.228046,-0.285874,-0.15208,0.189397,0.272545,-0.33114,0.298972,0.314698,0.7942,-0.392669,-0.299425,0.0660403,-0.28403,-0.0335678,-0.169207,0.998247,-0.00373081,0.0516218,0.0287253,-0.651067,-0.017953,-0.00767304,0.758769
-0.114725,-0.291819,-0.0516786,-0.0837612,-0.202379,-0.0370147,-0.0511793,0,-0.0561836,-0.0919379,0.228046,-0.285874,0,0.123875,0.332868,-0.33114,0.298972,-0.067636,0.100564,-0.392669,-0.299425,0.00693315,0.152668,-0.0335678,-0.169207,0,0,0,0,0,0,0,0,0,0,0,0,0,0,0,0,0,0,0,0,0,0,0,0,0,0,0,0,0.997694,0.0584576,-0.0578461,0.998155,-0.0354982,0.0164358,-0.0132872,-0.0922819,0.0313568,-0.118738,-0.107745,-0.0356969,0.167977,-0.0923583,-0.051886,-0.0519761,-0.0540163,0.167272,0.184655,0.0233219,-0.0873683,-0.155336,0.0606238,0.0628509,-0.335493,0.301411,-0.0214658,-0.0790953,-0.1326,-0.0400793,-0.147691,0.10475,-0.033579,-0.169247,0.0877805,-0.087239,-0.177883,0.0478366,0.0828729,-0.0427402,0.210143,0.299226,-0.0110489,-0.00139272,0.0058811,0.0937798,-0.222904,-0.170121,0.220127,0.00291052,0.0112997,0.175148,-0.0359606,-0.0186299,0.0332043,-0.0382132,-0.0478716,-0.000142477,-0.000284287,-0.253163,-0.0821948,-0.0853654,0.837264,-1.205,-0.32835,0.846744,0.961583,-0.777082,0.130041,0.292685,0.657,1.63057,0.327775,-1.39045,-0.247237,-0.102419,-0.0854155,0.844556,-1.21081,-0.305182,0.84261,0.935295,-0.800185,0.123088,0.280602,0.564006,1.55603,0.323615,-1.36212,-0.178738,-0.167745,-0.0356969,0.167977,-0.0923583,-0.051886,-0.0519761,-0.0540163,0.167272,0.184655,0.173322,-0.237368,-0.155336,0.180624,0.182851,-0.335493,0.301411,-0.0814658,-0.139095,-0.3826,-0.290079,-0.147691,0.10475,-0.033579,-0.169247,-0.186582,-0.101097,-0.0170731,0.167453,-0.241,-0.0370147,-0.0511793,-0.06567,0.169349,0.192317,0.228046,-0.285874,-0.155416,0.185021,0.266343,-0.33114,0.298972,0.2685,0.755285,-0.392669,-0.299425,0.0655549,-0.27809,-0.0335678,-0.169207,0.998288,-0.00375465,0.0506336,0.0290496,-0.651067,-0.017953,-0.00767304,0.758769
-0.114725,-0.291819,-0.0516786,-0.0837612,-0.202379,-0.0370147,-0.0511793,0,-0.0561836,-0.0919379,0.228046,-0.285874,0,0.123875,0.332868,-0.33114,0.298972,-0.067636,0.100564,-0.392669,-0.299425,0.00693315,0.152668,-0.0335678,-0.169207,0,0,0,0,0,0,0,0,0,0,0,0,0,0,0,0,0,0,0,0,0,0,0,0,0,0,0,0,0.997596,0.0591209,-0.0584775,0.998115,-0.0371859,0.0164444,-0.0134448,-0.0768168,0.0300149,-0.11754,-0.109816,-0.0388118,0.168945,-0.0907132,-0.052606,-0.0476574,-0.0490812,0.166857,0.184712,0.023292,-0.0851621,-0.16068,0.0579132,0.0674832,-0.335447,0.301686,-0.0183362,-0.0799157,-0.132965,-0.0393735,-0.148409,0.103845,-0.0335803,-0.169252,0.0376419,-0.115395,-0.138199,0.0486361,0.081378,-0.0292917,0.218459,0.198127,-0.0281076,0.00650588,-0.00747848,0.122514,-0.269059,-0.107729,0.238701,0.00176209,0.0155702,0.142388,-0.0436553,-0.0174839,0.0371639,-0.0339116,-0.0431338,3.0596e-05,-0.000133916,-0.247237,-0.102419,-0.0854155,0.844556,-1.21081,-0.305182,0.84261,0.935295,-0.800185,0.123088,0.280602,0.564006,1.55603,0.323615,-1.36212,-0.241794,-0.123068,-0.0871682,0.851051,-1.21585,-0.284998,0.8401,0.911274,-0.826772,0.116296,0.27036,0.473686,1.48661,0.317007,-1.33591,-0.17754,-0.169816,-0.0388118,0.168945,-0.0907132,-0.052606,-0.0476574,-0.0490812,0.166857,0.184713,0.173292,-0.235162,-0.16068,0.177913,0.187483,-0.335447,0.301686,-0.0783362,-0.139916,-0.382965,-0.289373,-0.148409,0.103845,-0.0335803,-0.169252,-0.183618,-0.11121,-0.0170831,0.168911,-0.242162,-0.0370147,-0.0511793,-0.0610363,0.168522,0.187059,0.228046,-0.285874,-0.160037,0.181544,0.260301,-0.33114,0.298972,0.222003,0.718015,-0.392669,-0.299425,0.0647231,-0.272424,-0.0335678,-0.169207,0.998321,-0.00379985,0.0497911,0.029368,-0.651067,-0.017953,-0.00767304,0.758769
-0.114725,-0.291819,-0.0516786,-0.0837612,-0.202379,-0.0370147,-0.0511793,0,-0.0561836,-0.0919379,0.228046,-0.285874,0,0.123875,0.332868,-0.33114,0.298972,-0.067636,0.100564,-0.392669,-0.299425,0.00693315,0.152668,-0.0335678,-0.169207,0,0,0,0,0,0,0,0,0,0,0,0,0,0,0,0,0,0,0,0,0,0,0,0,0,0,0,0,0.99751,0.0597157,-0.0590448,0.998079,-0.0385693,0.0164784,-0.0118252,-0.0620985,0.025349,-0.117302,-0.112412,-0.0411418,0.169901,-0.0891308,-0.0529909,-0.0433179,-0.0460759,0.166161,0.184959,0.0229922,-0.0824977,-0.166512,0.0564197,0.0724202,-0.335429,0.302031,-0.015857,-0.0808655,-0.133279,-0.0386035,-0.149033,0.103053,-0.0335784,-0.169253,-0.00747425,-0.139479,-0.0996692,0.0468922,0.0768423,-0.00975898,0.21373,0.111135,-0.0395671,0.0168266,-0.0209533,0.140645,-0.276382,-0.0490527,0.251248,0.000167263,0.0185049,0.11042,-0.0491762,-0.0137114,0.0396343,-0.0288945,-0.0368779,0.000159768,-1.73538e-05,-0.241794,-0.123068,-0.0871682,0.851051,-1.21585,-0.284998,0.8401,0.911274,-0.826772,0.116296,0.27036,0.473686,1.48661,0.317007,-1.33591,-0.237935,-0.142561,-0.0903786,0.857315,-1.21874,-0.268052,0.840445,0.889919,-0.854264,0.108937,0.262263,0.38859,1.42304,0.3083,-1.31172,-0.177302,-0.172412,-0.0411418,0.169901,-0.0891308,-0.0529909,-0.0433179,-0.0460759,0.166161,0.184959,0.172992,-0.232498,-0.166512,0.17642,0.19242,-0.335429,0.302031,-0.075857,-0.140865,-0.383279,-0.288603,-0.149033,0.103053,-0.0335784,-0.169253,-0.180897,-0.121534,-0.0174336,0.17021,-0.24317,-0.0370147,-0.0511793,-0.0569996,0.16802,0.182255,0.228046,-0.285874,-0.165354,0.178148,0.25518,-0.33114,0.298972,0.176843,0.683304,-0.392669,-0.299425,0.0634015,-0.267182,-0.0335678,-0.169207,0.998346,-0.00385204,0.0491008,0.0296538,-0.651067,-0.017953,-0.00767304,0.758769
-0.114725,-0.291819,-0.0516786,-0.0837612,-0.202379,-0.0370147,-0.0511793,0,-0.0561836,-0.0919379,0.228046,-0.285874,0,0.123875,0.332868,-0.33114,0.298972,-0.067636,0.100564,-0.392669,-0.299425,0.00693315,0.152668,-0.0335678,-0.169207,0,0,0,0,0,0,0,0,0,0,0,0,0,0,0,0,0,0,0,0,0,0,0,0,0,0,0,0,0.99744,0.0601787,-0.0594857,0.998051,-0.0396843,0.0165038,-0.0084028,-0.0502061,0.0182393,-0.117862,-0.115425,-0.0427338,0.170789,-0.0876736,-0.0529187,-0.0392074,-0.0444471,0.165308,0.185427,0.0224322,-0.0795843,-0.172203,0.0560038,0.0775524,-0.335447,0.302418,-0.0139811,-0.081906,-0.133491,-0.0378105,-0.14955,0.102394,-0.0335744,-0.169253,-0.0424365,-0.157279,-0.0644854,0.0419694,0.0690988,0.0156015,0.197203,0.060304,-0.0445909,0.0279439,-0.0334575,0.14853,-0.261206,0.000309861,0.258692,-0.00183118,0.0198879,0.0819384,-0.0530442,-0.00750842,0.0395855,-0.0232118,-0.0298494,0.000239433,5.00554e-05,-0.237935,-0.142561,-0.0903786,0.857315,-1.21874,-0.268052,0.840445,0.889919,-0.854264,0.108937,0.262263,0.38859,1.42304,0.3083,-1.31172,-0.235971,-0.160378,-0.0940888,0.863998,-1.21838,-0.253279,0.843368,0.871533,-0.881298,0.101089,0.256421,0.30977,1.36539,0.298078,-1.28878,-0.177862,-0.175425,-0.0427338,0.170789,-0.0876736,-0.0529187,-0.0392074,-0.0444471,0.165308,0.185427,0.172432,-0.229584,-0.172203,0.176004,0.197552,-0.335447,0.302418,-0.0739811,-0.141906,-0.383491,-0.287811,-0.14955,0.102394,-0.0335744,-0.169253,-0.178968,-0.131281,-0.0180757,0.171463,-0.243749,-0.0370147,-0.0511793,-0.0536104,0.168089,0.177984,0.228046,-0.285874,-0.170853,0.174468,0.251132,-0.33114,0.298972,0.134295,0.65152,-0.392669,-0.299425,0.0616599,-0.262344,-0.0335678,-0.169207,0.998367,-0.00389297,0.0485444,0.0298761,-0.651067,-0.017953,-0.00767304,0.758769
-0.114725,-0.291819,-0.0516786,-0.0837612,-0.202379,-0.0370147,-0.0511793,0,-0.0561836,-0.0919379,0.228046,-0.285874,0,0.123875,0.332868,-0.33114,0.298972,-0.067636,0.100564,-0.392669,-0.299425,0.00693315,0.152668,-0.0335678,-0.169207,0,0,0,0,0,0,0,0,0,0,0,0,0,0,0,0,0,0,0,0,0,0,0,0,0,0,0,0,0.997387,0.0604784,-0.0597688,0.998033,-0.0405927,0.0164817,-0.00333166,-0.0417963,0.0104661,-0.118992,-0.118722,-0.0436704,0.171542,-0.0864051,-0.0522952,-0.0355344,-0.0433624,0.164417,0.18611,0.0216433,-0.0766176,-0.177521,0.0564447,0.0827869,-0.335509,0.302815,-0.0126205,-0.0830121,-0.133559,-0.0370526,-0.149948,0.101883,-0.0335693,-0.169252,-0.0657227,-0.16825,-0.0339192,0.0336723,0.058245,0.044555,0.17145,0.0528195,-0.044364,0.0380128,-0.0439136,0.147062,-0.243373,0.0375964,0.261922,-0.00412264,0.0196609,0.0584719,-0.0559811,0.000431938,0.0364102,-0.0169431,-0.0222364,0.000265991,6.55045e-05,-0.235971,-0.160378,-0.0940888,0.863998,-1.21838,-0.253279,0.843368,0.871533,-0.881298,0.101089,0.256421,0.30977,1.36539,0.298078,-1.28878,-0.235622,-0.176497,-0.0973955,0.871495,-1.21377,-0.238948,0.847992,0.856034,-0.907822,0.0932671,0.252706,0.236648,1.31352,0.286822,-1.26597,-0.178992,-0.178722,-0.0436704,0.171542,-0.0864051,-0.0522952,-0.0355344,-0.0433624,0.164417,0.18611,0.171643,-0.226618,-0.177521,0.176445,0.202787,-0.335509,0.302815,-0.0726205,-0.143012,-0.383559,-0.287053,-0.149948,0.101883,-0.0335693,-0.169252,-0.177985,-0.140189,-0.0188178,0.1728,-0.243677,-0.0370147,-0.0511793,-0.0506559,0.168674,0.174307,0.228046,-0.285874,-0.17626,0.170544,0.24821,-0.33114,0.298972,0.0948848,0.622696,-0.392669,-0.299425,0.0596156,-0.257756,-0.0335678,-0.169207,0.998384,-0.00390315,0.0480904,0.0300194,-0.651067,-0.017953,-0.00767304,0.758769
-0.114725,-0.291819,-0.0516786,-0.0837612,-0.202379,-0.0370147,-0.0511793,0,-0.0561836,-0.0919379,0.228046,-0.285874,0,0.123875,0.332868,-0.33114,0.298972,-0.067636,0.100564,-0.392669,-0.299425,0.00693315,0.152668,-0.0335678,-0.169207,0,0,0,0,0,0,0,0,0,0,0,0,0,0,0,0,0,0,0,0,0,0,0,0,0,0,0,0,0.997347,0.0606169,-0.0598971,0.998027,-0.0413568,0.0163745,0.003062,-0.0364422,0.00352251,-0.120472,-0.122172,-0.044044,0.172096,-0.0853819,-0.0510847,-0.0324486,-0.0419854,0.163573,0.186975,0.020677,-0.0737702,-0.182595,0.0575004,0.0880515,-0.335618,0.303191,-0.0116719,-0.0841721,-0.133457,-0.0363915,-0.150215,0.101528,-0.0335642,-0.169251,-0.0786555,-0.17337,-0.00785118,0.0224174,0.0448357,0.0737908,0.139636,0.0836624,-0.0408153,0.0459142,-0.0514042,0.137624,-0.237311,0.063066,0.262092,-0.00646761,0.01801,0.0401541,-0.0586035,0.00909524,0.0302862,-0.0102528,-0.0142383,0.000248451,4.33005e-05,-0.235622,-0.176497,-0.0973955,0.871495,-1.21377,-0.238948,0.847992,0.856034,-0.907822,0.0932671,0.252706,0.236648,1.31352,0.286822,-1.26597,-0.236363,-0.191088,-0.0996659,0.880016,-1.20463,-0.223156,0.853096,0.843358,-0.934708,0.0859942,0.250877,0.168157,1.26716,0.274726,-1.24251,-0.180472,-0.182172,-0.044044,0.172096,-0.0853819,-0.0510847,-0.0324486,-0.0419854,0.163573,0.186975,0.170677,-0.22377,-0.182595,0.1775,0.208052,-0.335618,0.303191,-0.0716719,-0.144172,-0.383457,-0.286392,-0.150215,0.101528,-0.0335642,-0.169251,-0.177811,-0.148248,-0.0194791,0.174299,-0.242754,-0.0370147,-0.0511793,-0.0477896,0.169598,0.171207,0.228046,-0.285874,-0.181564,0.166634,0.246353,-0.33114,0.298972,0.0583241,0.596761,-0.392669,-0.299425,0.0573645,-0.253193,-0.0335678,-0.169207,0.998401,-0.00386469,0.0477071,0.0300854,-0.651067,-0.017953,-0.00767304,0.758769
-0.114725,-0.291819,-0.0516786,-0.0837612,-0.202379,-0.0370147,-0.0511793,0,-0.0561836,-0.0919379,0.228046,-0.285874,0,0.123875,0.332868,-0.33114,0.298972,-0.067636,0.100564,-0.392669,-0.299425,0.00693315,0.152668,-0.0335678,-0.169207,0,0,0,0,0,0,0,0,0,0,0,0,0,0,0,0,0,0,0,0,0,0,0,0,0,0,0,0,0.99732,0.0606204,-0.0598971,0.99803,-0.0420246,0.0161522,0.0103303,-0.0332259,-0.00169187,-0.122121,-0.125676,-0.0439336,0.172402,-0.0846461,-0.0493194,-0.0300351,-0.0396682,0.162819,0.187973,0.0195999,-0.071183,-0.187751,0.0589584,0.0932987,-0.335771,0.303522,-0.0110415,-0.0853854,-0.133185,-0.0358775,-0.150347,0.101334,-0.0335598,-0.169251,-0.0840379,-0.174335,0.0147884,0.00906646,0.0297437,0.0999423,0.104956,0.140742,-0.0359024,0.051281,-0.0552789,0.121947,-0.248288,0.079056,0.260472,-0.00855167,0.0153088,0.0261083,-0.0613981,0.0174009,0.0220727,-0.00338939,-0.00613507,0.000204288,5.52903e-06,-0.236363,-0.191088,-0.0996659,0.880016,-1.20463,-0.223156,0.853096,0.843358,-0.934708,0.0859942,0.250877,0.168157,1.26716,0.274726,-1.24251,-0.237501,-0.204375,-0.100627,0.889556,-1.19156,-0.204239,0.857413,0.833611,-0.963109,0.0800218,0.250486,0.104085,1.22595,0.261624,-1.21825,-0.182121,-0.185676,-0.0439336,0.172402,-0.0846461,-0.0493194,-0.0300351,-0.0396682,0.162819,0.187973,0.1696,-0.221183,-0.187751,0.178958,0.213299,-0.335771,0.303522,-0.0710415,-0.145385,-0.383185,-0.285878,-0.150347,0.101334,-0.0335598,-0.169251,-0.178182,-0.155544,-0.0199332,0.176003,-0.240925,-0.0370147,-0.0511793,-0.0446312,0.170619,0.168672,0.228046,-0.285874,-0.186942,0.162997,0.245439,-0.33114,0.298972,0.0240786,0.573578,-0.392669,-0.299425,0.0549452,-0.248501,-0.0335678,-0.169207,0.998417,-0.00376382,0.0473701,0.0300876,-0.651067,-0.017953,-0.00767304,0.758769
-0.114725,-0.291819,-0.0516786,-0.0837612,-0.202379,-0.0370147,-0.0511793,0,-0.0561836,-0.0919379,0.228046,-0.285874,0,0.123875,0.332868,-0.33114,0.298972,-0.067636,0.100564,-0.392669,-0.299425,0.00693315,0.152668,-0.0335678,-0.169207,0,0,0,0,0,0,0,0,0,0,0,0,0,0,0,0,0,0,0,0,0,0,0,0,0,0,0,0,0.997299,0.0605276,-0.0598079,0.998042,-0.0426274,0.0157956,0.017907,-0.0313261,-0.00483404,-0.123825,-0.129167,-0.0433924,0.172429,-0.0842199,-0.0470919,-0.0283189,-0.0360313,0.162163,0.189051,0.0184886,-0.0689601,-0.193319,0.0606679,0.0985031,-0.335961,0.303791,-0.0106604,-0.0866587,-0.132757,-0.0355387,-0.150343,0.101301,-0.0335565,-0.169252,-0.0849612,-0.172551,0.0354017,-0.00519764,0.0140029,0.120374,0.0702443,0.210479,-0.0312451,0.0541605,-0.0552129,0.101928,-0.273342,0.089155,0.258003,-0.0100677,0.0120216,0.0147888,-0.0646513,0.0244499,0.0130211,0.00333729,0.00175754,0.000150818,-2.83609e-05,-0.237501,-0.204375,-0.100627,0.889556,-1.19156,-0.204239,0.857413,0.833611,-0.963109,0.0800218,0.250486,0.104085,1.22595,0.261624,-1.21825,-0.238664,-0.216978,-0.100296,0.900021,-1.17582,-0.181247,0.859683,0.827314,-0.994016,0.075836,0.250824,0.043976,1.18996,0.247873,-1.19388,-0.183825,-0.189167,-0.0433924,0.172429,-0.0842199,-0.0470919,-0.0283189,-0.0360313,0.162163,0.189051,0.168489,-0.21896,-0.193319,0.180668,0.218503,-0.335961,0.303791,-0.0706604,-0.146659,-0.382757,-0.285539,-0.150343,0.101301,-0.0335565,-0.169252,-0.17875,-0.162188,-0.0201255,0.177911,-0.238311,-0.0370147,-0.0511793,-0.0408478,0.171483,0.166722,0.228046,-0.285874,-0.192622,0.160011,0.245243,-0.33114,0.298972,-0.00795773,0.552973,-0.392669,-0.299425,0.0523247,-0.24365,-0.0335678,-0.169207,0.998433,-0.00359243,0.0470635,0.0300457,-0.651067,-0.017953,-0.00767304,0.758769
-0.114725,-0.291819,-0.0516786,-0.0837612,-0.202379,-0.0370147,-0.0511793,0,-0.0561836,-0.0919379,0.228046,-0.285874,0,0.123875,0.332868,-0.33114,0.298972,-0.067636,0.100564,-0.392669,-0.299425,0.00693315,0.152668,-0.0335678,-0.169207,0,0,0,0,0,0,0,0,0,0,0,0,0,0,0,0,0,0,0,0,0,0,0,0,0,0,0,0,0.997284,0.0603773,-0.0596685,0.998058,-0.0431806,0.0152998,0.0251744,-0.0297828,-0.0062348,-0.125531,-0.132606,-0.0424445,0.172175,-0.084104,-0.0445373,-0.027277,-0.0309686,0.161588,0.190168,0.0174221,-0.0671678,-0.199519,0.0625555,0.103653,-0.336173,0.303993,-0.0104937,-0.0880003,-0.132209,-0.0353794,-0.150209,0.10142,-0.0335544,-0.169253,-0.0847672,-0.169553,0.0554858,-0.0190478,-0.00123758,0.133379,0.0375232,0.279689,-0.0279044,0.0552763,-0.0512123,0.0794158,-0.305821,0.0973551,0.25516,-0.010749,0.00857302,0.00441384,-0.0682497,0.0294843,0.00423746,0.0096713,0.00914607,0.000101736,-4.58249e-05,-0.238664,-0.216978,-0.100296,0.900021,-1.17582,-0.181247,0.859683,0.827314,-0.994016,0.075836,0.250824,0.043976,1.18996,0.247873,-1.19388,-0.239593,-0.229339,-0.0991209,0.911035,-1.15913,-0.154164,0.858665,0.825088,-1.0277,0.0737576,0.251368,-0.0123484,1.1593,0.234113,-1.17093,-0.185531,-0.192606,-0.0424445,0.172175,-0.084104,-0.0445373,-0.027277,-0.0309686,0.161588,0.190168,0.167422,-0.217168,-0.199519,0.182555,0.223653,-0.336173,0.303993,-0.0704937,-0.148,-0.382209,-0.285379,-0.150209,0.10142,-0.0335544,-0.169253,-0.179332,-0.168489,-0.0200593,0.180004,-0.235163,-0.0370147,-0.0511793,-0.0362495,0.171937,0.165463,0.228046,-0.285874,-0.198803,0.157918,0.245412,-0.33114,0.298972,-0.038012,0.534982,-0.392669,-0.299425,0.0495745,-0.238776,-0.0335678,-0.169207,0.99845,-0.00334924,0.0467797,0.0299792,-0.651067,-0.017953,-0.00767304,0.758769
-0.114725,-0.291819,-0.0516786,-0.0837612,-0.202379,-0.0370147,-0.0511793,0,-0.0561836,-0.0919379,0.228046,-0.285874,0,0.123875,0.332868,-0.33114,0.298972,-0.067636,0.100564,-0.392669,-0.299425,0.00693315,0.152668,-0.0335678,-0.169207,0,0,0,0,0,0,0,0,0,0,0,0,0,0,0,0,0,0,0,0,0,0,0,0,0,0,0,0,0.997272,0.0602007,-0.0595098,0.998078,-0.0436821,0.0146749,0.0315315,-0.0276701,-0.00634268,-0.127251,-0.135983,-0.0410925,0.17166,-0.0842769,-0.0418111,-0.0268568,-0.0246197,0.161055,0.191295,0.0164762,-0.0658372,-0.206399,0.0646237,0.108743,-0.336387,0.304126,-0.0105407,-0.0894138,-0.131587,-0.0353847,-0.149955,0.101678,-0.0335532,-0.169255,-0.0864648,-0.166604,0.075707,-0.0312964,-0.0149553,0.13847,0.00785717,0.337338,-0.0267504,0.055313,-0.0435987,0.0560882,-0.336832,0.107218,0.252033,-0.01044,0.00530969,-0.00661198,-0.0719082,0.0320748,-0.00346144,0.0154341,0.0157904,6.90365e-05,-3.76121e-05,-0.239593,-0.229339,-0.0991209,0.911035,-1.15913,-0.154164,0.858665,0.825088,-1.0277,0.0737576,0.251368,-0.0123484,1.1593,0.234113,-1.17093,-0.238967,-0.24281,-0.0976625,0.922473,-1.14186,-0.124516,0.853666,0.825889,-1.06296,0.0739436,0.251105,-0.0649298,1.13351,0.219932,-1.15212,-0.187251,-0.195983,-0.0410925,0.17166,-0.0842769,-0.0418111,-0.0268568,-0.0246197,0.161055,0.191295,0.166476,-0.215837,-0.206399,0.184624,0.228743,-0.336387,0.304126,-0.0705407,-0.149414,-0.381587,-0.285385,-0.149955,0.101678,-0.0335532,-0.169255,-0.179797,-0.17467,-0.0198242,0.182207,-0.231826,-0.0370147,-0.0511793,-0.0308328,0.171733,0.165018,0.228046,-0.285874,-0.205539,0.156879,0.245684,-0.33114,0.298972,-0.0661742,0.519649,-0.392669,-0.299425,0.0468227,-0.234186,-0.0335678,-0.169207,0.998465,-0.00304015,0.0465197,0.0299033,-0.651067,-0.017953,-0.00767304,0.758769
-0.114725,-0.291819,-0.0516786,-0.0837612,-0.202379,-0.0370147,-0.0511793,0,-0.0561836,-0.0919379,0.228046,-0.285874,0,0.123875,0.332868,-0.33114,0.298972,-0.067636,0.100564,-0.392669,-0.299425,0.00693315,0.152668,-0.0335678,-0.169207,0,0,0,0,0,0,0,0,0,0,0,0,0,0,0,0,0,0,0,0,0,0,0,0,0,0,0,0,0.997262,0.0600114,-0.0593446,0.9981,-0.0441161,0.0139449,0.0365686,-0.0243857,-0.00654952,-0.129036,-0.139309,-0.0393266,0.170928,-0.0846987,-0.0390616,-0.0269936,-0.01734,0.160531,0.192427,0.0157166,-0.0649684,-0.213746,0.0669231,0.11376,-0.336585,0.304199,-0.0108237,-0.0908939,-0.13094,-0.0355273,-0.149593,0.102059,-0.0335524,-0.169256,-0.0910343,-0.164341,0.0966647,-0.04103,-0.0263264,0.136688,-0.0184823,0.373033,-0.0268243,0.0556995,-0.0330085,0.0333822,-0.351523,0.120097,0.248031,-0.00913733,0.0024651,-0.0190567,-0.0750022,0.0322523,-0.0096268,0.0203768,0.0214726,6.28292e-05,3.39788e-06,-0.238967,-0.24281,-0.0976625,0.922473,-1.14186,-0.124516,0.853666,0.825889,-1.06296,0.0739436,0.251105,-0.0649298,1.13351,0.219932,-1.15212,-0.236634,-0.256905,-0.0966857,0.933799,-1.12528,-0.0940183,0.845313,0.82933,-1.09807,0.0758415,0.249896,-0.113574,1.11185,0.204782,-1.13879,-0.189036,-0.199309,-0.0393266,0.170928,-0.0846987,-0.0390616,-0.0269936,-0.01734,0.160531,0.192427,0.165717,-0.214968,-0.213746,0.186923,0.23376,-0.336585,0.304199,-0.0708237,-0.150894,-0.38094,-0.285527,-0.149593,0.102059,-0.0335524,-0.169256,-0.179483,-0.181405,-0.0195325,0.184495,-0.228373,-0.0370147,-0.0511793,-0.0249032,0.170733,0.165178,0.228046,-0.285874,-0.212591,0.156972,0.245553,-0.33114,0.298972,-0.0924649,0.506756,-0.392669,-0.299425,0.0439863,-0.230424,-0.0335678,-0.169207,0.998479,-0.00267721,0.046292,0.0298245,-0.651067,-0.017953,-0.00767304,0.758769
-0.114725,-0.291819,-0.0516786,-0.0837612,-0.202379,-0.0370147,-0.0511793,0,-0.0561836,-0.0919379,0.228046,-0.285874,0,0.123875,0.332868,-0.33114,0.298972,-0.067636,0.100564,-0.392669,-0.299425,0.00693315,0.152668,-0.0335678,-0.169207,0,0,0,0,0,0,0,0,0,0,0,0,0,0,0,0,0,0,0,0,0,0,0,0,0,0,0,0,0.997257,0.0598014,-0.059164,0.998124,-0.044465,0.0131424,0.0400269,-0.0202435,-0.00750726,-0.130932,-0.142584,-0.0371424,0.170033,-0.0853199,-0.0364017,-0.0276204,-0.00964752,0.160002,0.193571,0.0151932,-0.0645353,-0.221089,0.0695055,0.118673,-0.336747,0.304221,-0.0113693,-0.0924229,-0.130309,-0.0357734,-0.149144,0.102541,-0.0335514,-0.169256,-0.0971637,-0.161436,0.117345,-0.0479204,-0.0351722,0.130278,-0.0414329,0.380919,-0.0271488,0.0564547,-0.0203485,0.0125095,-0.340141,0.135078,0.241693,-0.00705001,0.000166906,-0.0326959,-0.0769494,0.0306843,-0.0140319,0.0243412,0.026139,7.87996e-05,6.82776e-05,-0.236634,-0.256905,-0.0966857,0.933799,-1.12528,-0.0940183,0.845313,0.82933,-1.09807,0.0758415,0.249896,-0.113574,1.11185,0.204782,-1.13879,-0.233325,-0.270895,-0.0964643,0.945106,-1.11026,-0.0643023,0.834335,0.835568,-1.13128,0.0786651,0.24798,-0.156907,1.09413,0.188828,-1.13045,-0.190932,-0.202584,-0.0371424,0.170033,-0.0853199,-0.0364017,-0.0276204,-0.00964752,0.160002,0.193571,0.165193,-0.214535,-0.221089,0.189505,0.238673,-0.336747,0.304221,-0.0713693,-0.152423,-0.380309,-0.285773,-0.149144,0.102541,-0.0335514,-0.169256,-0.178317,-0.188453,-0.0193371,0.18676,-0.225056,-0.0370147,-0.0511793,-0.0188037,0.169063,0.165866,0.228046,-0.285874,-0.219614,0.157921,0.244948,-0.33114,0.298972,-0.116787,0.495927,-0.392669,-0.299425,0.0409565,-0.227758,-0.0335678,-0.169207,0.998491,-0.00227622,0.0461057,0.0297381,-0.651067,-0.017953,-0.00767304,0.758769
-0.114725,-0.291819,-0.0516786,-0.0837612,-0.202379,-0.0370147,-0.0511793,0,-0.0561836,-0.0919379,0.228046,-0.285874,0,0.123875,0.332868,-0.33114,0.298972,-0.067636,0.100564,-0.392669,-0.299425,0.00693315,0.152668,-0.0335678,-0.169207,0,0,0,0,0,0,0,0,0,0,0,0,0,0,0,0,0,0,0,0,0,0,0,0,0,0,0,0,0.997258,0.0595611,-0.0589568,0.998149,-0.0447218,0.0123026,0.0417765,-0.0157988,-0.00892694,-0.132951,-0.145776,-0.0345666,0.169029,-0.0860923,-0.0338991,-0.0286696,-0.00212252,0.159467,0.194725,0.0149365,-0.06449,-0.227899,0.0723897,0.123416,-0.336862,0.304204,-0.0121903,-0.0939719,-0.129722,-0.0360895,-0.148627,0.103106,-0.03355,-0.169254,-0.103009,-0.156187,0.135859,-0.0521124,-0.0417222,0.121421,-0.0609796,0.360133,-0.0273875,0.0566498,-0.00662932,-0.00556668,-0.305801,0.150025,0.2315,-0.00451742,-0.00160408,-0.0465435,-0.0772422,0.0282243,-0.0168756,0.0273186,0.0298623,0.000102178,0.00013585,-0.233325,-0.270895,-0.0964643,0.945106,-1.11026,-0.0643023,0.834335,0.835568,-1.13128,0.0786651,0.24798,-0.156907,1.09413,0.188828,-1.13045,-0.229691,-0.284157,-0.0968672,0.956628,-1.09689,-0.0369208,0.82181,0.844259,-1.16104,0.0821141,0.245883,-0.191893,1.08066,0.173231,-1.12569,-0.192951,-0.205776,-0.0345666,0.169029,-0.0860923,-0.0338991,-0.0286696,-0.00212252,0.159467,0.194725,0.164937,-0.21449,-0.227899,0.19239,0.243416,-0.336862,0.304204,-0.0721903,-0.153972,-0.379722,-0.28609,-0.148627,0.103106,-0.03355,-0.169254,-0.176662,-0.195448,-0.0192929,0.189021,-0.222053,-0.0370147,-0.0511793,-0.0128605,0.166867,0.167114,0.228046,-0.285874,-0.226255,0.159333,0.24399,-0.33114,0.298972,-0.138454,0.487066,-0.392669,-0.299425,0.0377655,-0.22609,-0.0335678,-0.169207,0.998502,-0.00185446,0.045965,0.0296383,-0.651067,-0.017953,-0.00767304,0.758769
-0.114725,-0.291819,-0.0516786,-0.0837612,-0.202379,-0.0370147,-0.0511793,0,-0.0561836,-0.0919379,0.228046,-0.285874,0,0.123875,0.332868,-0.33114,0.298972,-0.067636,0.100564,-0.392669,-0.299425,0.00693315,0.152668,-0.0335678,-0.169207,0,0,0,0,0,0,0,0,0,0,0,0,0,0,0,0,0,0,0,0,0,0,0,0,0,0,0,0,0.997265,0.0592906,-0.0587211,0.998175,-0.0448896,0.0114596,0.0418604,-0.0114757,-0.0102749,-0.135068,-0.148826,-0.0316624,0.167968,-0.0869742,-0.0315846,-0.0300736,0.00469016,0.158928,0.195868,0.0149567,-0.0647686,-0.233815,0.0755499,0.127904,-0.336924,0.304156,-0.0132771,-0.0955049,-0.129186,-0.0364491,-0.148059,0.103735,-0.033548,-0.169251,-0.107031,-0.147547,0.150531,-0.0540099,-0.0463613,0.111662,-0.0771799,0.314368,-0.0274139,0.0554047,0.00715789,-0.020158,-0.25894,0.162722,0.216676,-0.00190059,-0.0029306,-0.0594071,-0.0756292,0.0256248,-0.0185899,0.0294154,0.0327486,0.000123054,0.000191676,-0.229691,-0.284157,-0.0968672,0.956628,-1.09689,-0.0369208,0.82181,0.844259,-1.16104,0.0821141,0.245883,-0.191893,1.08066,0.173231,-1.12569,-0.226416,-0.296271,-0.0972566,0.968196,-1.08486,-0.0131101,0.808556,0.854944,-1.18642,0.0861587,0.244163,-0.216982,1.07271,0.159402,-1.12289,-0.195068,-0.208826,-0.0316624,0.167968,-0.0869742,-0.0315846,-0.0300736,0.00469016,0.158928,0.195868,0.164957,-0.214769,-0.233815,0.19555,0.247904,-0.336924,0.304156,-0.0732771,-0.155505,-0.379186,-0.286449,-0.148059,0.103735,-0.033548,-0.169251,-0.174845,-0.202078,-0.0193734,0.191326,-0.219377,-0.0370147,-0.0511793,-0.00738415,0.164362,0.168852,0.228046,-0.285874,-0.232207,0.161057,0.242942,-0.33114,0.298972,-0.155946,0.48033,-0.392669,-0.299425,0.0346463,-0.225138,-0.0335678,-0.169207,0.99851,-0.00142893,0.0458689,0.0295242,-0.651067,-0.017953,-0.00767304,0.758769
-0.114725,-0.291819,-0.0516786,-0.0837612,-0.202379,-0.0370147,-0.0511793,0,-0.0561836,-0.0919379,0.228046,-0.285874,0,0.123875,0.332868,-0.33114,0.298972,-0.067636,0.100564,-0.392669,-0.299425,0.00693315,0.152668,-0.0335678,-0.169207,0,0,0,0,0,0,0,0,0,0,0,0,0,0,0,0,0,0,0,0,0,0,0,0,0,0,0,0,0.997276,0.0589976,-0.0584633,0.998201,-0.0449752,0.0106436,0.0404613,-0.00729126,-0.011295,-0.137242,-0.151667,-0.0285155,0.166889,-0.0879309,-0.0294691,-0.0317663,0.0103588,0.15839,0.196967,0.015245,-0.0652969,-0.238703,0.0789272,0.132044,-0.336935,0.304085,-0.0146014,-0.0969831,-0.1287,-0.0368356,-0.147458,0.104414,-0.0335456,-0.169248,-0.108859,-0.13573,0.160671,-0.0540277,-0.0493904,0.101555,-0.090125,0.250531,-0.0271982,0.0525508,0.0201126,-0.030901,-0.210068,0.172052,0.197426,0.000505538,-0.0039118,-0.0705939,-0.0720908,0.0233095,-0.0197011,0.0307955,0.0349133,0.000132246,0.00022459,-0.226416,-0.296271,-0.0972566,0.968196,-1.08486,-0.0131101,0.808556,0.854944,-1.18642,0.0861587,0.244163,-0.216982,1.07271,0.159402,-1.12289,-0.223978,-0.306738,-0.0971205,0.979226,-1.07432,0.00618153,0.795311,0.867081,-1.20704,0.0907126,0.243316,-0.231623,1.07145,0.148425,-1.12095,-0.197242,-0.211667,-0.0285155,0.166889,-0.0879309,-0.0294691,-0.0317663,0.0103588,0.15839,0.196967,0.165245,-0.215297,-0.238703,0.198927,0.252044,-0.336935,0.304085,-0.0746014,-0.156983,-0.3787,-0.286836,-0.147458,0.104414,-0.0335456,-0.169248,-0.173208,-0.208136,-0.0194513,0.193639,-0.216973,-0.0370147,-0.0511793,-0.00262202,0.161711,0.170989,0.228046,-0.285874,-0.237283,0.163079,0.242082,-0.33114,0.298972,-0.168491,0.476356,-0.392669,-0.299425,0.0318804,-0.224578,-0.0335678,-0.169207,0.998517,-0.00101506,0.0458143,0.0293987,-0.651067,-0.017953,-0.00767304,0.758769
-0.114725,-0.291819,-0.0516786,-0.0837612,-0.202379,-0.0370147,-0.0511793,0,-0.0561836,-0.0919379,0.228046,-0.285874,0,0.123875,0.332868,-0.33114,0.298972,-0.067636,0.100564,-0.392669,-0.299425,0.00693315,0.152668,-0.0335678,-0.169207,0,0,0,0,0,0,0,0,0,0,0,0,0,0,0,0,0,0,0,0,0,0,0,0,0,0,0,0,0.997291,0.0586928,-0.0581926,0.998227,-0.0449831,0.00987996,0.0378708,-0.00311173,-0.0118817,-0.139431,-0.154245,-0.0252183,0.165827,-0.0889338,-0.0275592,-0.0336832,0.0146148,0.157857,0.197991,0.0157757,-0.065997,-0.242589,0.0824495,0.135756,-0.336903,0.303998,-0.0161257,-0.0983701,-0.128257,-0.0372414,-0.146834,0.10513,-0.0335432,-0.169243,-0.108696,-0.121512,0.166206,-0.0526336,-0.0511364,0.0911043,-0.0999061,0.177412,-0.0267966,0.0482428,0.031435,-0.0377513,-0.164386,0.177667,0.174534,0.00251871,-0.00460154,-0.0797888,-0.0668437,0.021403,-0.0205616,0.0316382,0.0364795,0.000129387,0.000235633,-0.223978,-0.306738,-0.0971205,0.979226,-1.07432,0.00618153,0.795311,0.867081,-1.20704,0.0907126,0.243316,-0.231623,1.07145,0.148425,-1.12095,-0.222637,-0.315189,-0.0961434,0.988876,-1.06542,0.0203817,0.782782,0.880326,-1.223,0.0956785,0.243642,-0.235625,1.07765,0.140934,-1.11937,-0.199431,-0.214245,-0.0252183,0.165827,-0.0889338,-0.0275592,-0.0336832,0.0146148,0.157857,0.197991,0.165776,-0.215997,-0.242589,0.20245,0.255756,-0.336903,0.303998,-0.0761257,-0.15837,-0.378257,-0.287241,-0.146834,0.10513,-0.0335432,-0.169243,-0.171989,-0.213369,-0.0194241,0.195845,-0.214863,-0.0370147,-0.0511793,0.00123631,0.159062,0.173416,0.228046,-0.285874,-0.241407,0.165356,0.241658,-0.33114,0.298972,-0.175812,0.475724,-0.392669,-0.299425,0.029685,-0.22419,-0.0335678,-0.169207,0.998522,-0.000625841,0.0457995,0.0292665,-0.651067,-0.017953,-0.00767304,0.758769
-0.114725,-0.291819,-0.0516786,-0.0837612,-0.202379,-0.0370147,-0.0511793,0,-0.0561836,-0.0919379,0.228046,-0.285874,0,0.123875,0.332868,-0.33114,0.298972,-0.067636,0.100564,-0.392669,-0.299425,0.00693315,0.152668,-0.0335678,-0.169207,0,0,0,0,0,0,0,0,0,0,0,0,0,0,0,0,0,0,0,0,0,0,0,0,0,0,0,0,0.997311,0.0583853,-0.0579169,0.998252,-0.0449142,0.00918744,0.0344869,0.00121035,-0.0121988,-0.141599,-0.156521,-0.0218581,0.164802,-0.0899614,-0.0258637,-0.0357623,0.0173704,0.157334,0.198918,0.0165083,-0.0667935,-0.245556,0.0860417,0.13898,-0.336835,0.303901,-0.0178083,-0.099635,-0.127848,-0.0376634,-0.146197,0.105871,-0.033541,-0.169239,-0.106856,-0.1059,0.16763,-0.0503565,-0.0519714,0.0801179,-0.106643,0.103813,-0.0260199,0.0430299,0.040435,-0.0409683,-0.122771,0.179532,0.149036,0.00405958,-0.00502111,-0.0868559,-0.0602061,0.0197978,-0.0213262,0.0321246,0.0375901,0.000118427,0.000230834,-0.222637,-0.315189,-0.0961434,0.988876,-1.06542,0.0203817,0.782782,0.880326,-1.223,0.0956785,0.243642,-0.235625,1.07765,0.140934,-1.11937,-0.222422,-0.32139,-0.0942128,0.996633,-1.05815,0.0293197,0.77137,0.894509,-1.23458,0.101037,0.245253,-0.228724,1.09163,0.137226,-1.11802,-0.201599,-0.216521,-0.0218581,0.164802,-0.0899614,-0.0258637,-0.0357623,0.0173704,0.157334,0.198918,0.166508,-0.216793,-0.245556,0.206042,0.25898,-0.336835,0.303901,-0.0778083,-0.159635,-0.377848,-0.287663,-0.146197,0.105871,-0.033541,-0.169239,-0.171319,-0.217595,-0.0192287,0.197775,-0.213084,-0.0370147,-0.0511793,0.00407635,0.156556,0.176065,0.228046,-0.285874,-0.244599,0.167839,0.241821,-0.33114,0.298972,-0.177812,0.478825,-0.392669,-0.299425,0.0281869,-0.223874,-0.0335678,-0.169207,0.998525,-0.000270943,0.0458241,0.0291315,-0.651067,-0.017953,-0.00767304,0.758769
-0.114725,-0.291819,-0.0516786,-0.0837612,-0.202379,-0.0370147,-0.0511793,0,-0.0561836,-0.0919379,0.228046,-0.285874,0,0.123875,0.332868,-0.33114,0.298972,-0.067636,0.100564,-0.392669,-0.299425,0.00693315,0.152668,-0.0335678,-0.169207,0,0,0,0,0,0,0,0,0,0,0,0,0,0,0,0,0,0,0,0,0,0,0,0,0,0,0,0,0.997333,0.0580784,-0.057639,0.998275,-0.0447657,0.00857734,0.0307299,0.00576957,-0.0125381,-0.143714,-0.158478,-0.018509,0.163827,-0.0909995,-0.0243954,-0.0379442,0.0187005,0.156833,0.199735,0.0173905,-0.0676185,-0.247679,0.0896295,0.141672,-0.336742,0.303797,-0.0196061,-0.100754,-0.12747,-0.0380998,-0.145552,0.106632,-0.033539,-0.169235,-0.103605,-0.089826,0.165675,-0.0477077,-0.0522669,0.0684219,-0.110499,0.0370017,-0.0245732,0.0375732,0.0466173,-0.0410009,-0.0842547,0.177753,0.121912,0.00511933,-0.00517802,-0.0917452,-0.0524916,0.0182587,-0.0219866,0.0324144,0.0383886,0.000103687,0.000216267,-0.222422,-0.32139,-0.0942128,0.996633,-1.05815,0.0293197,0.77137,0.894509,-1.23458,0.101037,0.245253,-0.228724,1.09163,0.137226,-1.11802,-0.223184,-0.325256,-0.0913806,1.0027,-1.05221,0.0332154,0.760988,0.909637,-1.24209,0.106904,0.24813,-0.21028,1.11332,0.137389,-1.11691,-0.203714,-0.218478,-0.018509,0.163827,-0.0909995,-0.0243954,-0.0379442,0.0187005,0.156833,0.199735,0.167391,-0.217618,-0.247679,0.20963,0.261672,-0.336742,0.303797,-0.0796061,-0.160754,-0.37747,-0.2881,-0.145552,0.106632,-0.033539,-0.169235,-0.171211,-0.220695,-0.0188426,0.199327,-0.21163,-0.0370147,-0.0511793,0.00586395,0.154274,0.178902,0.228046,-0.285874,-0.246916,0.170519,0.242626,-0.33114,0.298972,-0.174362,0.485813,-0.392669,-0.299425,0.0274452,-0.223603,-0.0335678,-0.169207,0.998526,4.39412e-05,0.0458899,0.0289951,-0.651067,-0.017953,-0.00767304,0.758769
-0.114725,-0.291819,-0.0516786,-0.0837612,-0.202379,-0.0370147,-0.0511793,0,-0.0561836,-0.0919379,0.228046,-0.285874,0,0.123875,0.332868,-0.33114,0.298972,-0.067636,0.100564,-0.392669,-0.299425,0.00693315,0.152668,-0.0335678,-0.169207,0,0,0,0,0,0,0,0,0,0,0,0,0,0,0,0,0,0,0,0,0,0,0,0,0,0,0,0,0.99736,0.0577702,-0.0573567,0.998297,-0.0445327,0.0080541,0.0269238,0.0106162,-0.0130726,-0.145752,-0.160114,-0.0152317,0.162905,-0.0920407,-0.0231696,-0.0401736,0.0188004,0.156369,0.200443,0.0183633,-0.0684136,-0.249013,0.0931432,0.14381,-0.336632,0.303694,-0.0214755,-0.101707,-0.127125,-0.0385474,-0.144901,0.107406,-0.0335373,-0.169231,-0.0992861,-0.0740044,0.16096,-0.0450571,-0.052297,0.0559354,-0.111702,-0.0182381,-0.0223725,0.0323306,0.0497838,-0.0383449,-0.047929,0.172636,0.0939445,0.00573446,-0.00507972,-0.0944876,-0.043947,0.0165177,-0.0224484,0.0326147,0.0389811,8.82112e-05,0.00019618,-0.223184,-0.325256,-0.0913806,1.0027,-1.05221,0.0332154,0.760988,0.909637,-1.24209,0.106904,0.24813,-0.21028,1.11332,0.137389,-1.11691,-0.224539,-0.326912,-0.0876822,1.00752,-1.04713,0.0325968,0.75129,0.925587,-1.24578,0.113551,0.252105,-0.178883,1.14246,0.14153,-1.11606,-0.205752,-0.220114,-0.0152317,0.162905,-0.0920407,-0.0231696,-0.0401736,0.0188004,0.156369,0.200443,0.168363,-0.218414,-0.249013,0.213143,0.26381,-0.336632,0.303694,-0.0814755,-0.161707,-0.377125,-0.288547,-0.144901,0.107406,-0.0335373,-0.169231,-0.171592,-0.222628,-0.0182761,0.200539,-0.210442,-0.0370147,-0.0511793,0.00664308,0.152198,0.181927,0.228046,-0.285874,-0.248418,0.173452,0.244065,-0.33114,0.298972,-0.16514,0.496662,-0.392669,-0.299425,0.0274778,-0.223381,-0.0335678,-0.169207,0.998525,0.000316708,0.0459992,0.0288562,-0.651067,-0.017953,-0.00767304,0.758769
-0.114725,-0.291819,-0.0516786,-0.0837612,-0.202379,-0.0370147,-0.0511793,0,-0.0561836,-0.0919379,0.228046,-0.285874,0,0.123875,0.332868,-0.33114,0.298972,-0.067636,0.100564,-0.392669,-0.299425,0.00693315,0.152668,-0.0335678,-0.169207,0,0,0,0,0,0,0,0,0,0,0,0,0,0,0,0,0,0,0,0,0,0,0,0,0,0,0,0,0.997391,0.0574559,-0.0570651,0.998319,-0.0442092,0.00761742,0.023258,0.0157434,-0.0138637,-0.147695,-0.161439,-0.0120754,0.162035,-0.0930813,-0.0222021,-0.0424001,0.0179319,0.155955,0.201049,0.0193669,-0.0691304,-0.249597,0.0965201,0.145383,-0.336515,0.303595,-0.0233741,-0.102481,-0.126819,-0.0390009,-0.144247,0.10819,-0.0335359,-0.169228,-0.0942246,-0.0588615,0.154019,-0.0425947,-0.0522067,0.0426534,-0.110505,-0.0598036,-0.0194774,0.0275356,0.0500276,-0.0334871,-0.0133651,0.164569,0.0656249,0.00595902,-0.00474603,-0.0951343,-0.0346988,0.0143828,-0.0226028,0.0327808,0.0394249,7.30907e-05,0.000172546,-0.224539,-0.326912,-0.0876822,1.00752,-1.04713,0.0325968,0.75129,0.925587,-1.24578,0.113551,0.252105,-0.178883,1.14246,0.14153,-1.11606,-0.226108,-0.326582,-0.0830356,1.01135,-1.04248,0.0282281,0.741732,0.942292,-1.24592,0.121204,0.256885,-0.134646,1.17877,0.149344,-1.11577,-0.207695,-0.221439,-0.0120754,0.162035,-0.0930813,-0.0222021,-0.0424001,0.0179319,0.155955,0.201049,0.169367,-0.21913,-0.249597,0.21652,0.265383,-0.336515,0.303595,-0.0833741,-0.162481,-0.376819,-0.289001,-0.144247,0.10819,-0.0335359,-0.169228,-0.17227,-0.223456,-0.0175364,0.201503,-0.209425,-0.0370147,-0.0511793,0.00651936,0.150258,0.185117,0.228046,-0.285874,-0.249156,0.176776,0.246052,-0.33114,0.298972,-0.149441,0.51123,-0.392669,-0.299425,0.0283059,-0.223211,-0.0335678,-0.169207,0.998521,0.000547694,0.046155,0.0287124,-0.651067,-0.017953,-0.00767304,0.758769
-0.114725,-0.291819,-0.0516786,-0.0837612,-0.202379,-0.0370147,-0.0511793,0,-0.0561836,-0.0919379,0.228046,-0.285874,0,0.123875,0.332868,-0.33114,0.298972,-0.067636,0.100564,-0.392669,-0.299425,0.00693315,0.152668,-0.0335678,-0.169207,0,0,0,0,0,0,0,0,0,0,0,0,0,0,0,0,0,0,0,0,0,0,0,0,0,0,0,0,0.997427,0.0571293,-0.0567584,0.99834,-0.0437898,0.00726496,0.0197664,0.0211057,-0.0149931,-0.149531,-0.16247,-0.00907736,0.161211,-0.0941189,-0.0215088,-0.0445779,0.0163733,0.155605,0.201565,0.0203461,-0.0697301,-0.249477,0.0997076,0.146385,-0.336396,0.303505,-0.0252627,-0.10306,-0.12656,-0.0394531,-0.143589,0.108982,-0.0335349,-0.169225,-0.088776,-0.0445665,0.145496,-0.0402768,-0.0519678,0.0285877,-0.107103,-0.0878823,-0.0159833,0.0233382,0.0476653,-0.0269169,0.0189675,0.154161,0.0371095,0.00585794,-0.00420986,-0.0939474,-0.024715,0.0117559,-0.0223767,0.0329022,0.0397256,5.68091e-05,0.000144665,-0.226108,-0.326582,-0.0830356,1.01135,-1.04248,0.0282281,0.741732,0.942292,-1.24592,0.121204,0.256885,-0.134646,1.17877,0.149344,-1.11577,-0.227561,-0.324559,-0.0773636,1.01428,-1.03803,0.0209163,0.731844,0.959498,-1.24278,0.129868,0.26215,-0.0794161,1.22166,0.160047,-1.11666,-0.209531,-0.22247,-0.00907736,0.161211,-0.0941189,-0.0215088,-0.0445779,0.0163733,0.155605,0.201565,0.170346,-0.21973,-0.249477,0.219708,0.266385,-0.336396,0.303505,-0.0852627,-0.16306,-0.37656,-0.289453,-0.143589,0.108982,-0.0335349,-0.169225,-0.173054,-0.223291,-0.0166071,0.202271,-0.208497,-0.0370147,-0.0511793,0.00564562,0.148346,0.188458,0.228046,-0.285874,-0.249184,0.180602,0.248442,-0.33114,0.298972,-0.127323,0.529385,-0.392669,-0.299425,0.0298689,-0.223154,-0.0335678,-0.169207,0.998516,0.000738289,0.0463601,0.0285608,-0.651067,-0.017953,-0.00767304,0.758769
-0.114725,-0.291819,-0.0516786,-0.0837612,-0.202379,-0.0370147,-0.0511793,0,-0.0561836,-0.0919379,0.228046,-0.285874,0,0.123875,0.332868,-0.33114,0.298972,-0.067636,0.100564,-0.392669,-0.299425,0.00693315,0.152668,-0.0335678,-0.169207,0,0,0,0,0,0,0,0,0,0,0,0,0,0,0,0,0,0,0,0,0,0,0,0,0,0,0,0,0.997469,0.0567824,-0.0564284,0.998362,-0.0432703,0.00699512,0.0163647,0.0266123,-0.0165769,-0.151256,-0.163221,-0.00626149,0.160434,-0.095149,-0.0211045,-0.0466645,0.0143778,0.155329,0.202002,0.0212537,-0.0701841,-0.248705,0.102667,0.146812,-0.336283,0.303427,-0.0271095,-0.10343,-0.126359,-0.0398959,-0.142929,0.109777,-0.0335342,-0.169223,-0.0832416,-0.0310678,0.13608,-0.0378976,-0.0514377,0.0138458,-0.101657,-0.104453,-0.0119723,0.0198144,0.0431631,-0.0191329,0.0484774,0.142131,0.00833232,0.00550839,-0.00350773,-0.0913488,-0.0138938,0.00861902,-0.0217269,0.0329135,0.0398491,4.00812e-05,0.000114338,-0.227561,-0.324559,-0.0773636,1.01428,-1.03803,0.0209163,0.731844,0.959498,-1.24278,0.129868,0.26215,-0.0794161,1.22166,0.160047,-1.11666,-0.228579,-0.321119,-0.0709391,1.01585,-1.03388,0.0115477,0.721942,0.976748,-1.23666,0.139381,0.267672,-0.0155565,1.26935,0.172367,-1.12037,-0.211256,-0.223221,-0.00626149,0.160434,-0.095149,-0.0211045,-0.0466645,0.0143778,0.155329,0.202002,0.171254,-0.220184,-0.248705,0.222667,0.266812,-0.336283,0.303427,-0.0871095,-0.16343,-0.376359,-0.289896,-0.142929,0.109777,-0.0335342,-0.169223,-0.173781,-0.222279,-0.0154727,0.202856,-0.207605,-0.0370147,-0.0511793,0.00418327,0.146369,0.1919,0.228046,-0.285874,-0.248556,0.184934,0.251075,-0.33114,0.298972,-0.099708,0.550831,-0.392669,-0.299425,0.0320094,-0.223331,-0.0335678,-0.169207,0.998509,0.000889544,0.0466164,0.0283972,-0.651067,-0.017953,-0.00767304,0.758769
-0.114725,-0.291819,-0.0516786,-0.0837612,-0.202379,-0.0370147,-0.0511793,0,-0.0561836,-0.0919379,0.228046,-0.285874,0,0.123875,0.332868,-0.33114,0.298972,-0.067636,0.100564,-0.392669,-0.299425,0.00693315,0.152668,-0.0335678,-0.169207,0,0,0,0,0,0,0,0,0,0,0,0,0,0,0,0,0,0,0,0,0,0,0,0,0,0,0,0,0.997516,0.0564037,-0.0560638,0.998385,-0.0426503,0.00680755,0.013022,0.0319785,-0.0188292,-0.152865,-0.163706,-0.00363935,0.159707,-0.096165,-0.0209975,-0.048622,0.0121534,0.155142,0.202376,0.0220523,-0.0704738,-0.247345,0.105371,0.146659,-0.336179,0.303366,-0.0288912,-0.103573,-0.126225,-0.0403199,-0.142271,0.110572,-0.0335338,-0.169221,-0.0774407,-0.0181,0.126297,-0.0353327,-0.0505678,-0.0010746,-0.0944716,-0.111837,-0.00721778,0.0170915,0.0370312,-0.0106725,0.0749637,0.128962,-0.0206265,0.00499299,-0.0026622,-0.0877286,-0.0023235,0.00507242,-0.0205965,0.0327419,0.039738,3.02124e-05,9.03807e-05,-0.228579,-0.321119,-0.0709391,1.01585,-1.03388,0.0115477,0.721942,0.976748,-1.23666,0.139381,0.267672,-0.0155565,1.26935,0.172367,-1.12037,-0.229063,-0.316563,-0.0640962,1.01572,-1.03024,0.000666785,0.712262,0.993731,-1.22784,0.149363,0.273176,0.0542346,1.31963,0.18484,-1.12835,-0.212865,-0.223706,-0.00363935,0.159707,-0.096165,-0.0209975,-0.048622,0.0121534,0.155142,0.202376,0.172052,-0.220474,-0.247345,0.225371,0.266659,-0.336179,0.303366,-0.0888912,-0.163573,-0.376225,-0.29032,-0.142271,0.110572,-0.0335338,-0.169221,-0.17429,-0.220559,-0.0141878,0.203171,-0.206775,-0.0370147,-0.0511793,0.00230954,0.144388,0.19535,0.228046,-0.285874,-0.247333,0.18969,0.253836,-0.33114,0.298972,-0.0677782,0.574675,-0.392669,-0.299425,0.0344734,-0.224073,-0.0335678,-0.169207,0.998499,0.00100189,0.0469243,0.0282162,-0.651067,-0.017953,-0.00767304,0.758769
-0.114725,-0.291819,-0.0516786,-0.0837612,-0.202379,-0.0370147,-0.0511793,0,-0.0561836,-0.0919379,0.228046,-0.285874,0,0.123875,0.332868,-0.33114,0.298972,-0.067636,0.100564,-0.392669,-0.299425,0.00693315,0.152668,-0.0335678,-0.169207,0,0,0,0,0,0,0,0,0,0,0,0,0,0,0,0,0,0,0,0,0,0,0,0,0,0,0,0,0.997569,0.0559789,-0.0556503,0.998409,-0.0419356,0.00670108,0.00980477,0.0369225,-0.0218077,-0.154352,-0.163933,-0.00121673,0.159032,-0.0971613,-0.0211833,-0.0504207,0.00984879,0.15506,0.202703,0.0227153,-0.0705919,-0.245456,0.107799,0.145926,-0.336086,0.303322,-0.0305902,-0.103479,-0.126165,-0.0407159,-0.141619,0.111362,-0.0335335,-0.16922,-0.0710855,-0.00544611,0.116238,-0.0326462,-0.0494627,-0.0154344,-0.0860141,-0.113473,-0.00160141,0.0151671,0.0298098,-0.00207258,0.0989159,0.114843,-0.0495338,0.00438511,-0.00171993,-0.0833128,0.00977955,0.00127223,-0.0190351,0.0323565,0.0393841,2.89599e-05,7.51172e-05,-0.229063,-0.316563,-0.0640962,1.01572,-1.03024,0.000666785,0.712262,0.993731,-1.22784,0.149363,0.273176,0.0542346,1.31963,0.18484,-1.12835,-0.228921,-0.311134,-0.0571029,1.01385,-1.02707,-0.011402,0.702798,1.00993,-1.2165,0.159537,0.278322,0.127293,1.37046,0.196243,-1.14117,-0.214352,-0.223933,-0.00121673,0.159032,-0.0971613,-0.0211833,-0.0504207,0.00984879,0.15506,0.202703,0.172715,-0.220592,-0.245456,0.227799,0.265926,-0.336086,0.303322,-0.0905902,-0.163479,-0.376165,-0.290716,-0.141619,0.111362,-0.0335335,-0.16922,-0.174531,-0.218281,-0.0128192,0.203143,-0.206048,-0.0370147,-0.0511793,0.000133357,0.142452,0.198746,0.228046,-0.285874,-0.245569,0.194682,0.256588,-0.33114,0.298972,-0.0328827,0.599817,-0.392669,-0.299425,0.0369679,-0.225671,-0.0335678,-0.169207,0.998488,0.00107617,0.0472807,0.0280104,-0.651067,-0.017953,-0.00767304,0.758769
-0.114725,-0.291819,-0.0516786,-0.0837612,-0.202379,-0.0370147,-0.0511793,0,-0.0561836,-0.0919379,0.228046,-0.285874,0,0.123875,0.332868,-0.33114,0.298972,-0.067636,0.100564,-0.392669,-0.299425,0.00693315,0.152668,-0.0335678,-0.169207,0,0,0,0,0,0,0,0,0,0,0,0,0,0,0,0,0,0,0,0,0,0,0,0,0,0,0,0,0.997629,0.0554968,-0.055177,0.998437,-0.0411369,0.00667235,0.0067557,0.0411781,-0.0251361,-0.155701,-0.163905,0.000996398,0.158411,-0.0981351,-0.0216419,-0.05204,0.00753607,0.155095,0.202994,0.0232273,-0.0705405,-0.243078,0.109935,0.144615,-0.336005,0.303298,-0.0321929,-0.103139,-0.126182,-0.0410764,-0.140977,0.112141,-0.0335331,-0.169219,-0.0639802,0.00727445,0.105489,-0.0299617,-0.0483037,-0.0284838,-0.0767094,-0.11334,0.00451038,0.0135354,0.0220792,0.00621646,0.12144,0.0999338,-0.0782193,0.00372899,-0.000744078,-0.0782634,0.0221674,-0.00254783,-0.0171468,0.0317573,0.0388219,3.14182e-05,6.36467e-05,-0.228921,-0.311134,-0.0571029,1.01385,-1.02707,-0.011402,0.702798,1.00993,-1.2165,0.159537,0.278322,0.127293,1.37046,0.196243,-1.14117,-0.2281,-0.305211,-0.050161,1.01054,-1.02417,-0.024638,0.69341,1.02467,-1.2027,0.169662,0.282864,0.201708,1.42014,0.205956,-1.15876,-0.215701,-0.223905,0.000996398,0.158411,-0.0981351,-0.0216419,-0.05204,0.00753607,0.155095,0.202994,0.173227,-0.22054,-0.243078,0.229935,0.264615,-0.336005,0.303298,-0.0921929,-0.163139,-0.376182,-0.291076,-0.140977,0.112141,-0.0335331,-0.169219,-0.174461,-0.215567,-0.0114206,0.202771,-0.205413,-0.0370147,-0.0511793,-0.0022804,0.14056,0.201987,0.228046,-0.285874,-0.2433,0.199769,0.259161,-0.33114,0.298972,0.00364635,0.625231,-0.392669,-0.299425,0.0392486,-0.228235,-0.0335678,-0.169207,0.998476,0.00111415,0.0476803,0.0277743,-0.651067,-0.017953,-0.00767304,0.758769
-0.114725,-0.291819,-0.0516786,-0.0837612,-0.202379,-0.0370147,-0.0511793,0,-0.0561836,-0.0919379,0.228046,-0.285874,0,0.123875,0.332868,-0.33114,0.298972,-0.067636,0.100564,-0.392669,-0.299425,0.00693315,0.152668,-0.0335678,-0.169207,0,0,0,0,0,0,0,0,0,0,0,0,0,0,0,0,0,0,0,0,0,0,0,0,0,0,0,0,0.997694,0.054957,-0.0546436,0.998466,-0.0402688,0.00671602,0.00389655,0.0446484,-0.0281533,-0.156899,-0.163617,0.00297905,0.157841,-0.0990874,-0.0223412,-0.0534672,0.00520079,0.15525,0.203246,0.0235847,-0.0703299,-0.240224,0.111764,0.142734,-0.335938,0.303293,-0.0336876,-0.10255,-0.126272,-0.0413968,-0.140349,0.112907,-0.0335327,-0.169218,-0.0562637,0.0201965,0.0934375,-0.0274403,-0.0472659,-0.0397076,-0.066935,-0.115875,0.0103846,0.0114871,0.014427,0.013828,0.143904,0.0844283,-0.106358,0.00305119,0.000188347,-0.0726513,0.0345474,-0.00615318,-0.0151011,0.0309807,0.0380867,3.33512e-05,5.14808e-05,-0.2281,-0.305211,-0.050161,1.01054,-1.02417,-0.024638,0.69341,1.02467,-1.2027,0.169662,0.282864,0.201708,1.42014,0.205956,-1.15876,-0.226932,-0.29863,-0.0435074,1.00617,-1.02169,-0.0390978,0.684224,1.0377,-1.18662,0.179414,0.286898,0.276298,1.4675,0.214046,-1.1801,-0.216899,-0.223617,0.00297905,0.157841,-0.0990874,-0.0223412,-0.0534672,0.00520079,0.15525,0.203246,0.173585,-0.22033,-0.240224,0.231764,0.262734,-0.335938,0.303293,-0.0936876,-0.16255,-0.376272,-0.291397,-0.140349,0.112907,-0.0335327,-0.169218,-0.17405,-0.212606,-0.0100322,0.202109,-0.204833,-0.0370147,-0.0511793,-0.00492759,0.138682,0.204934,0.228046,-0.285874,-0.24054,0.204831,0.261432,-0.33114,0.298972,0.040854,0.650068,-0.392669,-0.299425,0.0411913,-0.231753,-0.0335678,-0.169207,0.998462,0.00111823,0.0481156,0.027508,-0.651067,-0.017953,-0.00767304,0.758769
-0.114725,-0.291819,-0.0516786,-0.0837612,-0.202379,-0.0370147,-0.0511793,0,-0.0561836,-0.0919379,0.228046,-0.285874,0,0.123875,0.332868,-0.33114,0.298972,-0.067636,0.100564,-0.392669,-0.299425,0.00693315,0.152668,-0.0335678,-0.169207,0,0,0,0,0,0,0,0,0,0,0,0,0,0,0,0,0,0,0,0,0,0,0,0,0,0,0,0,0.997762,0.0543758,-0.0540668,0.998497,-0.0393469,0.00682475,0.0012361,0.0472777,-0.0298863,-0.157938,-0.163066,0.00469589,0.157318,-0.100023,-0.0232413,-0.0546961,0.00275081,0.155508,0.20344,0.0237952,-0.069977,-0.236902,0.113277,0.1403,-0.335885,0.303306,-0.0350634,-0.101718,-0.12643,-0.0416753,-0.139738,0.113657,-0.0335322,-0.169217,-0.0482291,0.0334249,0.0793164,-0.0252977,-0.0465602,-0.0488749,-0.0569392,-0.124276,0.0149508,0.00803961,0.00738367,0.0204747,0.165594,0.0685738,-0.133474,0.002363,0.00101417,-0.0664932,0.0465246,-0.00929497,-0.0130187,0.0301007,0.0372306,3.12676e-05,3.55459e-05,-0.226932,-0.29863,-0.0435074,1.00617,-1.02169,-0.0390978,0.684224,1.0377,-1.18662,0.179414,0.286898,0.276298,1.4675,0.214046,-1.1801,-0.226544,-0.290223,-0.0374378,1.00122,-1.02042,-0.0545416,0.676035,1.0498,-1.16892,0.188211,0.291137,0.350371,1.51224,0.22127,-1.20257,-0.217938,-0.223066,0.00469589,0.157318,-0.100023,-0.0232413,-0.0546961,0.00275081,0.155508,0.20344,0.173795,-0.219977,-0.236902,0.233277,0.2603,-0.335885,0.303306,-0.0950634,-0.161718,-0.37643,-0.291675,-0.139738,0.113657,-0.0335322,-0.169217,-0.173466,-0.209315,-0.00870148,0.201234,-0.204337,-0.0370147,-0.0511793,-0.00781956,0.136845,0.207539,0.228046,-0.285874,-0.237324,0.209707,0.263449,-0.33114,0.298972,0.0781492,0.673751,-0.392669,-0.299425,0.0428092,-0.23602,-0.0335678,-0.169207,0.998448,0.00109137,0.0485788,0.0272196,-0.651067,-0.017953,-0.00767304,0.758769
-0.114725,-0.291819,-0.0516786,-0.0837612,-0.202379,-0.0370147,-0.0511793,0,-0.0561836,-0.0919379,0.228046,-0.285874,0,0.123875,0.332868,-0.33114,0.298972,-0.067636,0.100564,-0.392669,-0.299425,0.00693315,0.152668,-0.0335678,-0.169207,0,0,0,0,0,0,0,0,0,0,0,0,0,0,0,0,0,0,0,0,0,0,0,0,0,0,0,0,0.99783,0.0537919,-0.0534857,0.998528,-0.0383897,0.0069888,-0.00123799,0.048819,-0.029073,-0.158814,-0.16224,0.00609506,0.15683,-0.100951,-0.0243016,-0.055723,7.02184e-05,0.155827,0.203534,0.0238755,-0.0695036,-0.233195,0.114472,0.13734,-0.335846,0.303334,-0.0363096,-0.100657,-0.126643,-0.0419112,-0.139145,0.114387,-0.0335318,-0.169217,-0.0400486,0.0472362,0.0622831,-0.0237943,-0.0464321,-0.0560301,-0.0467872,-0.137947,0.0169303,0.00210122,0.00134643,0.0259202,0.18087,0.0527205,-0.158792,0.00166635,0.00169935,-0.0598276,0.0575583,-0.0117198,-0.0108934,0.0292274,0.0362387,2.31804e-05,1.47197e-05,-0.226544,-0.290223,-0.0374378,1.00122,-1.02042,-0.0545416,0.676035,1.0498,-1.16892,0.188211,0.291137,0.350371,1.51224,0.22127,-1.20257,-0.226941,-0.280421,-0.0320354,0.996315,-1.01982,-0.0708411,0.668939,1.06061,-1.15014,0.196237,0.295499,0.423706,1.55473,0.228285,-1.2246,-0.218814,-0.22224,0.00609506,0.15683,-0.100951,-0.0243016,-0.055723,7.02184e-05,0.155827,0.203534,0.173875,-0.219504,-0.233195,0.234472,0.25734,-0.335846,0.303334,-0.0963096,-0.160657,-0.376643,-0.291911,-0.139145,0.114387,-0.0335318,-0.169217,-0.173272,-0.205112,-0.00748755,0.200243,-0.204085,-0.0370147,-0.0511793,-0.0109083,0.135207,0.20996,0.228046,-0.285874,-0.233784,0.214105,0.265569,-0.33114,0.298972,0.115186,0.696122,-0.392669,-0.299425,0.044254,-0.240513,-0.0335678,-0.169207,0.998432,0.00103717,0.0490603,0.0269287,-0.651067,-0.017953,-0.00767304,0.758769
-0.114725,-0.291819,-0.0516786,-0.0837612,-0.202379,-0.0370147,-0.0511793,0,-0.0561836,-0.0919379,0.228046,-0.285874,0,0.123875,0.332868,-0.33114,0.298972,-0.067636,0.100564,-0.392669,-0.299425,0.00693315,0.152668,-0.0335678,-0.169207,0,0,0,0,0,0,0,0,0,0,0,0,0,0,0,0,0,0,0,0,0,0,0,0,0,0,0,0,0.997896,0.0532594,-0.0529546,0.998555,-0.0374193,0.00719631,-0.00349216,0.0492141,-0.0255403,-0.159528,-0.161135,0.00712159,0.156365,-0.101884,-0.0254851,-0.0565468,-0.00292176,0.156152,0.203478,0.023849,-0.0689362,-0.229275,0.115356,0.133901,-0.33582,0.303374,-0.0374194,-0.0993889,-0.126896,-0.0421042,-0.138569,0.115097,-0.0335316,-0.169217,-0.0321247,0.0611584,0.0427764,-0.0229214,-0.0468228,-0.061502,-0.0366728,-0.154452,0.0161377,-0.00629286,-0.00341093,0.0299488,0.187016,0.037629,-0.18135,0.00100715,0.00221901,-0.0529741,0.0672321,-0.0134096,-0.00876772,0.0283884,0.0351451,1.1422e-05,-7.86588e-06,-0.226941,-0.280421,-0.0320354,0.996315,-1.01982,-0.0708411,0.668939,1.06061,-1.15014,0.196237,0.295499,0.423706,1.55473,0.228285,-1.2246,-0.227859,-0.269658,-0.0273625,0.991543,-1.01953,-0.0877489,0.662816,1.06968,-1.1308,0.203834,0.299901,0.496256,1.59515,0.235377,-1.24547,-0.219528,-0.221135,0.00712159,0.156365,-0.101884,-0.0254851,-0.0565468,-0.00292176,0.156152,0.203478,0.173849,-0.218936,-0.229275,0.235356,0.253901,-0.33582,0.303374,-0.0974194,-0.159389,-0.376896,-0.292104,-0.138569,0.115097,-0.0335316,-0.169217,-0.17347,-0.200211,-0.00640708,0.199263,-0.203964,-0.0370147,-0.0511793,-0.0141682,0.133788,0.212121,0.228046,-0.285874,-0.230028,0.218119,0.267749,-0.33114,0.298972,0.151853,0.717364,-0.392669,-0.299425,0.0456571,-0.24492,-0.0335678,-0.169207,0.998415,0.000959874,0.0495489,0.0266626,-0.651067,-0.017953,-0.00767304,0.758769
-0.114725,-0.291819,-0.0516786,-0.0837612,-0.202379,-0.0370147,-0.0511793,0,-0.0561836,-0.0919379,0.228046,-0.285874,0,0.123875,0.332868,-0.33114,0.298972,-0.067636,0.100564,-0.392669,-0.299425,0.00693315,0.152668,-0.0335678,-0.169207,0,0,0,0,0,0,0,0,0,0,0,0,0,0,0,0,0,0,0,0,0,0,0,0,0,0,0,0,0.997954,0.0528253,-0.0525209,0.998576,-0.036458,0.00743535,-0.00548382,0.0484458,-0.0199357,-0.16009,-0.159755,0.00773839,0.155913,-0.102827,-0.0267627,-0.0571712,-0.00623882,0.156432,0.203233,0.0237432,-0.068305,-0.225312,0.115955,0.130051,-0.335806,0.303423,-0.0383945,-0.0979463,-0.127176,-0.0422545,-0.13801,0.115783,-0.0335316,-0.169218,-0.0247939,0.07444,0.021949,-0.0224815,-0.0474635,-0.0656691,-0.026866,-0.169823,0.0131189,-0.0161828,-0.00674962,0.0324096,0.186448,0.0242569,-0.200084,0.000440433,0.00257097,-0.0464218,0.0751809,-0.0144489,-0.00664828,0.0275548,0.0339019,-9.29626e-07,-2.83447e-05,-0.227859,-0.269658,-0.0273625,0.991543,-1.01953,-0.0877489,0.662816,1.06968,-1.1308,0.203834,0.299901,0.496256,1.59515,0.235377,-1.24547,-0.229147,-0.258389,-0.0233515,0.987072,-1.01943,-0.104916,0.657429,1.07686,-1.11148,0.211043,0.304234,0.567593,1.63336,0.242485,-1.26489,-0.22009,-0.219755,0.00773839,0.155912,-0.102827,-0.0267627,-0.0571712,-0.00623882,0.156432,0.203233,0.173743,-0.218305,-0.225312,0.235955,0.250051,-0.335806,0.303423,-0.0983945,-0.157946,-0.377176,-0.292255,-0.13801,0.115783,-0.0335316,-0.169218,-0.17393,-0.194829,-0.00547251,0.198309,-0.203907,-0.0370147,-0.0511793,-0.0175498,0.132563,0.213937,0.228046,-0.285874,-0.226159,0.221917,0.269951,-0.33114,0.298972,0.188128,0.737577,-0.392669,-0.299425,0.0470754,-0.249095,-0.0335678,-0.169207,0.998397,0.00086402,0.050033,0.0264449,-0.651067,-0.017953,-0.00767304,0.758769
-0.114725,-0.291819,-0.0516786,-0.0837612,-0.202379,-0.0370147,-0.0511793,0,-0.0561836,-0.0919379,0.228046,-0.285874,0,0.123875,0.332868,-0.33114,0.298972,-0.067636,0.100564,-0.392669,-0.299425,0.00693315,0.152668,-0.0335678,-0.169207,0,0,0,0,0,0,0,0,0,0,0,0,0,0,0,0,0,0,0,0,0,0,0,0,0,0,0,0,0.998004,0.0525198,-0.0522152,0.99859,-0.0355277,0.00769374,-0.00707433,0.0465793,-0.0132419,-0.160515,-0.158122,0.00793505,0.155465,-0.103785,-0.0281126,-0.0576051,-0.0098114,0.156634,0.202781,0.0235865,-0.0676426,-0.221411,0.116314,0.125877,-0.335802,0.303476,-0.0392463,-0.0963687,-0.127471,-0.042363,-0.137467,0.116445,-0.0335319,-0.169218,-0.0183511,0.0862405,0.00125368,-0.0223217,-0.0481656,-0.0689264,-0.0176156,-0.179977,0.00875355,-0.0264097,-0.00865748,0.0332102,0.182007,0.0134167,-0.214111,2.95053e-06,0.00273951,-0.0406289,0.0809706,-0.014991,-0.00459901,0.0266837,0.0327263,-1.42627e-05,-4.62784e-05,-0.229147,-0.258389,-0.0233515,0.987072,-1.01943,-0.104916,0.657429,1.07686,-1.11148,0.211043,0.304234,0.567593,1.63336,0.242485,-1.26489,-0.230708,-0.247074,-0.0197741,0.983503,-1.01927,-0.121819,0.652528,1.08206,-1.09281,0.217614,0.308432,0.636884,1.66897,0.249222,-1.2825,-0.220515,-0.218122,0.00793505,0.155465,-0.103785,-0.0281126,-0.0576051,-0.0098114,0.156634,0.202781,0.173587,-0.217643,-0.221411,0.236314,0.245877,-0.335802,0.303476,-0.0992463,-0.156369,-0.377471,-0.292363,-0.137467,0.116445,-0.0335319,-0.169218,-0.174573,-0.189195,-0.0046703,0.197414,-0.203886,-0.0370147,-0.0511793,-0.0209832,0.131486,0.215371,0.228046,-0.285874,-0.222296,0.225521,0.272117,-0.33114,0.298972,0.223796,0.756681,-0.392669,-0.299425,0.0484969,-0.252979,-0.0335678,-0.169207,0.998378,0.000754739,0.0505016,0.0262909,-0.651067,-0.017953,-0.00767304,0.758769
-0.114725,-0.291819,-0.0516786,-0.0837612,-0.202379,-0.0370147,-0.0511793,0,-0.0561836,-0.0919379,0.228046,-0.285874,0,0.123875,0.332868,-0.33114,0.298972,-0.067636,0.100564,-0.392669,-0.299425,0.00693315,0.152668,-0.0335678,-0.169207,0,0,0,0,0,0,0,0,0,0,0,0,0,0,0,0,0,0,0,0,0,0,0,0,0,0,0,0,0.998044,0.05235,-0.0520448,0.998597,-0.0346471,0.0079597,-0.00816882,0.0438331,-0.00665121,-0.160822,-0.15628,0.00773385,0.155019,-0.104755,-0.0295217,-0.0578614,-0.0134956,0.156743,0.202132,0.0234069,-0.0669819,-0.217653,0.116485,0.121481,-0.335805,0.303531,-0.0399918,-0.0947002,-0.127773,-0.0424319,-0.136943,0.117082,-0.0335325,-0.16922,-0.0128688,0.0954847,-0.0176408,-0.0222437,-0.0485838,-0.0716918,-0.00906961,-0.181661,0.00418185,-0.0355772,-0.00921367,0.0324004,0.17368,0.00522179,-0.222576,-0.00027663,0.00271205,-0.0357088,0.084504,-0.0152218,-0.0026866,0.0257053,0.0314462,-2.84506e-05,-6.16926e-05,-0.230708,-0.247074,-0.0197741,0.983503,-1.01927,-0.121819,0.652528,1.08206,-1.09281,0.217614,0.308432,0.636884,1.66897,0.249222,-1.2825,-0.232584,-0.23608,-0.016514,0.981176,-1.01885,-0.137956,0.648101,1.08528,-1.07528,0.223122,0.3125,0.702319,1.70172,0.25551,-1.29795,-0.220822,-0.21628,0.00773385,0.155019,-0.104755,-0.0295217,-0.0578614,-0.0134956,0.156743,0.202132,0.173407,-0.216982,-0.217653,0.236485,0.241481,-0.335805,0.303531,-0.0999918,-0.1547,-0.377773,-0.292432,-0.136943,0.117082,-0.0335325,-0.16922,-0.175354,-0.183537,-0.00395483,0.196701,-0.203854,-0.0370147,-0.0511793,-0.0243639,0.130506,0.216412,0.228046,-0.285874,-0.218562,0.228807,0.274216,-0.33114,0.298972,0.258442,0.774485,-0.392669,-0.299425,0.0498444,-0.2565,-0.0335678,-0.169207,0.998357,0.00063759,0.0509453,0.0262045,-0.651067,-0.017953,-0.00767304,0.758769
-0.114725,-0.291819,-0.0516786,-0.0837612,-0.202379,-0.0370147,-0.0511793,0,-0.0561836,-0.0919379,0.228046,-0.285874,0,0.123875,0.332868,-0.33114,0.298972,-0.067636,0.100564,-0.392669,-0.299425,0.00693315,0.152668,-0.0335678,-0.169207,0,0,0,0,0,0,0,0,0,0,0,0,0,0,0,0,0,0,0,0,0,0,0,0,0,0,0,0,0.998074,0.052303,-0.051997,0.998597,-0.0338284,0.00822136,-0.00859212,0.0405871,-0.00100823,-0.161031,-0.154291,0.00718509,0.154573,-0.105729,-0.0309831,-0.0579559,-0.0171034,0.156765,0.201321,0.0232299,-0.0663538,-0.214128,0.116518,0.116983,-0.335812,0.303584,-0.0406478,-0.0929879,-0.128079,-0.042465,-0.13644,0.117694,-0.0335333,-0.169221,-0.00844059,0.101205,-0.0335773,-0.0222754,-0.0486083,-0.0741927,-0.00140508,-0.173647,0.000226939,-0.0424746,-0.00854706,0.0301389,0.160739,-0.000698424,-0.225008,-0.000375489,0.00249696,-0.0315267,0.0856327,-0.0153555,-0.000994627,0.0246124,0.0301701,-3.99853e-05,-7.10888e-05,-0.232584,-0.23608,-0.016514,0.981176,-1.01885,-0.137956,0.648101,1.08528,-1.07528,0.223122,0.3125,0.702319,1.70172,0.25551,-1.29795,-0.234508,-0.225691,-0.0136883,0.979989,-1.018,-0.152926,0.644261,1.08663,-1.05923,0.22747,0.316281,0.7617,1.73121,0.261441,-1.31123,-0.221031,-0.214291,0.00718509,0.154573,-0.105729,-0.0309831,-0.0579559,-0.0171034,0.156765,0.201321,0.17323,-0.216354,-0.214128,0.236518,0.236983,-0.335812,0.303584,-0.100648,-0.152988,-0.378079,-0.292465,-0.13644,0.117694,-0.0335333,-0.169221,-0.176292,-0.17804,-0.0033028,0.196235,-0.203771,-0.0370147,-0.0511793,-0.0275912,0.12962,0.217056,0.228046,-0.285874,-0.215056,0.231561,0.27625,-0.33114,0.298972,0.29116,0.790861,-0.392669,-0.299425,0.051102,-0.25959,-0.0335678,-0.169207,0.998337,0.000518745,0.0513576,0.0261793,-0.651067,-0.017953,-0.00767304,0.758769
-0.114725,-0.291819,-0.0516786,-0.0837612,-0.202379,-0.0370147,-0.0511793,0,-0.0561836,-0.0919379,0.228046,-0.285874,0,0.123875,0.332868,-0.33114,0.298972,-0.067636,0.100564,-0.392669,-0.299425,0.00693315,0.152668,-0.0335678,-0.169207,0,0,0,0,0,0,0,0,0,0,0,0,0,0,0,0,0,0,0,0,0,0,0,0,0,0,0,0,0.998097,0.0523507,-0.0520443,0.998593,-0.0330772,0.00846626,-0.0082512,0.0370935,0.00304788,-0.161159,-0.15223,0.00635706,0.154125,-0.106698,-0.0324897,-0.0579083,-0.020444,0.156723,0.200406,0.0230778,-0.0657843,-0.210926,0.11645,0.112504,-0.335819,0.30363,-0.0412266,-0.0912793,-0.128387,-0.0424664,-0.13596,0.118279,-0.0335343,-0.169222,-0.00475412,0.10296,-0.0458794,-0.0224152,-0.0481464,-0.0762312,0.00520859,-0.156632,-0.00235568,-0.0462631,-0.00685446,0.0267138,0.144095,-0.00506662,-0.221346,-0.00026759,0.00215951,-0.0278277,0.0844402,-0.015499,0.000517784,0.0234129,0.0287305,-4.71557e-05,-7.23949e-05,-0.234508,-0.225691,-0.0136883,0.979989,-1.018,-0.152926,0.644261,1.08663,-1.05923,0.22747,0.316281,0.7617,1.73121,0.261441,-1.31123,-0.236358,-0.216074,-0.011388,0.979522,-1.01672,-0.166305,0.641096,1.08631,-1.04489,0.230854,0.3196,0.813607,1.75703,0.267046,-1.32235,-0.221159,-0.21223,0.00635706,0.154125,-0.106698,-0.0324897,-0.0579083,-0.020444,0.156722,0.200406,0.173078,-0.215784,-0.210926,0.23645,0.232504,-0.335819,0.30363,-0.101227,-0.151279,-0.378387,-0.292466,-0.13596,0.118279,-0.0335343,-0.169222,-0.177254,-0.172846,-0.00273766,0.195998,-0.203599,-0.0370147,-0.0511793,-0.0305853,0.128852,0.217326,0.228046,-0.285874,-0.211846,0.233735,0.278141,-0.33114,0.298972,0.32085,0.805606,-0.392669,-0.299425,0.0522882,-0.262245,-0.0335678,-0.169207,0.998317,0.000405107,0.051736,0.0262017,-0.651067,-0.017953,-0.00767304,0.758769
-0.114725,-0.291819,-0.0516786,-0.0837612,-0.202379,-0.0370147,-0.0511793,0,-0.0561836,-0.0919379,0.228046,-0.285874,0,0.123875,0.332868,-0.33114,0.298972,-0.067636,0.100564,-0.392669,-0.299425,0.00693315,0.152668,-0.0335678,-0.169207,0,0,0,0,0,0,0,0,0,0,0,0,0,0,0,0,0,0,0,0,0,0,0,0,0,0,0,0,0.998114,0.0524587,-0.0521522,0.998585,-0.0323954,0.00868249,-0.00717902,0.033473,0.00544437,-0.16122,-0.150176,0.00532275,0.153674,-0.107653,-0.0340282,-0.0577409,-0.0233575,0.156645,0.199449,0.0229689,-0.0652929,-0.208099,0.116308,0.10816,-0.335821,0.303669,-0.0417367,-0.0896199,-0.128698,-0.0424392,-0.135506,0.118836,-0.0335354,-0.169224,-0.00165362,0.10096,-0.0546401,-0.0226366,-0.0472208,-0.0774057,0.0106722,-0.132724,-0.00348617,-0.0470742,-0.00435033,0.0224785,0.12577,-0.00825163,-0.212094,3.25056e-05,0.00176525,-0.0244792,0.0810321,-0.0156574,0.00187741,0.022116,0.0272771,-5.11705e-05,-6.82542e-05,-0.236358,-0.216074,-0.011388,0.979522,-1.01672,-0.166305,0.641096,1.08631,-1.04489,0.230854,0.3196,0.813607,1.75703,0.267046,-1.32235,-0.238097,-0.207362,-0.00955696,0.979437,-1.01512,-0.177725,0.638572,1.08454,-1.03241,0.233406,0.322318,0.857451,1.77897,0.272233,-1.33139,-0.22122,-0.210176,0.00532275,0.153674,-0.107653,-0.0340282,-0.0577409,-0.0233576,0.156645,0.199449,0.172969,-0.215293,-0.208099,0.236308,0.22816,-0.335821,0.303669,-0.101737,-0.14962,-0.378698,-0.292439,-0.135506,0.118836,-0.0335354,-0.169224,-0.178179,-0.168037,-0.0022776,0.195904,-0.203344,-0.0370147,-0.0511793,-0.0332611,0.128219,0.217263,0.228046,-0.285874,-0.208979,0.235427,0.2798,-0.33114,0.298972,0.346804,0.818517,-0.392669,-0.299425,0.0534092,-0.264471,-0.0335678,-0.169207,0.998298,0.000303465,0.0520792,0.0262544,-0.651067,-0.017953,-0.00767304,0.758769
-0.114725,-0.291819,-0.0516786,-0.0837612,-0.202379,-0.0370147,-0.0511793,0,-0.0561836,-0.0919379,0.228046,-0.285874,0,0.123875,0.332868,-0.33114,0.298972,-0.067636,0.100564,-0.392669,-0.299425,0.00693315,0.152668,-0.0335678,-0.169207,0,0,0,0,0,0,0,0,0,0,0,0,0,0,0,0,0,0,0,0,0,0,0,0,0,0,0,0,0.998126,0.0525957,-0.0522899,0.998577,-0.0317831,0.00886024,-0.00555662,0.0298113,0.00650885,-0.161225,-0.148198,0.00414858,0.153218,-0.108585,-0.0355774,-0.0574763,-0.0257365,0.156559,0.198503,0.0229164,-0.0648919,-0.205664,0.116113,0.104056,-0.335816,0.3037,-0.0421838,-0.0880511,-0.129011,-0.0423866,-0.135078,0.119364,-0.0335367,-0.169225,0.000887291,0.0957571,-0.0603178,-0.0228335,-0.0458181,-0.0773868,0.0150486,-0.104831,-0.00353869,-0.0455097,-0.00128783,0.0178012,0.107256,-0.010495,-0.198101,0.000474014,0.00135466,-0.0213511,0.0756863,-0.0157421,0.00307767,0.0207135,0.0258194,-5.66534e-05,-6.44594e-05,-0.238097,-0.207362,-0.00955696,0.979437,-1.01512,-0.177725,0.638572,1.08454,-1.03241,0.233406,0.322318,0.857451,1.77897,0.272233,-1.33139,-0.239698,-0.199689,-0.00812386,0.979519,-1.01335,-0.187,0.636594,1.08163,-1.02182,0.235231,0.324325,0.893147,1.797,0.276939,-1.33851,-0.221225,-0.208198,0.00414858,0.153218,-0.108585,-0.0355774,-0.0574763,-0.0257365,0.156559,0.198503,0.172916,-0.214892,-0.205664,0.236113,0.224056,-0.335816,0.3037,-0.102184,-0.148051,-0.379011,-0.292387,-0.135078,0.119364,-0.0335366,-0.169225,-0.179049,-0.163681,-0.00191139,0.195887,-0.203025,-0.0370147,-0.0511793,-0.035545,0.127714,0.216909,0.228046,-0.285874,-0.206483,0.236703,0.281159,-0.33114,0.298972,0.368725,0.829486,-0.392669,-0.299425,0.0544466,-0.266278,-0.0335678,-0.169207,0.99828,0.000219474,0.0523871,0.0263223,-0.651067,-0.017953,-0.00767304,0.758769
-0.114725,-0.291819,-0.0516786,-0.0837612,-0.202379,-0.0370147,-0.0511793,0,-0.0561836,-0.0919379,0.228046,-0.285874,0,0.123875,0.332868,-0.33114,0.298972,-0.067636,0.100564,-0.392669,-0.299425,0.00693315,0.152668,-0.0335678,-0.169207,0,0,0,0,0,0,0,0,0,0,0,0,0,0,0,0,0,0,0,0,0,0,0,0,0,0,0,0,0.998136,0.0527391,-0.0524349,0.998568,-0.0312393,0.00899375,-0.00365217,0.0262135,0.00667076,-0.161185,-0.146354,0.00289095,0.15276,-0.109482,-0.0371112,-0.0571346,-0.0275373,0.15648,0.197609,0.0229286,-0.0645864,-0.203616,0.115883,0.100275,-0.335801,0.303723,-0.0425709,-0.086607,-0.129325,-0.042312,-0.13468,0.119862,-0.033538,-0.169227,0.00284066,0.0880211,-0.0634134,-0.0228396,-0.0438692,-0.0759729,0.0184995,-0.0762319,-0.00299349,-0.0422567,0.00204336,0.0130151,0.0892842,-0.0120284,-0.180455,0.000991544,0.0009535,-0.018315,0.0688653,-0.0156441,0.00409992,0.0191875,0.024251,-6.42443e-05,-6.27989e-05,-0.239698,-0.199689,-0.00812386,0.979519,-1.01335,-0.187,0.636594,1.08163,-1.02182,0.235231,0.324325,0.893147,1.797,0.276939,-1.33851,-0.241101,-0.193159,-0.00709552,0.97955,-1.01163,-0.194148,0.635028,1.07787,-1.01301,0.236495,0.325574,0.92089,1.81123,0.28117,-1.34395,-0.221185,-0.206354,0.00289095,0.15276,-0.109482,-0.0371112,-0.0571346,-0.0275373,0.15648,0.197609,0.172929,-0.214586,-0.203616,0.235883,0.220275,-0.335801,0.303723,-0.102571,-0.146607,-0.379325,-0.292312,-0.13468,0.119862,-0.033538,-0.169227,-0.179849,-0.159844,-0.00162477,0.195904,-0.202671,-0.0370147,-0.0511793,-0.0374001,0.127319,0.216325,0.228046,-0.285874,-0.204363,0.237615,0.282162,-0.33114,0.298972,0.386573,0.838499,-0.392669,-0.299425,0.0553878,-0.267702,-0.0335678,-0.169207,0.998264,0.000156566,0.0526602,0.0263941,-0.651067,-0.017953,-0.00767304,0.758769
-0.114725,-0.291819,-0.0516786,-0.0837612,-0.202379,-0.0370147,-0.0511793,0,-0.0561836,-0.0919379,0.228046,-0.285874,0,0.123875,0.332868,-0.33114,0.298972,-0.067636,0.100564,-0.392669,-0.299425,0.00693315,0.152668,-0.0335678,-0.169207,0,0,0,0,0,0,0,0,0,0,0,0,0,0,0,0,0,0,0,0,0,0,0,0,0,0,0,0,0.998143,0.0528754,-0.0525736,0.99856,-0.0307613,0.00908223,-0.00175103,0.0227817,0.00634371,-0.161113,-0.144686,0.00159608,0.152306,-0.110334,-0.0386001,-0.0567326,-0.0287813,0.156414,0.196794,0.0230072,-0.0643755,-0.201934,0.115629,0.0968756,-0.335775,0.303738,-0.0428991,-0.0853111,-0.129634,-0.0422191,-0.134314,0.120327,-0.0335395,-0.169228,0.00413727,0.0784736,-0.0644347,-0.0224795,-0.0413062,-0.0730427,0.0211818,-0.0500164,-0.00232486,-0.0379814,0.00533889,0.00838851,0.0725041,-0.0129768,-0.160345,0.00151996,0.000586463,-0.0153209,0.0610966,-0.0152743,0.00494415,0.0175252,0.0224731,-7.11347e-05,-6.15125e-05,-0.241101,-0.193159,-0.00709552,0.97955,-1.01163,-0.194148,0.635028,1.07787,-1.01301,0.236495,0.325574,0.92089,1.81123,0.28117,-1.34395,-0.242257,-0.187845,-0.00652139,0.979342,-1.01022,-0.199374,0.633723,1.07355,-1.00582,0.237348,0.326058,0.941094,1.82181,0.284983,-1.348,-0.221113,-0.204686,0.00159608,0.152306,-0.110334,-0.0386001,-0.0567326,-0.0287813,0.156414,0.196794,0.173007,-0.214376,-0.201934,0.235629,0.216876,-0.335775,0.303738,-0.102899,-0.145311,-0.379634,-0.292219,-0.134314,0.120327,-0.0335395,-0.169228,-0.180551,-0.156579,-0.0014191,0.19591,-0.202325,-0.0370147,-0.0511793,-0.0388295,0.127006,0.215574,0.228046,-0.285874,-0.202602,0.238248,0.282787,-0.33114,0.298972,0.400445,0.845613,-0.392669,-0.299425,0.0562341,-0.268791,-0.0335678,-0.169207,0.998249,0.000115479,0.0528999,0.0264629,-0.651067,-0.017953,-0.00767304,0.758769
-0.114725,-0.291819,-0.0516786,-0.0837612,-0.202379,-0.0370147,-0.0511793,0,-0.0561836,-0.0919379,0.228046,-0.285874,0,0.123875,0.332868,-0.33114,0.298972,-0.067636,0.100564,-0.392669,-0.299425,0.00693315,0.152668,-0.0335678,-0.169207,0,0,0,0,0,0,0,0,0,0,0,0,0,0,0,0,0,0,0,0,0,0,0,0,0,0,0,0,0.998149,0.0529993,-0.0527005,0.998553,-0.0303452,0.0091291,-5.79302e-05,0.019597,0.00588931,-0.161023,-0.143223,0.000299721,0.151864,-0.111128,-0.040013,-0.0562847,-0.0295462,0.156361,0.19607,0.0231484,-0.064254,-0.200583,0.115363,0.0938951,-0.335739,0.303746,-0.0431695,-0.0841772,-0.129932,-0.0421114,-0.133983,0.120755,-0.0335411,-0.169229,0.00467624,0.0678504,-0.0638885,-0.0216596,-0.0381729,-0.0685338,0.0231901,-0.028682,-0.00193962,-0.0333681,0.00830066,0.00410038,0.0577525,-0.0133294,-0.138974,0.00199633,0.000269715,-0.0124097,0.0528468,-0.0145726,0.00561377,0.0157349,0.020581,-7.52464e-05,-5.89888e-05,-0.242257,-0.187845,-0.00652139,0.979342,-1.01022,-0.199374,0.633723,1.07355,-1.00582,0.237348,0.326058,0.941094,1.82181,0.284983,-1.348,-0.243149,-0.183745,-0.00643396,0.978803,-1.00935,-0.203024,0.63255,1.06892,-1.00004,0.237869,0.325805,0.954458,1.82893,0.288436,-1.35095,-0.221023,-0.203223,0.000299721,0.151864,-0.111128,-0.040013,-0.0562847,-0.0295462,0.156361,0.19607,0.173148,-0.214254,-0.200583,0.235363,0.213895,-0.335739,0.303746,-0.10317,-0.144177,-0.379932,-0.292111,-0.133983,0.120755,-0.0335411,-0.169229,-0.181129,-0.153923,-0.00130428,0.195868,-0.202043,-0.0370147,-0.0511793,-0.0398748,0.126745,0.214711,0.228046,-0.285874,-0.201165,0.238674,0.283029,-0.33114,0.298972,0.410547,0.850906,-0.392669,-0.299425,0.0569966,-0.269601,-0.0335678,-0.169207,0.998236,9.46776e-05,0.0531081,0.0265263,-0.651067,-0.017953,-0.00767304,0.758769
-0.114725,-0.291819,-0.0516786,-0.0837612,-0.202379,-0.0370147,-0.0511793,0,-0.0561836,-0.0919379,0.228046,-0.285874,0,0.123875,0.332868,-0.33114,0.298972,-0.067636,0.100564,-0.392669,-0.299425,0.00693315,0.152668,-0.0335678,-0.169207,0,0,0,0,0,0,0,0,0,0,0,0,0,0,0,0,0,0,0,0,0,0,0,0,0,0,0,0,0.998154,0.0531118,-0.0528165,0.998547,-0.0299859,0.00914072,0.00127522,0.0167036,0.00554604,-0.160931,-0.141979,-0.000971487,0.151444,-0.111854,-0.0413184,-0.0558036,-0.0299502,0.156311,0.195438,0.0233424,-0.0642137,-0.199514,0.115096,0.091346,-0.335695,0.303749,-0.043384,-0.0832096,-0.130212,-0.0419922,-0.133688,0.121145,-0.0335427,-0.16923,0.00446918,0.0568268,-0.0621808,-0.0203302,-0.0345274,-0.0624744,0.0245933,-0.0137794,-0.00207131,-0.0288948,0.0106538,0.000263139,0.0455549,-0.0131535,-0.117445,0.0023664,9.72946e-06,-0.00959274,0.0445945,-0.0134961,0.00612807,0.0138369,0.0185736,-7.65992e-05,-5.55184e-05,-0.243149,-0.183745,-0.00643396,0.978803,-1.00935,-0.203024,0.63255,1.06892,-1.00004,0.237869,0.325805,0.954458,1.82893,0.288436,-1.35095,-0.243778,-0.180809,-0.00688422,0.977888,-1.0092,-0.20553,0.631443,1.06414,-0.99542,0.23813,0.324891,0.961821,1.8328,0.291609,-1.35302,-0.220931,-0.201979,-0.000971487,0.151444,-0.111854,-0.0413184,-0.0558036,-0.0299502,0.156311,0.195438,0.173342,-0.214214,-0.199514,0.235096,0.211346,-0.335695,0.303749,-0.103384,-0.14321,-0.380212,-0.291992,-0.133688,0.121145,-0.0335427,-0.16923,-0.181575,-0.151872,-0.00128679,0.195761,-0.20187,-0.0370147,-0.0511793,-0.0406048,0.12651,0.213784,0.228046,-0.285874,-0.200009,0.238934,0.282902,-0.33114,0.298972,0.417229,0.854467,-0.392669,-0.299425,0.0576872,-0.27019,-0.0335678,-0.169207,0.998225,9.10083e-05,0.0532875,0.0265843,-0.651067,-0.017953,-0.00767304,0.758769
-0.114725,-0.291819,-0.0516786,-0.0837612,-0.202379,-0.0370147,-0.0511793,0,-0.0561836,-0.0919379,0.228046,-0.285874,0,0.123875,0.332868,-0.33114,0.298972,-0.067636,0.100564,-0.392669,-0.299425,0.00693315,0.152668,-0.0335678,-0.169207,0,0,0,0,0,0,0,0,0,0,0,0,0,0,0,0,0,0,0,0,0,0,0,0,0,0,0,0,0.998157,0.0532177,-0.052926,0.998541,-0.0296786,0.00912545,0.00216472,0.0141042,0.00544945,-0.160851,-0.140955,-0.00219823,0.151055,-0.112502,-0.0424864,-0.0553011,-0.0301305,0.156253,0.194892,0.0235745,-0.0642449,-0.198669,0.114839,0.0892214,-0.335645,0.303747,-0.0435441,-0.0824038,-0.130466,-0.0418644,-0.133432,0.121494,-0.0335442,-0.169232,0.00361976,0.045977,-0.0596444,-0.0185046,-0.0304677,-0.054972,0.0254191,-0.00579612,-0.00280478,-0.0248805,0.0121768,-0.00307036,0.0360294,-0.0125646,-0.0966664,0.00258731,-0.000194277,-0.0068691,0.0367439,-0.0120369,0.00650528,0.0118653,0.0164545,-7.45063e-05,-5.07534e-05,-0.243778,-0.180809,-0.00688422,0.977888,-1.0092,-0.20553,0.631443,1.06414,-0.99542,0.23813,0.324891,0.961821,1.8328,0.291609,-1.35302,-0.244169,-0.17896,-0.00791617,0.976608,-1.00984,-0.20735,0.630388,1.05931,-0.991701,0.238183,0.323428,0.964063,1.83363,0.294604,-1.35436,-0.220851,-0.200955,-0.00219823,0.151055,-0.112502,-0.0424864,-0.0553011,-0.0301305,0.156253,0.194892,0.173574,-0.214245,-0.198669,0.234839,0.209221,-0.335645,0.303747,-0.103544,-0.142404,-0.380466,-0.291864,-0.133432,0.121494,-0.0335442,-0.169232,-0.181889,-0.150405,-0.00137684,0.195578,-0.20184,-0.0370147,-0.0511793,-0.041106,0.126289,0.212827,0.228046,-0.285874,-0.199084,0.239065,0.282446,-0.33114,0.298972,0.42091,0.856399,-0.392669,-0.299425,0.0583218,-0.270603,-0.0335678,-0.169207,0.998216,0.000100257,0.0534406,0.0266394,-0.651067,-0.017953,-0.00767304,0.758769
-0.114725,-0.291819,-0.0516786,-0.0837612,-0.202379,-0.0370147,-0.0511793,0,-0.0561836,-0.0919379,0.228046,-0.285874,0,0.123875,0.332868,-0.33114,0.298972,-0.067636,0.100564,-0.392669,-0.299425,0.00693315,0.152668,-0.0335678,-0.169207,0,0,0,0,0,0,0,0,0,0,0,0,0,0,0,0,0,0,0,0,0,0,0,0,0,0,0,0,0.998159,0.0533252,-0.0530373,0.998536,-0.0294185,0.00909018,0.00268941,0.0117685,0.00571577,-0.160796,-0.14014,-0.00336955,0.150706,-0.11307,-0.0434896,-0.0547893,-0.0302237,0.156172,0.194423,0.0238264,-0.064338,-0.197993,0.1146,0.087495,-0.335592,0.303741,-0.043653,-0.0817511,-0.130688,-0.0417313,-0.133216,0.121809,-0.0335457,-0.169232,0.00222213,0.0357813,-0.0565896,-0.0163459,-0.02626,-0.0462141,0.0256459,-0.00426097,-0.00415448,-0.021446,0.0127238,-0.00590762,0.0290007,-0.0115963,-0.0773831,0.00263127,-0.000352975,-0.00427444,0.0295079,-0.0102135,0.00674977,0.00988238,0.0144785,-7.52574e-05,-4.92236e-05,-0.244169,-0.17896,-0.00791617,0.976608,-1.00984,-0.20735,0.630388,1.05931,-0.991701,0.238183,0.323428,0.964063,1.83363,0.294604,-1.35436,-0.244357,-0.178066,-0.0095734,0.975058,-1.0111,-0.208887,0.629419,1.05449,-0.988662,0.238042,0.321578,0.961988,1.83171,0.297479,-1.35499,-0.220796,-0.20014,-0.00336955,0.150706,-0.11307,-0.0434896,-0.0547893,-0.0302237,0.156172,0.194423,0.173826,-0.214338,-0.197993,0.2346,0.207495,-0.335592,0.303741,-0.103653,-0.141751,-0.380688,-0.291731,-0.133216,0.121809,-0.0335457,-0.169232,-0.182084,-0.14948,-0.00158323,0.195322,-0.201967,-0.0370147,-0.0511793,-0.0414699,0.126078,0.211862,0.228046,-0.285874,-0.19834,0.239092,0.281714,-0.33114,0.298972,0.422031,0.856816,-0.392669,-0.299425,0.0589207,-0.270871,-0.0335678,-0.169207,0.998207,0.000118839,0.0535699,0.0266955,-0.651067,-0.017953,-0.00767304,0.758769
-0.114725,-0.291819,-0.0516786,-0.0837612,-0.202379,-0.0370147,-0.0511793,0,-0.0561836,-0.0919379,0.228046,-0.285874,0,0.123875,0.332868,-0.33114,0.298972,-0.067636,0.100564,-0.392669,-0.299425,0.00693315,0.152668,-0.0335678,-0.169207,0,0,0,0,0,0,0,0,0,0,0,0,0,0,0,0,0,0,0,0,0,0,0,0,0,0,0,0,0.998159,0.0534375,-0.0531531,0.99853,-0.0292018,0.0090471,0.00260736,0.00965346,0.0061235,-0.16077,-0.139526,-0.00447161,0.150407,-0.113545,-0.0443066,-0.0542796,-0.0303456,0.156062,0.194014,0.0240778,-0.0644815,-0.197443,0.114377,0.0861425,-0.33554,0.303733,-0.0437092,-0.0812306,-0.13087,-0.041594,-0.13304,0.122069,-0.033547,-0.169233,0.000659602,0.0262956,-0.0530798,-0.0136798,-0.0216109,-0.0364775,0.025285,-0.00779049,-0.00586231,-0.0187648,0.0122493,-0.0081988,0.023887,-0.0107143,-0.059561,0.00249548,-0.000461588,-0.0016502,0.0232713,-0.00811395,0.00688463,0.00788238,0.0118605,-6.03057e-05,-3.80656e-05,-0.244357,-0.178066,-0.0095734,0.975058,-1.0111,-0.208887,0.629419,1.05449,-0.988662,0.238042,0.321578,0.961988,1.83171,0.297479,-1.35499,-0.244416,-0.178099,-0.0117907,0.973143,-1.01317,-0.210494,0.628618,1.04959,-0.986067,0.237781,0.319344,0.956416,1.82718,0.300481,-1.35499,-0.22077,-0.199526,-0.00447161,0.150407,-0.113545,-0.0443066,-0.0542796,-0.0303456,0.156062,0.194014,0.174078,-0.214481,-0.197443,0.234377,0.206143,-0.33554,0.303733,-0.103709,-0.141231,-0.38087,-0.291594,-0.13304,0.122069,-0.033547,-0.169233,-0.182179,-0.149033,-0.00191468,0.195012,-0.202219,-0.0370147,-0.0511793,-0.0417773,0.125884,0.210898,0.228046,-0.285874,-0.197732,0.239021,0.280789,-0.33114,0.298972,0.420994,0.855856,-0.392669,-0.299425,0.0594958,-0.270998,-0.0335678,-0.169207,0.9982,0.000140654,0.0536773,0.0267539,-0.651067,-0.017953,-0.00767304,0.758769
-0.114725,-0.291819,-0.0516786,-0.0837612,-0.202379,-0.0370147,-0.0511793,0,-0.0561836,-0.0919379,0.228046,-0.285874,0,0.123875,0.332868,-0.33114,0.298972,-0.067636,0.100564,-0.392669,-0.299425,0.00693315,0.152668,-0.0335678,-0.169207,0,0,0,0,0,0,0,0,0,0,0,0,0,0,0,0,0,0,0,0,0,0,0,0,0,0,0,0,0.998158,0.0535638,-0.0532825,0.998524,-0.0290253,0.00900274,0.00226983,0.00773958,0.00699346,-0.160779,-0.13909,-0.00550352,0.150162,-0.11393,-0.0449207,-0.0537847,-0.0305819,0.155913,0.193651,0.0243087,-0.0646663,-0.196974,0.114175,0.0851243,-0.335493,0.303723,-0.0437151,-0.0808273,-0.131008,-0.0414567,-0.132902,0.122283,-0.033548,-0.169234,-0.00125653,0.0178858,-0.049586,-0.0109689,-0.0171702,-0.0260932,0.0242692,-0.0148501,-0.00814622,-0.0168866,0.0107787,-0.0100707,0.0209554,-0.00961308,-0.0438206,0.00216184,-0.00056011,0.00083495,0.0178114,-0.00582531,0.00680352,0.00598719,0.00968895,-4.86161e-05,-3.01249e-05,-0.244416,-0.178099,-0.0117907,0.973143,-1.01317,-0.210494,0.628618,1.04959,-0.986067,0.237781,0.319344,0.956416,1.82718,0.300481,-1.35499,-0.244321,-0.178877,-0.0145955,0.971092,-1.01562,-0.212388,0.628028,1.04459,-0.983788,0.237376,0.316968,0.947811,1.82029,0.303561,-1.35425,-0.220779,-0.19909,-0.00550352,0.150162,-0.11393,-0.0449207,-0.0537847,-0.0305819,0.155913,0.193651,0.174309,-0.214666,-0.196974,0.234175,0.205124,-0.335493,0.303723,-0.103715,-0.140827,-0.381008,-0.291457,-0.132902,0.122283,-0.033548,-0.169234,-0.182208,-0.14905,-0.00235813,0.194629,-0.202634,-0.0370147,-0.0511793,-0.0420989,0.125724,0.209918,0.228046,-0.285874,-0.197213,0.238891,0.279672,-0.33114,0.298972,0.418208,0.853591,-0.392669,-0.299425,0.0600963,-0.270998,-0.0335678,-0.169207,0.998193,0.000162259,0.0537647,0.026819,-0.651067,-0.017953,-0.00767304,0.758769
-0.114725,-0.291819,-0.0516786,-0.0837612,-0.202379,-0.0370147,-0.0511793,0,-0.0561836,-0.0919379,0.228046,-0.285874,0,0.123875,0.332868,-0.33114,0.298972,-0.067636,0.100564,-0.392669,-0.299425,0.00693315,0.152668,-0.0335678,-0.169207,0,0,0,0,0,0,0,0,0,0,0,0,0,0,0,0,0,0,0,0,0,0,0,0,0,0,0,0,0.998154,0.0537112,-0.0534325,0.998516,-0.0288863,0.00896147,0.0017155,0.00594427,0.00810934,-0.160829,-0.138813,-0.00646492,0.149971,-0.114228,-0.0453235,-0.0533175,-0.0309808,0.155715,0.193321,0.0245,-0.0648842,-0.196551,0.113996,0.0844018,-0.335455,0.303711,-0.0436727,-0.0805247,-0.1311,-0.0413229,-0.132801,0.122455,-0.0335488,-0.169234,-0.0032245,0.0104559,-0.0460613,-0.00826023,-0.0129135,-0.0154455,0.02263,-0.0233456,-0.0106787,-0.0155756,0.00841373,-0.011535,0.0192743,-0.00850126,-0.0298602,0.00166619,-0.000645055,0.00322749,0.0131543,-0.00342059,0.00656064,0.00421908,0.00758849,-3.76902e-05,-2.37848e-05,-0.244321,-0.178877,-0.0145955,0.971092,-1.01562,-0.212388,0.628028,1.04459,-0.983788,0.237376,0.316968,0.947811,1.82029,0.303561,-1.35425,-0.244184,-0.180323,-0.0179107,0.96896,-1.01825,-0.214651,0.627724,1.03943,-0.981717,0.236798,0.31449,0.936647,1.81125,0.30681,-1.35267,-0.220829,-0.198813,-0.00646492,0.149971,-0.114228,-0.0453235,-0.0533175,-0.0309808,0.155715,0.193321,0.1745,-0.214884,-0.196551,0.233996,0.204402,-0.335455,0.303711,-0.103673,-0.140525,-0.3811,-0.291323,-0.132801,0.122455,-0.0335488,-0.169234,-0.18216,-0.149439,-0.00291909,0.194218,-0.203123,-0.0370147,-0.0511793,-0.0424775,0.125606,0.208918,0.228046,-0.285874,-0.196758,0.238688,0.278484,-0.33114,0.298972,0.413906,0.850144,-0.392669,-0.299425,0.0607123,-0.27085,-0.0335678,-0.169207,0.998188,0.000181357,0.0538333,0.0268945,-0.651067,-0.017953,-0.00767304,0.758769
-0.114725,-0.291819,-0.0516786,-0.0837612,-0.202379,-0.0370147,-0.0511793,0,-0.0561836,-0.0919379,0.228046,-0.285874,0,0.123875,0.332868,-0.33114,0.298972,-0.067636,0.100564,-0.392669,-0.299425,0.00693315,0.152668,-0.0335678,-0.169207,0,0,0,0,0,0,0,0,0,0,0,0,0,0,0,0,0,0,0,0,0,0,0,0,0,0,0,0,0.998147,0.0538841,-0.0536073,0.998507,-0.0287832,0.00892624,0.00104801,0.00423688,0.00939547,-0.160918,-0.138676,-0.00735589,0.149833,-0.114443,-0.0455141,-0.05289,-0.0315502,0.155465,0.193011,0.0246358,-0.0651274,-0.196156,0.113839,0.0839423,-0.335427,0.303698,-0.0435839,-0.0803081,-0.131143,-0.0411962,-0.132733,0.122586,-0.0335492,-0.169234,-0.00516361,0.0038713,-0.0425668,-0.00568908,-0.00895346,-0.00495062,0.0204167,-0.0314344,-0.0133297,-0.0147404,0.00533746,-0.0126269,0.018068,-0.00744242,-0.01743,0.00104447,-0.000727373,0.0055339,0.00917295,-0.00102804,0.00613528,0.00261676,0.00563083,-2.64029e-05,-1.8153e-05,-0.244184,-0.180323,-0.0179107,0.96896,-1.01825,-0.214651,0.627724,1.03943,-0.981717,0.236798,0.31449,0.936647,1.81125,0.30681,-1.35267,-0.244014,-0.182335,-0.0216451,0.966813,-1.02085,-0.217273,0.627747,1.03406,-0.979801,0.236068,0.311988,0.923249,1.8003,0.310271,-1.35017,-0.220918,-0.198676,-0.00735589,0.149833,-0.114443,-0.0455141,-0.05289,-0.0315502,0.155465,0.193011,0.174636,-0.215127,-0.196156,0.233839,0.203942,-0.335427,0.303698,-0.103584,-0.140308,-0.381143,-0.291196,-0.132733,0.122586,-0.0335493,-0.169234,-0.182092,-0.150162,-0.00358215,0.193792,-0.20365,-0.0370147,-0.0511793,-0.0429303,0.125545,0.207886,0.228046,-0.285874,-0.196343,0.238399,0.277245,-0.33114,0.298972,0.408324,0.845627,-0.392669,-0.299425,0.0613619,-0.270534,-0.0335678,-0.169207,0.998183,0.000196384,0.0538841,0.0269823,-0.651067,-0.017953,-0.00767304,0.758769
-0.114725,-0.291819,-0.0516786,-0.0837612,-0.202379,-0.0370147,-0.0511793,0,-0.0561836,-0.0919379,0.228046,-0.285874,0,0.123875,0.332868,-0.33114,0.298972,-0.067636,0.100564,-0.392669,-0.299425,0.00693315,0.152668,-0.0335678,-0.169207,0,0,0,0,0,0,0,0,0,0,0,0,0,0,0,0,0,0,0,0,0,0,0,0,0,0,0,0,0.998138,0.054085,-0.0538097,0.998497,-0.0287148,0.00889803,0.000370019,0.00258701,0.0107698,-0.161045,-0.138664,-0.00817713,0.149743,-0.114584,-0.0455001,-0.0525124,-0.032264,0.155162,0.192716,0.0247044,-0.0653887,-0.195785,0.113703,0.0837182,-0.335413,0.303683,-0.0434504,-0.0801657,-0.13114,-0.0410801,-0.132696,0.12268,-0.0335495,-0.169234,-0.00700187,-0.00201631,-0.0391073,-0.00336515,-0.00537781,0.00499202,0.0177318,-0.0375922,-0.0159646,-0.0142341,0.00177245,-0.0133784,0.0169024,-0.00644758,-0.00623455,0.000340313,-0.000809989,0.00773351,0.00570768,0.00124043,0.00553416,0.00120732,0.00386811,-1.57343e-05,-1.35135e-05,-0.244014,-0.182335,-0.0216451,0.966813,-1.02085,-0.217273,0.627747,1.03406,-0.979801,0.236068,0.311988,0.923249,1.8003,0.310271,-1.35017,-0.243836,-0.184845,-0.0256886,0.964723,-1.02324,-0.220136,0.628092,1.02846,-0.978052,0.23519,0.309504,0.90784,1.78765,0.313948,-1.34669,-0.221045,-0.198664,-0.00817713,0.149743,-0.114584,-0.0455001,-0.0525124,-0.032264,0.155162,0.192716,0.174704,-0.215389,-0.195785,0.233703,0.203718,-0.335413,0.303683,-0.10345,-0.140166,-0.38114,-0.29108,-0.132696,0.12268,-0.0335495,-0.169234,-0.182007,-0.151168,-0.00432902,0.193363,-0.204171,-0.0370147,-0.0511793,-0.0434546,0.125549,0.206812,0.228046,-0.285874,-0.19596,0.238034,0.275994,-0.33114,0.298972,0.401625,0.84015,-0.392669,-0.299425,0.0620543,-0.270034,-0.0335678,-0.169207,0.998178,0.000206812,0.0539176,0.0270838,-0.651067,-0.017953,-0.00767304,0.758769
-0.114725,-0.291819,-0.0516786,-0.0837612,-0.202379,-0.0370147,-0.0511793,0,-0.0561836,-0.0919379,0.228046,-0.285874,0,0.123875,0.332868,-0.33114,0.298972,-0.067636,0.100564,-0.392669,-0.299425,0.00693315,0.152668,-0.0335678,-0.169207,0,0,0,0,0,0,0,0,0,0,0,0,0,0,0,0,0,0,0,0,0,0,0,0,0,0,0,0,0.998127,0.0543145,-0.0540401,0.998484,-0.0286799,0.00887612,-0.000235092,0.000982414,0.0121349,-0.161208,-0.138765,-0.00892879,0.149697,-0.114658,-0.0452967,-0.0521927,-0.0330708,0.154809,0.192429,0.0246986,-0.0656616,-0.195443,0.113586,0.0837081,-0.335414,0.303666,-0.0432748,-0.0800889,-0.131094,-0.0409779,-0.132684,0.122742,-0.0335495,-0.169234,-0.00871343,-0.0073877,-0.035637,-0.00135969,-0.0022335,0.0140148,0.0147156,-0.0408112,-0.0184605,-0.0138838,-0.00203621,-0.0138166,0.0153898,-0.00549102,0.00402701,-0.000396222,-0.000891804,0.00979441,0.00260845,0.00327994,0.00477897,4.30866e-06,0.00232713,-6.37127e-06,-1.00121e-05,-0.243836,-0.184845,-0.0256886,0.964723,-1.02324,-0.220136,0.628092,1.02846,-0.978052,0.23519,0.309504,0.90784,1.78765,0.313948,-1.34669,-0.243661,-0.187794,-0.0299239,0.96276,-1.02526,-0.223066,0.628722,1.02266,-0.976525,0.234171,0.307062,0.890566,1.77351,0.317808,-1.34223,-0.221208,-0.198765,-0.00892879,0.149697,-0.114658,-0.0452967,-0.0521927,-0.0330708,0.154809,0.192429,0.174699,-0.215662,-0.195443,0.233586,0.203708,-0.335414,0.303666,-0.103275,-0.140089,-0.381094,-0.290978,-0.132684,0.122742,-0.0335495,-0.169234,-0.181918,-0.152422,-0.00513772,0.192945,-0.204648,-0.0370147,-0.0511793,-0.0440273,0.125618,0.205693,0.228046,-0.285874,-0.19561,0.237595,0.274752,-0.33114,0.298972,0.39392,0.833823,-0.392669,-0.299425,0.0627896,-0.269339,-0.0335678,-0.169207,0.998174,0.000212999,0.0539343,0.0271993,-0.651067,-0.017953,-0.00767304,0.758769
-0.114725,-0.291819,-0.0516786,-0.0837612,-0.202379,-0.0370147,-0.0511793,0,-0.0561836,-0.0919379,0.228046,-0.285874,0,0.123875,0.332868,-0.33114,0.298972,-0.067636,0.100564,-0.392669,-0.299425,0.00693315,0.152668,-0.0335678,-0.169207,0,0,0,0,0,0,0,0,0,0,0,0,0,0,0,0,0,0,0,0,0,0,0,0,0,0,0,0,0.998113,0.0545711,-0.0542971,0.998471,-0.0286775,0.00885859,-0.000708067,-0.000573385,0.0133872,-0.161403,-0.13897,-0.00960975,0.149687,-0.114674,-0.044926,-0.0519355,-0.0339053,0.154409,0.19215,0.0246162,-0.0659401,-0.195142,0.113489,0.0838963,-0.335429,0.303648,-0.0430603,-0.0800717,-0.131011,-0.0408922,-0.132694,0.122776,-0.0335493,-0.169234,-0.0102986,-0.0124113,-0.0320831,0.000294828,0.000466766,0.0218168,0.0115337,-0.0406598,-0.0207074,-0.0135203,-0.00584144,-0.0139638,0.0131576,-0.00452451,0.0136089,-0.00111434,-0.00096744,0.0116753,-0.000248084,0.00500382,0.00390937,-0.000991445,0.00101797,1.5423e-06,-7.35878e-06,-0.243661,-0.187794,-0.0299239,0.96276,-1.02526,-0.223066,0.628722,1.02266,-0.976525,0.234171,0.307062,0.890566,1.77351,0.317808,-1.34223,-0.243494,-0.191136,-0.0342301,0.960988,-1.02682,-0.225859,0.629583,1.01671,-0.975305,0.23302,0.304671,0.871537,1.75809,0.321792,-1.3368,-0.221403,-0.19897,-0.00960975,0.149687,-0.114674,-0.044926,-0.0519355,-0.0339053,0.154409,0.19215,0.174616,-0.21594,-0.195142,0.233489,0.203896,-0.335429,0.303648,-0.10306,-0.140072,-0.381011,-0.290892,-0.132694,0.122776,-0.0335493,-0.169234,-0.18183,-0.153897,-0.00598478,0.192552,-0.205052,-0.0370147,-0.0511793,-0.0446132,0.125744,0.204533,0.228046,-0.285874,-0.195305,0.237086,0.273531,-0.33114,0.298972,0.385283,0.826753,-0.392669,-0.299425,0.0635616,-0.268446,-0.0335678,-0.169207,0.99817,0.000215941,0.0539349,0.027328,-0.651067,-0.017953,-0.00767304,0.758769
-0.114725,-0.291819,-0.0516786,-0.0837612,-0.202379,-0.0370147,-0.0511793,0,-0.0561836,-0.0919379,0.228046,-0.285874,0,0.123875,0.332868,-0.33114,0.298972,-0.067636,0.100564,-0.392669,-0.299425,0.00693315,0.152668,-0.0335678,-0.169207,0,0,0,0,0,0,0,0,0,0,0,0,0,0,0,0,0,0,0,0,0,0,0,0,0,0,0,0,0.998097,0.0548511,-0.0545771,0.998455,-0.0287061,0.00884289,-0.00101412,-0.00206327,0.014427,-0.16163,-0.139273,-0.0102174,0.149706,-0.11464,-0.0444148,-0.0517423,-0.0346998,0.153968,0.191881,0.0244599,-0.0662187,-0.1949,0.113411,0.0842711,-0.335458,0.303628,-0.0428109,-0.08011,-0.130898,-0.0408248,-0.132722,0.122785,-0.0335489,-0.169234,-0.0117782,-0.0172242,-0.0283701,0.00159926,0.00273711,0.0281854,0.00835693,-0.0372508,-0.0226145,-0.012995,-0.0094123,-0.0138397,0.00990439,-0.00348875,0.0226901,-0.00176731,-0.00102915,0.0133315,-0.00294719,0.00635019,0.00297696,-0.00178899,-6.0938e-05,8.13244e-06,-5.11469e-06,-0.243494,-0.191136,-0.0342301,0.960988,-1.02682,-0.225859,0.629583,1.01671,-0.975305,0.23302,0.304671,0.871537,1.75809,0.321792,-1.3368,-0.24333,-0.194842,-0.0384842,0.959475,-1.02787,-0.228311,0.630613,1.01066,-0.974502,0.231729,0.302331,0.850875,1.74161,0.325804,-1.33045,-0.22163,-0.199273,-0.0102174,0.149706,-0.11464,-0.0444148,-0.0517423,-0.0346998,0.153968,0.191881,0.17446,-0.216219,-0.1949,0.233411,0.204271,-0.335458,0.303628,-0.102811,-0.14011,-0.380898,-0.290825,-0.132722,0.122785,-0.0335489,-0.169234,-0.181747,-0.155568,-0.00684601,0.192198,-0.205364,-0.0370147,-0.0511793,-0.0451717,0.125917,0.203342,0.228046,-0.285874,-0.195061,0.23651,0.272335,-0.33114,0.298972,0.375768,0.819046,-0.392669,-0.299425,0.0643584,-0.26736,-0.0335678,-0.169207,0.998167,0.000217017,0.05392,0.0274682,-0.651067,-0.017953,-0.00767304,0.758769
-0.114725,-0.291819,-0.0516786,-0.0837612,-0.202379,-0.0370147,-0.0511793,0,-0.0561836,-0.0919379,0.228046,-0.285874,0,0.123875,0.332868,-0.33114,0.298972,-0.067636,0.100564,-0.392669,-0.299425,0.00693315,0.152668,-0.0335678,-0.169207,0,0,0,0,0,0,0,0,0,0,0,0,0,0,0,0,0,0,0,0,0,0,0,0,0,0,0,0,0.998079,0.0551486,-0.0548745,0.998439,-0.0287637,0.00882621,-0.00113389,-0.00346092,0.0151524,-0.161885,-0.139672,-0.0107474,0.149748,-0.114565,-0.0437933,-0.051611,-0.0353936,0.153495,0.191626,0.0242367,-0.066492,-0.194743,0.113356,0.0848237,-0.335498,0.303607,-0.0425315,-0.0802013,-0.130762,-0.0407764,-0.132764,0.122776,-0.0335485,-0.169234,-0.0131582,-0.0219244,-0.024427,0.0025721,0.00460517,0.0330096,0.00534378,-0.0311259,-0.0240865,-0.0121746,-0.0125509,-0.0134646,0.0054507,-0.00236514,0.0313655,-0.00231732,-0.00106949,0.0147389,-0.00553042,0.00728923,0.00203781,-0.00240543,-0.000920519,1.37738e-05,-2.7115e-06,-0.24333,-0.194842,-0.0384842,0.959475,-1.02787,-0.228311,0.630613,1.01066,-0.974502,0.231729,0.302331,0.850875,1.74161,0.325804,-1.33045,-0.243162,-0.198883,-0.0425735,0.958292,-1.02838,-0.230242,0.63176,1.00458,-0.974234,0.230289,0.300045,0.828729,1.72427,0.329726,-1.32325,-0.221885,-0.199672,-0.0107474,0.149748,-0.114565,-0.0437933,-0.051611,-0.0353936,0.153495,0.191626,0.174237,-0.216492,-0.194743,0.233356,0.204824,-0.335498,0.303607,-0.102531,-0.140201,-0.380762,-0.290776,-0.132764,0.122776,-0.0335485,-0.169234,-0.181665,-0.157421,-0.00769685,0.191895,-0.205574,-0.0370147,-0.0511793,-0.0456622,0.126123,0.202132,0.228046,-0.285874,-0.1949,0.235864,0.271165,-0.33114,0.298972,0.365437,0.810805,-0.392669,-0.299425,0.0651608,-0.26609,-0.0335678,-0.169207,0.998165,0.000217775,0.0538906,0.027617,-0.651067,-0.017953,-0.00767304,0.758769
-0.114725,-0.291819,-0.0516786,-0.0837612,-0.202379,-0.0370147,-0.0511793,0,-0.0561836,-0.0919379,0.228046,-0.285874,0,0.123875,0.332868,-0.33114,0.298972,-0.067636,0.100564,-0.392669,-0.299425,0.00693315,0.152668,-0.0335678,-0.169207,0,0,0,0,0,0,0,0,0,0,0,0,0,0,0,0,0,0,0,0,0,0,0,0,0,0,0,0,0.99806,0.0554562,-0.0551816,0.998422,-0.0288479,0.0088059,-0.00107118,-0.00474066,0.0154723,-0.162167,-0.140165,-0.0111946,0.149806,-0.114457,-0.0430927,-0.0515369,-0.0359402,0.152998,0.191393,0.0239568,-0.0667553,-0.194695,0.113324,0.0855464,-0.335549,0.303586,-0.0422268,-0.0803431,-0.130611,-0.0407463,-0.132816,0.122752,-0.0335479,-0.169234,-0.0144083,-0.0265646,-0.0202098,0.00325321,0.00612048,0.036281,0.0026291,-0.0230559,-0.0250322,-0.0109203,-0.0151023,-0.0128566,-0.000232139,-0.00119993,0.0396653,-0.00273691,-0.00108105,0.0159076,-0.00798548,0.00782514,0.0011507,-0.00286352,-0.00164085,1.87045e-05,1.47428e-07,-0.243162,-0.198883,-0.0425735,0.958292,-1.02838,-0.230242,0.63176,1.00458,-0.974234,0.230289,0.300045,0.828729,1.72427,0.329726,-1.32325,-0.242993,-0.20322,-0.0464095,0.957481,-1.02838,-0.231507,0.632985,0.998571,-0.974614,0.228723,0.297816,0.805252,1.70629,0.333465,-1.31528,-0.222167,-0.200165,-0.0111946,0.149806,-0.114457,-0.0430927,-0.0515369,-0.0359402,0.152998,0.191393,0.173957,-0.216755,-0.194695,0.233324,0.205546,-0.335549,0.303586,-0.102227,-0.140343,-0.380611,-0.290746,-0.132816,0.122752,-0.0335479,-0.169234,-0.181581,-0.159441,-0.00851469,0.191658,-0.205677,-0.0370147,-0.0511793,-0.0460484,0.126352,0.200917,0.228046,-0.285874,-0.194847,0.235145,0.270022,-0.33114,0.298972,0.354365,0.802135,-0.392669,-0.299425,0.0659452,-0.26465,-0.0335678,-0.169207,0.998163,0.000219747,0.0538478,0.0277708,-0.651067,-0.017953,-0.00767304,0.758769
-0.114725,-0.291819,-0.0516786,-0.0837612,-0.202379,-0.0370147,-0.0511793,0,-0.0561836,-0.0919379,0.228046,-0.285874,0,0.123875,0.332868,-0.33114,0.298972,-0.067636,0.100564,-0.392669,-0.299425,0.00693315,0.152668,-0.0335678,-0.169207,0,0,0,0,0,0,0,0,0,0,0,0,0,0,0,0,0,0,0,0,0,0,0,0,0,0,0,0,0.998039,0.0557646,-0.0554896,0.998405,-0.0289557,0.00877954,-0.000827676,-0.00588245,0.0153492,-0.162471,-0.140751,-0.0115536,0.149875,-0.114321,-0.0423434,-0.0515127,-0.0363092,0.152489,0.191192,0.0236335,-0.0670042,-0.194782,0.113316,0.0864308,-0.335606,0.303565,-0.0419019,-0.0805327,-0.130455,-0.0407331,-0.132876,0.122714,-0.0335473,-0.169234,-0.0155326,-0.031121,-0.0157546,0.0036722,0.00730262,0.0380896,0.000301303,-0.0138612,-0.0254245,-0.00923289,-0.0169524,-0.0120397,-0.00697742,1.55003e-05,0.0475182,-0.00301254,-0.00105935,0.0168211,-0.0103092,0.00798749,0.000358577,-0.00318443,-0.00217489,2.3356e-05,3.83867e-06,-0.242993,-0.20322,-0.0464095,0.957481,-1.02838,-0.231507,0.632985,0.998571,-0.974614,0.228723,0.297816,0.805252,1.70629,0.333465,-1.31528,-0.242833,-0.207802,-0.049916,0.957083,-1.0279,-0.23201,0.634257,0.992722,-0.975736,0.227036,0.295659,0.780637,1.68788,0.336928,-1.30665,-0.222471,-0.200751,-0.0115536,0.149875,-0.114321,-0.0423434,-0.0515127,-0.0363092,0.152489,0.191192,0.173633,-0.217004,-0.194782,0.233316,0.206431,-0.335606,0.303565,-0.101902,-0.140533,-0.380455,-0.290733,-0.132876,0.122714,-0.0335473,-0.169233,-0.181497,-0.16161,-0.0092819,0.191496,-0.205677,-0.0370147,-0.0511793,-0.0463015,0.126597,0.199714,0.228046,-0.285874,-0.194923,0.234361,0.268908,-0.33114,0.298972,0.342626,0.793144,-0.392669,-0.299425,0.066693,-0.263056,-0.0335678,-0.169207,0.998162,0.000224376,0.0537932,0.027925,-0.651067,-0.017953,-0.00767304,0.758769
-0.114725,-0.291819,-0.0516786,-0.0837612,-0.202379,-0.0370147,-0.0511793,0,-0.0561836,-0.0919379,0.228046,-0.285874,0,0.123875,0.332868,-0.33114,0.298972,-0.067636,0.100564,-0.392669,-0.299425,0.00693315,0.152668,-0.0335678,-0.169207,0,0,0,0,0,0,0,0,0,0,0,0,0,0,0,0,0,0,0,0,0,0,0,0,0,0,0,0,0.998019,0.0560648,-0.0557892,0.998389,-0.0290839,0.00874499,-0.000419902,-0.00687606,0.0147663,-0.162797,-0.141427,-0.0118204,0.14995,-0.114166,-0.0415728,-0.0515301,-0.0364861,0.15198,0.19103,0.0232814,-0.0672348,-0.195022,0.113333,0.0874669,-0.335668,0.303544,-0.0415619,-0.0807671,-0.130298,-0.0407345,-0.132941,0.122669,-0.0335466,-0.169233,-0.0165211,-0.035533,-0.0111313,0.00387251,0.00818438,0.0385953,-0.00158764,-0.00426019,-0.0252539,-0.00713644,-0.0180375,-0.0110388,-0.0145247,0.00127527,0.0548192,-0.00314059,-0.0010024,0.0174751,-0.0124711,0.00783345,-0.000304538,-0.0033914,-0.00251816,2.73176e-05,7.96591e-06,-0.242833,-0.207802,-0.049916,0.957083,-1.0279,-0.23201,0.634257,0.992722,-0.975736,0.227036,0.295659,0.780637,1.68788,0.336928,-1.30665,-0.242701,-0.21256,-0.0530262,0.957123,-1.027,-0.231698,0.635558,0.987133,-0.977667,0.225223,0.293587,0.755134,1.66927,0.340034,-1.29749,-0.222797,-0.201427,-0.0118204,0.14995,-0.114166,-0.0415728,-0.0515301,-0.0364861,0.15198,0.19103,0.173281,-0.217235,-0.195022,0.233333,0.207467,-0.335668,0.303544,-0.101562,-0.140767,-0.380298,-0.290734,-0.132941,0.122669,-0.0335466,-0.169233,-0.181416,-0.163901,-0.00998321,0.191417,-0.205581,-0.0370147,-0.0511793,-0.046402,0.126851,0.198544,0.228046,-0.285874,-0.195147,0.233518,0.267829,-0.33114,0.298972,0.330318,0.783941,-0.392669,-0.299425,0.0673855,-0.26133,-0.0335678,-0.169207,0.998161,0.000232987,0.0537283,0.0280752,-0.651067,-0.017953,-0.00767304,0.758769
-0.114725,-0.291819,-0.0516786,-0.0837612,-0.202379,-0.0370147,-0.0511793,0,-0.0561836,-0.0919379,0.228046,-0.285874,0,0.123875,0.332868,-0.33114,0.298972,-0.067636,0.100564,-0.392669,-0.299425,0.00693315,0.152668,-0.0335678,-0.169207,0,0,0,0,0,0,0,0,0,0,0,0,0,0,0,0,0,0,0,0,0,0,0,0,0,0,0,0,0.997999,0.0563472,-0.0560713,0.998373,-0.0292292,0.00870062,0.00011978,-0.00772335,0.0137369,-0.163141,-0.142189,-0.0119926,0.150028,-0.113995,-0.040805,-0.05158,-0.0364688,0.151481,0.190914,0.0229161,-0.0674437,-0.195429,0.113375,0.088642,-0.33573,0.303525,-0.0412116,-0.0810425,-0.130147,-0.0407476,-0.13301,0.122618,-0.0335459,-0.169233,-0.0173347,-0.0397008,-0.00644243,0.00390372,0.0088067,0.0380031,-0.00301028,0.00521257,-0.0245341,-0.00468768,-0.018345,-0.00988007,-0.0225656,0.00252756,0.0614324,-0.0031278,-0.000911824,0.0178934,-0.0144132,0.00743741,-0.000818183,-0.00350808,-0.00270424,3.03298e-05,1.2099e-05,-0.242701,-0.21256,-0.0530262,0.957123,-1.027,-0.231698,0.635558,0.987133,-0.977667,0.225223,0.293587,0.755134,1.66927,0.340034,-1.29749,-0.242636,-0.217413,-0.0556844,0.957613,-1.02575,-0.230547,0.636876,0.981865,-0.98044,0.223305,0.291646,0.729111,1.65072,0.342701,-1.28789,-0.223141,-0.202189,-0.0119926,0.150028,-0.113995,-0.040805,-0.05158,-0.0364688,0.151481,0.190914,0.172916,-0.217444,-0.195429,0.233375,0.208642,-0.33573,0.303525,-0.101212,-0.141042,-0.380147,-0.290748,-0.13301,0.122618,-0.0335459,-0.169233,-0.181351,-0.16628,-0.0106052,0.191425,-0.2054,-0.0370147,-0.0511793,-0.0463396,0.127112,0.197427,0.228046,-0.285874,-0.195533,0.232611,0.266793,-0.33114,0.298972,0.317567,0.774637,-0.392669,-0.299425,0.0680069,-0.259498,-0.0335678,-0.169207,0.998161,0.000246646,0.0536547,0.0282165,-0.651067,-0.017953,-0.00767304,0.758769
-0.114725,-0.291819,-0.0516786,-0.0837612,-0.202379,-0.0370147,-0.0511793,0,-0.0561836,-0.0919379,0.228046,-0.285874,0,0.123875,0.332868,-0.33114,0.298972,-0.067636,0.100564,-0.392669,-0.299425,0.00693315,0.152668,-0.0335678,-0.169207,0,0,0,0,0,0,0,0,0,0,0,0,0,0,0,0,0,0,0,0,0,0,0,0,0,0,0,0,0.99798,0.0566036,-0.0563275,0.998359,-0.0293885,0.00864548,0.000745874,-0.00842958,0.0123454,-0.163498,-0.143031,-0.0120705,0.150104,-0.113814,-0.0400596,-0.0516528,-0.0362634,0.151003,0.190852,0.0225529,-0.067628,-0.196009,0.113442,0.0899412,-0.335791,0.303508,-0.0408555,-0.0813538,-0.130006,-0.0407693,-0.13308,0.122564,-0.0335451,-0.169232,-0.0179699,-0.0435199,-0.00184882,0.00381414,0.00921148,0.0365239,-0.00396356,0.0142616,-0.0233646,-0.00201849,-0.0179028,-0.00859168,-0.0307668,0.00374231,0.0672463,-0.0029902,-0.000792666,0.0181044,-0.0160916,0.00687592,-0.00117849,-0.00355706,-0.00276785,3.21298e-05,1.56746e-05,-0.242636,-0.217413,-0.0556844,0.957613,-1.02575,-0.230547,0.636876,0.981865,-0.98044,0.223305,0.291646,0.729111,1.65072,0.342701,-1.28789,-0.24266,-0.222294,-0.057844,0.958565,-1.02423,-0.228564,0.638193,0.976968,-0.98406,0.221318,0.289874,0.702971,1.63247,0.344869,-1.27795,-0.223498,-0.203031,-0.0120705,0.150104,-0.113814,-0.0400596,-0.0516528,-0.0362634,0.151003,0.190852,0.172553,-0.217628,-0.196009,0.233442,0.209941,-0.335791,0.303508,-0.100855,-0.141354,-0.380006,-0.290769,-0.13308,0.122564,-0.0335451,-0.169232,-0.181318,-0.168706,-0.0111369,0.191523,-0.20515,-0.0370147,-0.0511793,-0.0461095,0.127375,0.196373,0.228046,-0.285874,-0.196088,0.231652,0.265823,-0.33114,0.298972,0.304556,0.765358,-0.392669,-0.299425,0.0685401,-0.257578,-0.0335678,-0.169207,0.998161,0.000266059,0.053574,0.0283451,-0.651067,-0.017953,-0.00767304,0.758769
-0.114725,-0.291819,-0.0516786,-0.0837612,-0.202379,-0.0370147,-0.0511793,0,-0.0561836,-0.0919379,0.228046,-0.285874,0,0.123875,0.332868,-0.33114,0.298972,-0.067636,0.100564,-0.392669,-0.299425,0.00693315,0.152668,-0.0335678,-0.169207,0,0,0,0,0,0,0,0,0,0,0,0,0,0,0,0,0,0,0,0,0,0,0,0,0,0,0,0,0.997962,0.0568279,-0.0565519,0.998347,-0.029559,0.00857937,0.00140753,-0.00899597,0.0107,-0.163867,-0.143946,-0.012058,0.150179,-0.113627,-0.0393521,-0.0517394,-0.03588,0.150552,0.190844,0.0222062,-0.0677854,-0.196762,0.113533,0.0913473,-0.335848,0.303494,-0.0404973,-0.0816954,-0.129877,-0.0407967,-0.133151,0.122511,-0.0335444,-0.169232,-0.0184574,-0.0469124,0.00249579,0.00365467,0.00944617,0.0343519,-0.00446397,0.0227827,-0.0218763,0.000728907,-0.0167768,-0.00720718,-0.0388326,0.00491911,0.0721848,-0.00274891,-0.000652421,0.0181291,-0.017475,0.00621725,-0.00139576,-0.00355917,-0.00274129,3.25328e-05,1.83043e-05,-0.24266,-0.222294,-0.057844,0.958565,-1.02423,-0.228564,0.638193,0.976968,-0.98406,0.221318,0.289874,0.702971,1.63247,0.344869,-1.27795,-0.242765,-0.227156,-0.0594998,0.959957,-1.02252,-0.225796,0.639478,0.972496,-0.988488,0.219293,0.288289,0.677006,1.61476,0.346534,-1.26782,-0.223867,-0.203946,-0.012058,0.150179,-0.113627,-0.0393521,-0.0517394,-0.03588,0.150552,0.190844,0.172206,-0.217785,-0.196762,0.233533,0.211347,-0.335848,0.303494,-0.100497,-0.141695,-0.379877,-0.290797,-0.133151,0.122511,-0.0335444,-0.169232,-0.18133,-0.171147,-0.0115688,0.191713,-0.204846,-0.0370147,-0.0511793,-0.0457129,0.127639,0.195394,0.228046,-0.285874,-0.196812,0.230659,0.264937,-0.33114,0.298972,0.291485,0.756234,-0.392669,-0.299425,0.0689737,-0.25559,-0.0335678,-0.169207,0.998163,0.00029151,0.0534876,0.0284578,-0.651067,-0.017953,-0.00767304,0.758769
-0.114725,-0.291819,-0.0516786,-0.0837612,-0.202379,-0.0370147,-0.0511793,0,-0.0561836,-0.0919379,0.228046,-0.285874,0,0.123875,0.332868,-0.33114,0.298972,-0.067636,0.100564,-0.392669,-0.299425,0.00693315,0.152668,-0.0335678,-0.169207,0,0,0,0,0,0,0,0,0,0,0,0,0,0,0,0,0,0,0,0,0,0,0,0,0,0,0,0,0.997946,0.0570159,-0.0567403,0.998337,-0.0297378,0.00850283,0.00206146,-0.00942753,0.00887779,-0.164243,-0.144923,-0.0119614,0.15025,-0.113436,-0.0386943,-0.0518311,-0.0353297,0.150135,0.190893,0.0218885,-0.0679146,-0.19768,0.113647,0.0928423,-0.335899,0.303483,-0.0401406,-0.0820611,-0.129762,-0.0408271,-0.133221,0.122459,-0.0335437,-0.169232,-0.0188142,-0.0498191,0.00647994,0.00347228,0.00955568,0.031685,-0.00455344,0.0307399,-0.0201592,0.00345684,-0.01507,-0.00576954,-0.0463739,0.00605579,0.0761929,-0.0024253,-0.00049749,0.0179804,-0.0185394,0.00551688,-0.00148497,-0.00353082,-0.00265276,3.19672e-05,2.03394e-05,-0.242765,-0.227156,-0.0594998,0.959957,-1.02252,-0.225796,0.639478,0.972496,-0.988488,0.219293,0.288289,0.677006,1.61476,0.346534,-1.26782,-0.242948,-0.231952,-0.0606717,0.961733,-1.02071,-0.222312,0.640703,0.968501,-0.993647,0.217246,0.286902,0.651436,1.59776,0.347701,-1.25766,-0.224243,-0.204923,-0.0119614,0.15025,-0.113436,-0.0386943,-0.0518311,-0.0353297,0.150135,0.190893,0.171888,-0.217915,-0.19768,0.233647,0.212842,-0.335899,0.303483,-0.100141,-0.142061,-0.379762,-0.290827,-0.133221,0.122459,-0.0335436,-0.169232,-0.181383,-0.173578,-0.0119,0.191991,-0.204504,-0.0370147,-0.0511793,-0.0451592,0.127896,0.194499,0.228046,-0.285874,-0.197698,0.229646,0.264145,-0.33114,0.298972,0.278503,0.74738,-0.392669,-0.299425,0.0693068,-0.253563,-0.0335678,-0.169207,0.998165,0.000322869,0.0533969,0.0285525,-0.651067,-0.017953,-0.00767304,0.758769
-0.114725,-0.291819,-0.0516786,-0.0837612,-0.202379,-0.0370147,-0.0511793,0,-0.0561836,-0.0919379,0.228046,-0.285874,0,0.123875,0.332868,-0.33114,0.298972,-0.067636,0.100564,-0.392669,-0.299425,0.00693315,0.152668,-0.0335678,-0.169207,0,0,0,0,0,0,0,0,0,0,0,0,0,0,0,0,0,0,0,0,0,0,0,0,0,0,0,0,0.997932,0.0571649,-0.0568898,0.998329,-0.0299225,0.00841694,0.0026773,-0.00973066,0.00693182,-0.164625,-0.145953,-0.0117889,0.150317,-0.113244,-0.0380938,-0.0519204,-0.0346246,0.149754,0.190996,0.02161,-0.0680149,-0.198746,0.113783,0.0944071,-0.335943,0.303474,-0.0397887,-0.0824443,-0.12966,-0.0408581,-0.133291,0.122409,-0.033543,-0.169231,-0.0190427,-0.0522013,0.010018,0.00329959,0.00957346,0.0287198,-0.00429476,0.0380654,-0.0182735,0.00609946,-0.0129145,-0.00432939,-0.0529692,0.00713422,0.0792384,-0.0020419,-0.000334816,0.0176752,-0.019272,0.00481791,-0.0014663,-0.00348394,-0.00252295,3.07746e-05,2.19789e-05,-0.242948,-0.231952,-0.0606717,0.961733,-1.02071,-0.222312,0.640703,0.968501,-0.993647,0.217246,0.286902,0.651436,1.59776,0.347701,-1.25766,-0.243223,-0.236624,-0.0613836,0.963835,-1.01889,-0.218198,0.641863,0.965028,-0.999428,0.215167,0.285723,0.626425,1.58158,0.348378,-1.24764,-0.224625,-0.205953,-0.0117889,0.150317,-0.113244,-0.0380938,-0.0519204,-0.0346245,0.149754,0.190996,0.17161,-0.218015,-0.198746,0.233783,0.214407,-0.335943,0.303474,-0.0997887,-0.142444,-0.37966,-0.290858,-0.133291,0.122409,-0.033543,-0.169231,-0.181474,-0.175976,-0.0121343,0.192347,-0.204142,-0.0370147,-0.0511793,-0.0444624,0.128141,0.1937,0.228046,-0.285874,-0.198729,0.228623,0.263451,-0.33114,0.298972,0.265718,0.73888,-0.392669,-0.299425,0.0695402,-0.251532,-0.0335678,-0.169207,0.998168,0.00035969,0.0533032,0.0286279,-0.651067,-0.017953,-0.00767304,0.758769
-0.114725,-0.291819,-0.0516786,-0.0837612,-0.202379,-0.0370147,-0.0511793,0,-0.0561836,-0.0919379,0.228046,-0.285874,0,0.123875,0.332868,-0.33114,0.298972,-0.067636,0.100564,-0.392669,-0.299425,0.00693315,0.152668,-0.0335678,-0.169207,0,0,0,0,0,0,0,0,0,0,0,0,0,0,0,0,0,0,0,0,0,0,0,0,0,0,0,0,0.99792,0.0572729,-0.0569987,0.998324,-0.0301106,0.00832317,0.00323873,-0.0099088,0.00490878,-0.16501,-0.147024,-0.0115503,0.150382,-0.113053,-0.0375545,-0.0520011,-0.0337791,0.149414,0.191151,0.0213781,-0.068087,-0.199937,0.113939,0.0960221,-0.33598,0.303469,-0.0394442,-0.0828383,-0.129572,-0.0408878,-0.13336,0.122361,-0.0335424,-0.169231,-0.0191302,-0.0540371,0.0130436,0.00314811,0.0095165,0.025634,-0.00375509,0.0446125,-0.016264,0.00860437,-0.0104601,-0.0029408,-0.0582747,0.00809972,0.0813051,-0.00162366,-0.00017332,0.0172497,-0.0196682,0.00415435,-0.00136451,-0.00342565,-0.00236548,2.90026e-05,2.30807e-05,-0.243223,-0.236624,-0.0613836,0.963835,-1.01889,-0.218198,0.641863,0.965028,-0.999428,0.215167,0.285723,0.626425,1.58158,0.348378,-1.24764,-0.243582,-0.241117,-0.0616835,0.966191,-1.01712,-0.213547,0.642946,0.962077,-1.00569,0.213051,0.284752,0.602081,1.5663,0.348569,-1.23788,-0.22501,-0.207024,-0.0115503,0.150382,-0.113053,-0.0375545,-0.0520011,-0.0337791,0.149414,0.191151,0.171378,-0.218087,-0.199937,0.233939,0.216022,-0.33598,0.303469,-0.0994442,-0.142838,-0.379572,-0.290888,-0.13336,0.122361,-0.0335424,-0.169231,-0.181612,-0.178312,-0.0122767,0.192767,-0.203779,-0.0370147,-0.0511793,-0.0436396,0.128373,0.193006,0.228046,-0.285874,-0.199886,0.227583,0.262861,-0.33114,0.298972,0.253213,0.730792,-0.392669,-0.299425,0.0696755,-0.249528,-0.0335678,-0.169207,0.998171,0.000401334,0.0532078,0.0286831,-0.651067,-0.017953,-0.00767304,0.758769
-0.114725,-0.291819,-0.0516786,-0.0837612,-0.202379,-0.0370147,-0.0511793,0,-0.0561836,-0.0919379,0.228046,-0.285874,0,0.123875,0.332868,-0.33114,0.298972,-0.067636,0.100564,-0.392669,-0.299425,0.00693315,0.152668,-0.0335678,-0.169207,0,0,0,0,0,0,0,0,0,0,0,0,0,0,0,0,0,0,0,0,0,0,0,0,0,0,0,0,0.99791,0.0573394,-0.0570663,0.998321,-0.0303,0.00822305,0.00373637,-0.00998103,0.00287277,-0.165394,-0.148126,-0.0112568,0.150443,-0.112863,-0.037077,-0.0520682,-0.0328108,0.149114,0.191354,0.0211971,-0.0681323,-0.201222,0.114113,0.0976676,-0.336008,0.303467,-0.039109,-0.0832364,-0.129496,-0.0409147,-0.133428,0.122317,-0.0335419,-0.16923,-0.0190316,-0.0552789,0.0154854,0.00301379,0.00938475,0.0225899,-0.00299436,0.0502305,-0.0141815,0.0108932,-0.0078615,-0.00165276,-0.0620628,0.00887306,0.0823788,-0.00119602,-2.02324e-05,0.0167493,-0.0197322,0.00355577,-0.00119687,-0.00336073,-0.00218822,2.67122e-05,2.35652e-05,-0.243582,-0.241117,-0.0616835,0.966191,-1.01712,-0.213547,0.642946,0.962077,-1.00569,0.213051,0.284752,0.602081,1.5663,0.348569,-1.23788,-0.244007,-0.245377,-0.0616249,0.968711,-1.01542,-0.208448,0.643931,0.959629,-1.01227,0.210891,0.283982,0.578461,1.55194,0.34827,-1.22848,-0.225394,-0.208126,-0.0112568,0.150444,-0.112863,-0.037077,-0.0520682,-0.0328108,0.149114,0.191354,0.171197,-0.218132,-0.201222,0.234113,0.217668,-0.336008,0.303467,-0.099109,-0.143236,-0.379496,-0.290915,-0.133428,0.122317,-0.0335419,-0.16923,-0.181791,-0.180559,-0.0123367,0.193238,-0.203424,-0.0370147,-0.0511793,-0.0427095,0.128589,0.192415,0.228046,-0.285874,-0.201138,0.226526,0.262376,-0.33114,0.298972,0.241041,0.723152,-0.392669,-0.299425,0.0697137,-0.247576,-0.0335678,-0.169207,0.998175,0.000447084,0.0531116,0.0287175,-0.651067,-0.017953,-0.00767304,0.758769
-0.114725,-0.291819,-0.0516786,-0.0837612,-0.202379,-0.0370147,-0.0511793,0,-0.0561836,-0.0919379,0.228046,-0.285874,0,0.123875,0.332868,-0.33114,0.298972,-0.067636,0.100564,-0.392669,-0.299425,0.00693315,0.152668,-0.0335678,-0.169207,0,0,0,0,0,0,0,0,0,0,0,0,0,0,0,0,0,0,0,0,0,0,0,0,0,0,0,0,0.997903,0.0573651,-0.0570932,0.99832,-0.0304892,0.00811802,0.00416403,-0.00999297,0.000911059,-0.165773,-0.149245,-0.0109212,0.150503,-0.112677,-0.0366587,-0.0521179,-0.0317395,0.148858,0.1916,0.0210682,-0.0681534,-0.202566,0.114299,0.0993233,-0.336027,0.303468,-0.0387841,-0.083632,-0.129431,-0.0409376,-0.133494,0.122277,-0.0335414,-0.16923,-0.0186591,-0.0558383,0.0172679,0.00288025,0.00916293,0.0197272,-0.00205374,0.0548471,-0.012086,0.0128543,-0.00526824,-0.000505488,-0.0641465,0.00935198,0.0824468,-0.000783976,0.000118617,0.0162269,-0.019479,0.00304865,-0.000972975,-0.00329291,-0.00199644,2.38961e-05,2.32833e-05,-0.244007,-0.245377,-0.0616249,0.968711,-1.01542,-0.208448,0.643931,0.959629,-1.01227,0.210891,0.283982,0.578461,1.55194,0.34827,-1.22848,-0.244504,-0.249381,-0.0612714,0.971323,-1.0138,-0.203007,0.64482,0.957655,-1.01901,0.208678,0.283407,0.555601,1.53851,0.347497,-1.21951,-0.225773,-0.209245,-0.0109212,0.150503,-0.112677,-0.0366587,-0.0521179,-0.0317395,0.148858,0.1916,0.171068,-0.218153,-0.202566,0.234299,0.219323,-0.336027,0.303468,-0.0987841,-0.143632,-0.379431,-0.290938,-0.133494,0.122277,-0.0335414,-0.16923,-0.182004,-0.182688,-0.012325,0.193742,-0.203084,-0.0370147,-0.0511793,-0.0416896,0.128786,0.191926,0.228046,-0.285874,-0.202454,0.225446,0.261991,-0.33114,0.298972,0.22923,0.715972,-0.392669,-0.299425,0.069654,-0.245696,-0.0335678,-0.169207,0.99818,0.000496228,0.0530156,0.0287317,-0.651067,-0.017953,-0.00767304,0.758769
-0.114725,-0.291819,-0.0516786,-0.0837612,-0.202379,-0.0370147,-0.0511793,0,-0.0561836,-0.0919379,0.228046,-0.285874,0,0.123875,0.332868,-0.33114,0.298972,-0.067636,0.100564,-0.392669,-0.299425,0.00693315,0.152668,-0.0335678,-0.169207,0,0,0,0,0,0,0,0,0,0,0,0,0,0,0,0,0,0,0,0,0,0,0,0,0,0,0,0,0.997898,0.0573526,-0.0570821,0.998322,-0.0306774,0.00800932,0.00452252,-0.00996855,-0.000901396,-0.166141,-0.150368,-0.0105573,0.150559,-0.112496,-0.0362949,-0.052147,-0.0305869,0.148642,0.191881,0.0209899,-0.0681535,-0.203935,0.11449,0.10097,-0.336039,0.303471,-0.0384692,-0.0840192,-0.129375,-0.0409555,-0.13356,0.12224,-0.033541,-0.16923,-0.0179727,-0.0556991,0.0183515,0.00272719,0.00883948,0.0171344,-0.000978218,0.0583219,-0.0100345,0.0144153,-0.00281279,0.000466892,-0.0647046,0.00945958,0.0815517,-0.000407138,0.00023693,0.0157302,-0.0189386,0.0026376,-0.000711692,-0.00322235,-0.00179398,2.06837e-05,2.21632e-05,-0.244504,-0.249381,-0.0612714,0.971323,-1.0138,-0.203007,0.64482,0.957655,-1.01901,0.208678,0.283407,0.555601,1.53851,0.347497,-1.21951,-0.245066,-0.253107,-0.0606859,0.973964,-1.01226,-0.197338,0.64563,0.956095,-1.02579,0.206412,0.283018,0.533533,1.52597,0.346288,-1.21101,-0.226141,-0.210368,-0.0105573,0.150559,-0.112496,-0.0362949,-0.052147,-0.0305869,0.148642,0.191881,0.17099,-0.218153,-0.203935,0.23449,0.22097,-0.336039,0.303471,-0.0984692,-0.144019,-0.379375,-0.290956,-0.13356,0.12224,-0.033541,-0.16923,-0.182252,-0.18469,-0.0122543,0.194265,-0.20276,-0.0370147,-0.0511793,-0.0406014,0.128964,0.191531,0.228046,-0.285874,-0.203803,0.224339,0.261704,-0.33114,0.298972,0.217801,0.709254,-0.392669,-0.299425,0.0694994,-0.243903,-0.0335678,-0.169207,0.998185,0.000548103,0.0529201,0.0287269,-0.651067,-0.017953,-0.00767304,0.758769
-0.114725,-0.291819,-0.0516786,-0.0837612,-0.202379,-0.0370147,-0.0511793,0,-0.0561836,-0.0919379,0.228046,-0.285874,0,0.123875,0.332868,-0.33114,0.298972,-0.067636,0.100564,-0.392669,-0.299425,0.00693315,0.152668,-0.0335678,-0.169207,0,0,0,0,0,0,0,0,0,0,0,0,0,0,0,0,0,0,0,0,0,0,0,0,0,0,0,0,0.997895,0.0573055,-0.0570366,0.998325,-0.0308642,0.00789793,0.00481887,-0.00991748,-0.00250713,-0.166492,-0.15148,-0.0101793,0.150612,-0.112323,-0.0359797,-0.0521535,-0.0293781,0.148468,0.192188,0.020958,-0.0681362,-0.2053,0.114679,0.102588,-0.336044,0.303477,-0.0381634,-0.0843927,-0.129327,-0.0409679,-0.133624,0.122208,-0.0335407,-0.169229,-0.0169622,-0.0548919,0.018731,0.00253376,0.0084055,0.0148565,0.000188026,0.0605026,-0.00807465,0.0155353,-0.000605532,0.00123929,-0.0640706,0.00915081,0.0797818,-8.0672e-05,0.000330505,0.0152947,-0.0181577,0.00231703,-0.000429198,-0.00314748,-0.00158265,1.72615e-05,2.03205e-05,-0.245066,-0.253107,-0.0606859,0.973964,-1.01226,-0.197338,0.64563,0.956095,-1.02579,0.206412,0.283018,0.533533,1.52597,0.346288,-1.21101,-0.245668,-0.256539,-0.059927,0.976557,-1.01079,-0.19155,0.646385,0.954873,-1.03246,0.204143,0.282792,0.512383,1.5143,0.344689,-1.20298,-0.226492,-0.21148,-0.0101793,0.150612,-0.112323,-0.0359797,-0.0521535,-0.0293781,0.148468,0.192188,0.170958,-0.218136,-0.2053,0.234679,0.222588,-0.336044,0.303477,-0.0981634,-0.144393,-0.379327,-0.290968,-0.133624,0.122208,-0.0335407,-0.169229,-0.182533,-0.186553,-0.0121372,0.194793,-0.202451,-0.0370147,-0.0511793,-0.0394676,0.129126,0.191219,0.228046,-0.285874,-0.205157,0.223206,0.261509,-0.33114,0.298972,0.206766,0.702986,-0.392669,-0.299425,0.0692575,-0.242201,-0.0335678,-0.169207,0.998191,0.000602147,0.0528253,0.0287049,-0.651067,-0.017953,-0.00767304,0.758769
-0.114725,-0.291819,-0.0516786,-0.0837612,-0.202379,-0.0370147,-0.0511793,0,-0.0561836,-0.0919379,0.228046,-0.285874,0,0.123875,0.332868,-0.33114,0.298972,-0.067636,0.100564,-0.392669,-0.299425,0.00693315,0.152668,-0.0335678,-0.169207,0,0,0,0,0,0,0,0,0,0,0,0,0,0,0,0,0,0,0,0,0,0,0,0,0,0,0,0,0.997894,0.0572279,-0.0569607,0.998331,-0.0310493,0.00778569,0.00493001,-0.00984278,-0.00397729,-0.166817,-0.15257,-0.00979973,0.150662,-0.112157,-0.0357068,-0.0521357,-0.0281398,0.148332,0.192514,0.0209666,-0.0681054,-0.206642,0.114855,0.104164,-0.336042,0.303484,-0.0378644,-0.0847449,-0.129283,-0.0409739,-0.133686,0.122174,-0.0335405,-0.169229,-0.0155366,-0.0536355,0.0185697,0.00246482,0.00814058,0.0128674,0.001429,0.0613567,-0.00613209,0.0163162,0.00126073,0.00183859,-0.062626,0.0082563,0.0774472,0.000201624,0.000409981,0.0150312,-0.0168571,0.00208034,-9.1677e-05,-0.00308517,-0.00193434,1.11987e-05,1.55925e-05,-0.245668,-0.256539,-0.059927,0.976557,-1.01079,-0.19155,0.646385,0.954873,-1.03246,0.204143,0.282792,0.512383,1.5143,0.344689,-1.20298,-0.246257,-0.259733,-0.0590347,0.978921,-1.00959,-0.18577,0.647101,0.953884,-1.03892,0.201982,0.282619,0.492328,1.50336,0.342841,-1.1955,-0.226817,-0.21257,-0.00979973,0.150662,-0.112157,-0.0357068,-0.0521357,-0.0281398,0.148332,0.192514,0.170967,-0.218105,-0.206642,0.234855,0.224164,-0.336042,0.303484,-0.0978644,-0.144745,-0.379283,-0.290974,-0.133686,0.122174,-0.0335405,-0.169229,-0.182834,-0.188269,-0.0119854,0.195311,-0.202159,-0.0370147,-0.0511793,-0.03831,0.129277,0.190975,0.228046,-0.285874,-0.206493,0.222071,0.261396,-0.33114,0.298972,0.196192,0.697151,-0.392669,-0.299425,0.0689378,-0.240596,-0.0335678,-0.169207,0.998197,0.000657359,0.0527314,0.0286676,-0.651067,-0.017953,-0.00767304,0.758769
-0.114725,-0.291819,-0.0516786,-0.0837612,-0.202379,-0.0370147,-0.0511793,0,-0.0561836,-0.0919379,0.228046,-0.285874,0,0.123875,0.332868,-0.33114,0.298972,-0.067636,0.100564,-0.392669,-0.299425,0.00693315,0.152668,-0.0335678,-0.169207,0,0,0,0,0,0,0,0,0,0,0,0,0,0,0,0,0,0,0,0,0,0,0,0,0,0,0,0,0.997894,0.0571253,-0.0568598,0.998338,-0.0312328,0.00767456,0.00504972,-0.00976776,-0.00499449,-0.167112,-0.153626,-0.00943259,0.150709,-0.112,-0.0354699,-0.0520928,-0.0269002,0.148231,0.192848,0.0210084,-0.0680654,-0.207938,0.115011,0.105684,-0.336036,0.303492,-0.037571,-0.0850724,-0.129244,-0.0409738,-0.133747,0.122138,-0.0335404,-0.169229,-0.0140127,-0.0515997,0.0175727,0.00221263,0.00752689,0.0112116,0.00267734,0.0607712,-0.00459111,0.0163938,0.00273782,0.00216319,-0.0599004,0.00727521,0.074225,0.00039183,0.000449308,0.0146873,-0.0157601,0.0018843,0.000185284,-0.00299705,-0.00168701,1.17665e-05,1.58343e-05,-0.246257,-0.259733,-0.0590347,0.978921,-1.00959,-0.18577,0.647101,0.953884,-1.03892,0.201982,0.282619,0.492328,1.50336,0.342841,-1.1955,-0.246861,-0.262631,-0.0580481,0.9812,-1.00841,-0.180064,0.647756,0.953114,-1.04511,0.199865,0.282603,0.473429,1.49319,0.340654,-1.18855,-0.227112,-0.213626,-0.00943259,0.150709,-0.112,-0.0354699,-0.0520928,-0.0269002,0.148231,0.192848,0.171008,-0.218065,-0.207938,0.235011,0.225684,-0.336036,0.303492,-0.097571,-0.145072,-0.379244,-0.290974,-0.133747,0.122138,-0.0335404,-0.169229,-0.183128,-0.189867,-0.0118069,0.195784,-0.201918,-0.0370147,-0.0511793,-0.037154,0.12942,0.190777,0.228046,-0.285874,-0.207784,0.220991,0.261309,-0.33114,0.298972,0.186164,0.691679,-0.392669,-0.299425,0.0685682,-0.2391,-0.0335678,-0.169207,0.998203,0.000712633,0.0526384,0.0286179,-0.651067,-0.017953,-0.00767304,0.758769
-0.114725,-0.291819,-0.0516786,-0.0837612,-0.202379,-0.0370147,-0.0511793,0,-0.0561836,-0.0919379,0.228046,-0.285874,0,0.123875,0.332868,-0.33114,0.298972,-0.067636,0.100564,-0.392669,-0.299425,0.00693315,0.152668,-0.0335678,-0.169207,0,0,0,0,0,0,0,0,0,0,0,0,0,0,0,0,0,0,0,0,0,0,0,0,0,0,0,0,0.997895,0.0570058,-0.0567421,0.998345,-0.0314145,0.00756287,0.00517172,-0.00968608,-0.00573418,-0.167375,-0.154636,-0.00909164,0.15075,-0.111857,-0.0352635,-0.0520251,-0.0256863,0.148158,0.193179,0.021075,-0.0680217,-0.209169,0.115146,0.107132,-0.336027,0.303501,-0.0372847,-0.085378,-0.129208,-0.040968,-0.133806,0.122109,-0.0335403,-0.169229,-0.012367,-0.049064,0.0160721,0.00187973,0.00674967,0.00978158,0.00390605,0.0589662,-0.00325081,0.0160631,0.00378456,0.00225035,-0.0566816,0.00619692,0.0704434,0.000514024,0.000459117,0.0142995,-0.0146574,0.00174438,0.000466564,-0.00289713,-0.00129416,6.85572e-06,1.16032e-05,-0.246861,-0.262631,-0.0580481,0.9812,-1.00841,-0.180064,0.647756,0.953114,-1.04511,0.199865,0.282603,0.473429,1.49319,0.340654,-1.18855,-0.247485,-0.265239,-0.0570153,0.983344,-1.00726,-0.174515,0.64837,0.952522,-1.05098,0.197812,0.282698,0.455805,1.48386,0.338215,-1.1821,-0.227375,-0.214636,-0.00909164,0.15075,-0.111857,-0.0352635,-0.0520251,-0.0256863,0.148158,0.193179,0.171075,-0.218022,-0.209169,0.235146,0.227132,-0.336027,0.303501,-0.0972847,-0.145378,-0.379208,-0.290968,-0.133807,0.122109,-0.0335403,-0.169229,-0.18343,-0.191315,-0.0116096,0.19624,-0.201682,-0.0370147,-0.0511793,-0.0360128,0.129551,0.190623,0.228046,-0.285874,-0.209022,0.219933,0.261301,-0.33114,0.298972,0.176715,0.686597,-0.392669,-0.299425,0.0681308,-0.23771,-0.0335678,-0.169207,0.99821,0.000768617,0.0525463,0.0285596,-0.651067,-0.017953,-0.00767304,0.758769
-0.114725,-0.291819,-0.0516786,-0.0837612,-0.202379,-0.0370147,-0.0511793,0,-0.0561836,-0.0919379,0.228046,-0.285874,0,0.123875,0.332868,-0.33114,0.298972,-0.067636,0.100564,-0.392669,-0.299425,0.00693315,0.152668,-0.0335678,-0.169207,0,0,0,0,0,0,0,0,0,0,0,0,0,0,0,0,0,0,0,0,0,0,0,0,0,0,0,0,0.997896,0.0568732,-0.0566114,0.998354,-0.0315942,0.00745095,0.00523569,-0.00958163,-0.00631098,-0.167604,-0.155591,-0.00878452,0.150785,-0.11173,-0.0350839,-0.0519333,-0.0245197,0.14811,0.1935,0.0211578,-0.0679783,-0.210331,0.115259,0.108501,-0.336017,0.30351,-0.0370063,-0.0856605,-0.129174,-0.0409564,-0.133864,0.122087,-0.0335402,-0.169229,-0.0106163,-0.0462335,0.0142666,0.00156008,0.00595677,0.00849376,0.00508585,0.0562396,-0.00203464,0.0155077,0.00440635,0.00214427,-0.0534502,0.00501312,0.066359,0.000581382,0.000448161,0.0138876,-0.0134787,0.00162411,0.000764801,-0.00280014,-0.000978556,2.36076e-06,7.22859e-06,-0.247485,-0.265239,-0.0570153,0.983344,-1.00726,-0.174515,0.64837,0.952522,-1.05098,0.197812,0.282698,0.455805,1.48386,0.338215,-1.1821,-0.248109,-0.267585,-0.0559547,0.985286,-1.0062,-0.169206,0.648952,0.952068,-1.05647,0.195857,0.282866,0.439554,1.47534,0.335632,-1.17617,-0.227604,-0.215591,-0.00878452,0.150785,-0.11173,-0.0350839,-0.0519333,-0.0245197,0.14811,0.1935,0.171158,-0.217978,-0.210331,0.235259,0.228501,-0.336017,0.30351,-0.0970063,-0.14566,-0.379174,-0.290956,-0.133864,0.122087,-0.0335402,-0.169229,-0.183742,-0.192619,-0.0114031,0.196669,-0.201451,-0.0370147,-0.0511793,-0.0349031,0.129674,0.190504,0.228046,-0.285874,-0.210196,0.218906,0.261349,-0.33114,0.298972,0.167902,0.681931,-0.392669,-0.299425,0.0676429,-0.236419,-0.0335678,-0.169207,0.998216,0.00082506,0.0524552,0.028495,-0.651067,-0.017953,-0.00767304,0.758769
-0.114725,-0.291819,-0.0516786,-0.0837612,-0.202379,-0.0370147,-0.0511793,0,-0.0561836,-0.0919379,0.228046,-0.285874,0,0.123875,0.332868,-0.33114,0.298972,-0.067636,0.100564,-0.392669,-0.299425,0.00693315,0.152668,-0.0335678,-0.169207,0,0,0,0,0,0,0,0,0,0,0,0,0,0,0,0,0,0,0,0,0,0,0,0,0,0,0,0,0.997898,0.0567361,-0.0564761,0.998362,-0.0317729,0.00734033,0.00516032,-0.00951797,-0.00652325,-0.167795,-0.156479,-0.00852321,0.150813,-0.111619,-0.0349269,-0.0518188,-0.0234489,0.14808,0.193798,0.0212491,-0.0679378,-0.211328,0.115344,0.109778,-0.336005,0.303518,-0.0367331,-0.0859155,-0.129142,-0.0409378,-0.133919,0.122071,-0.0335403,-0.169229,-0.00870264,-0.0428442,0.0120406,0.00129941,0.00516106,0.00733131,0.00622267,0.0513046,-0.00111214,0.0144166,0.00464019,0.00190832,-0.0473868,0.00364803,0.0617061,0.000592764,0.000419626,0.0135064,-0.0121376,0.00152237,0.00106953,-0.00271532,-0.000720274,-3.73551e-06,-6.23769e-07,-0.248109,-0.267585,-0.0559547,0.985286,-1.0062,-0.169206,0.648952,0.952068,-1.05647,0.195857,0.282866,0.439554,1.47534,0.335632,-1.17617,-0.248733,-0.269695,-0.0549685,0.986968,-1.00534,-0.164341,0.649475,0.951701,-1.06134,0.193979,0.283047,0.424654,1.46751,0.332987,-1.17092,-0.227795,-0.216479,-0.00852321,0.150813,-0.111619,-0.0349269,-0.0518188,-0.0234489,0.14808,0.193798,0.171249,-0.217938,-0.211328,0.235344,0.229778,-0.336005,0.303518,-0.0967331,-0.145916,-0.379142,-0.290938,-0.133919,0.122071,-0.0335403,-0.169229,-0.184055,-0.193793,-0.0111909,0.197057,-0.201239,-0.0370147,-0.0511793,-0.0338411,0.12979,0.190414,0.228046,-0.285874,-0.211294,0.217929,0.261433,-0.33114,0.298972,0.159777,0.677669,-0.392669,-0.299425,0.0671264,-0.235235,-0.0335678,-0.169207,0.998223,0.000880989,0.0523646,0.028428,-0.651067,-0.017953,-0.00767304,0.758769
-0.114725,-0.291819,-0.0516786,-0.0837612,-0.202379,-0.0370147,-0.0511793,0,-0.0561836,-0.0919379,0.228046,-0.285874,0,0.123875,0.332868,-0.33114,0.298972,-0.067636,0.100564,-0.392669,-0.299425,0.00693315,0.152668,-0.0335678,-0.169207,0,0,0,0,0,0,0,0,0,0,0,0,0,0,0,0,0,0,0,0,0,0,0,0,0,0,0,0,0.997901,0.0565941,-0.056336,0.998371,-0.0319494,0.00723237,0.00505587,-0.00934623,-0.00677215,-0.167948,-0.157299,-0.00830542,0.150837,-0.111524,-0.0347938,-0.0516827,-0.0224751,0.148069,0.194076,0.0213409,-0.067904,-0.212257,0.115402,0.110961,-0.335993,0.303526,-0.036469,-0.0861445,-0.129114,-0.0409138,-0.133973,0.122059,-0.0335405,-0.169229,-0.00688899,-0.0395387,0.00988087,0.00107218,0.00440203,0.00612746,0.0072279,0.0465268,-0.000201744,0.0133593,0.00449753,0.00150244,-0.0454402,0.00235821,0.0570862,0.000561445,0.00037034,0.0130093,-0.0108595,0.00136056,0.00133035,-0.00263463,-0.000480025,-5.05254e-06,-2.54669e-06,-0.248733,-0.269695,-0.0549685,0.986968,-1.00534,-0.164341,0.649475,0.951701,-1.06134,0.193979,0.283047,0.424654,1.46751,0.332987,-1.17092,-0.249341,-0.271563,-0.0539852,0.988406,-1.00453,-0.159909,0.650051,0.951332,-1.06574,0.19225,0.283328,0.411324,1.46041,0.330367,-1.16611,-0.227948,-0.217299,-0.00830542,0.150837,-0.111524,-0.0347938,-0.0516827,-0.0224751,0.148069,0.194076,0.171341,-0.217904,-0.212257,0.235402,0.230961,-0.335993,0.303526,-0.096469,-0.146144,-0.379114,-0.290914,-0.133973,0.122059,-0.0335405,-0.169229,-0.184366,-0.194847,-0.0109937,0.197394,-0.201067,-0.0370147,-0.0511793,-0.0328682,0.129895,0.19034,0.228046,-0.285874,-0.212267,0.21699,0.261524,-0.33114,0.298972,0.152327,0.673755,-0.392669,-0.299425,0.0665974,-0.234183,-0.0335678,-0.169207,0.99823,0.000935742,0.0522752,0.0283586,-0.651067,-0.017953,-0.00767304,0.758769
-0.114725,-0.291819,-0.0516786,-0.0837612,-0.202379,-0.0370147,-0.0511793,0,-0.0561836,-0.0919379,0.228046,-0.285874,0,0.123875,0.332868,-0.33114,0.298972,-0.067636,0.100564,-0.392669,-0.299425,0.00693315,0.152668,-0.0335678,-0.169207,0,0,0,0,0,0,0,0,0,0,0,0,0,0,0,0,0,0,0,0,0,0,0,0,0,0,0,0,0.997903,0.0564475,-0.0561912,0.99838,-0.0321214,0.00712761,0.00494958,-0.0090501,-0.00700732,-0.168068,-0.158056,-0.00813072,0.150856,-0.111444,-0.0346848,-0.0515291,-0.0215949,0.148074,0.194332,0.0214263,-0.0678796,-0.213149,0.115437,0.112054,-0.335983,0.303533,-0.0362156,-0.086349,-0.129089,-0.0408848,-0.134025,0.122052,-0.0335406,-0.169229,-0.00526436,-0.036417,0.00773922,0.000850059,0.0036634,0.00491139,0.00799419,0.0419467,0.000640745,0.0123433,0.00405187,0.000981653,-0.0432321,0.00121641,0.0526322,0.000502882,0.000312246,0.0124345,-0.00969514,0.00112813,0.00156017,-0.00254537,-0.000241826,-4.66691e-06,-2.57957e-06,-0.249341,-0.271563,-0.0539852,0.988406,-1.00453,-0.159909,0.650051,0.951332,-1.06574,0.19225,0.283328,0.411324,1.46041,0.330367,-1.16611,-0.249915,-0.273195,-0.0530144,0.98963,-1.0038,-0.155836,0.650619,0.951029,-1.06976,0.190674,0.283642,0.399496,1.45409,0.327784,-1.16179,-0.228068,-0.218056,-0.00813072,0.150856,-0.111444,-0.0346848,-0.0515291,-0.0215949,0.148074,0.194332,0.171426,-0.21788,-0.213149,0.235437,0.232054,-0.335983,0.303533,-0.0962156,-0.146349,-0.379089,-0.290885,-0.134025,0.122052,-0.0335406,-0.169229,-0.184671,-0.195781,-0.010797,0.197681,-0.200906,-0.0370147,-0.0511793,-0.0319818,0.13001,0.190266,0.228046,-0.285874,-0.213148,0.216125,0.261664,-0.33114,0.298972,0.145662,0.670206,-0.392669,-0.299425,0.0660734,-0.233223,-0.0335678,-0.169207,0.998236,0.000989088,0.0521881,0.0282867,-0.651067,-0.017953,-0.00767304,0.758769
-0.114725,-0.291819,-0.0516786,-0.0837612,-0.202379,-0.0370147,-0.0511793,0,-0.0561836,-0.0919379,0.228046,-0.285874,0,0.123875,0.332868,-0.33114,0.298972,-0.067636,0.100564,-0.392669,-0.299425,0.00693315,0.152668,-0.0335678,-0.169207,0,0,0,0,0,0,0,0,0,0,0,0,0,0,0,0,0,0,0,0,0,0,0,0,0,0,0,0,0.997906,0.0562963,-0.0560419,0.998389,-0.0322866,0.00702625,0.00484175,-0.00865321,-0.00723499,-0.168157,-0.158752,-0.00799823,0.150871,-0.111379,-0.0346004,-0.0513629,-0.0208014,0.148096,0.194569,0.0215001,-0.0678664,-0.213977,0.11545,0.11306,-0.335974,0.303538,-0.0359747,-0.0865314,-0.129069,-0.0408516,-0.134075,0.12205,-0.0335407,-0.169229,-0.00382321,-0.0334716,0.00567041,0.000645972,0.00295569,0.00367495,0.00851851,0.0378726,0.00141856,0.0113785,0.00337334,0.000398121,-0.0391971,0.000256276,0.0483677,0.000420316,0.000246718,0.0117658,-0.00864855,0.000851495,0.00175549,-0.00245478,-5.9349e-06,-5.36528e-06,-3.6159e-06,-0.249915,-0.273195,-0.0530144,0.98963,-1.0038,-0.155836,0.650619,0.951029,-1.06976,0.190674,0.283642,0.399496,1.45409,0.327784,-1.16179,-0.250453,-0.274598,-0.0520836,0.990644,-1.0032,-0.152127,0.651141,0.950837,-1.07338,0.18924,0.28397,0.389093,1.44855,0.325241,-1.15804,-0.228157,-0.218752,-0.00799823,0.150871,-0.111379,-0.0346004,-0.0513629,-0.0208014,0.148096,0.194569,0.1715,-0.217866,-0.213977,0.23545,0.23306,-0.335974,0.303538,-0.0959747,-0.146531,-0.379069,-0.290852,-0.134075,0.12205,-0.0335407,-0.169229,-0.184957,-0.196597,-0.0106029,0.197926,-0.200761,-0.0370147,-0.0511793,-0.0311672,0.130124,0.190206,0.228046,-0.285874,-0.213953,0.215337,0.261821,-0.33114,0.298972,0.139748,0.667047,-0.392669,-0.299425,0.0655569,-0.232359,-0.0335678,-0.169207,0.998243,0.00104095,0.0521044,0.0282126,-0.651067,-0.017953,-0.00767304,0.758769
-0.114725,-0.291819,-0.0516786,-0.0837612,-0.202379,-0.0370147,-0.0511793,0,-0.0561836,-0.0919379,0.228046,-0.285874,0,0.123875,0.332868,-0.33114,0.298972,-0.067636,0.100564,-0.392669,-0.299425,0.00693315,0.152668,-0.0335678,-0.169207,0,0,0,0,0,0,0,0,0,0,0,0,0,0,0,0,0,0,0,0,0,0,0,0,0,0,0,0,0.99791,0.056141,-0.0558883,0.998399,-0.0324432,0.00692863,0.00471703,-0.00818012,-0.00744678,-0.168219,-0.15939,-0.00790591,0.150882,-0.111327,-0.0345409,-0.0511885,-0.0200823,0.148133,0.194786,0.0215585,-0.0678651,-0.214708,0.115446,0.113982,-0.335967,0.303542,-0.0357481,-0.086694,-0.129055,-0.0408149,-0.134123,0.122053,-0.0335409,-0.169229,-0.00254398,-0.0306529,0.0037265,0.000478701,0.00229192,0.00241176,0.00883514,0.034444,0.00212144,0.0104387,0.00253339,-0.000199364,-0.0340109,-0.000528053,0.0442476,0.000321335,0.000175885,0.0110014,-0.00769579,0.000545561,0.00190812,-0.00237116,0.00021948,-6.82135e-06,-5.37024e-06,-0.250453,-0.274598,-0.0520836,0.990644,-1.0032,-0.152127,0.651141,0.950837,-1.07338,0.18924,0.28397,0.389093,1.44855,0.325241,-1.15804,-0.250969,-0.275783,-0.0512005,0.991453,-1.00272,-0.148803,0.651594,0.950748,-1.07653,0.187939,0.28431,0.380084,1.44375,0.322761,-1.15486,-0.228219,-0.21939,-0.00790591,0.150882,-0.111327,-0.0345409,-0.0511885,-0.0200823,0.148133,0.194786,0.171559,-0.217865,-0.214708,0.235446,0.233982,-0.335967,0.303542,-0.0957481,-0.146694,-0.379055,-0.290815,-0.134123,0.122053,-0.0335409,-0.169229,-0.185227,-0.197299,-0.0104167,0.198129,-0.20064,-0.0370147,-0.0511793,-0.0304254,0.130228,0.190167,0.228046,-0.285874,-0.214676,0.21462,0.261985,-0.33114,0.298972,0.134547,0.664276,-0.392669,-0.299425,0.0650481,-0.231607,-0.0335678,-0.169207,0.998249,0.00109118,0.0520251,0.0281364,-0.651067,-0.017953,-0.00767304,0.758769
-0.114725,-0.291819,-0.0516786,-0.0837612,-0.202379,-0.0370147,-0.0511793,0,-0.0561836,-0.0919379,0.228046,-0.285874,0,0.123875,0.332868,-0.33114,0.298972,-0.067636,0.100564,-0.392669,-0.299425,0.00693315,0.152668,-0.0335678,-0.169207,0,0,0,0,0,0,0,0,0,0,0,0,0,0,0,0,0,0,0,0,0,0,0,0,0,0,0,0,0.997914,0.0559821,-0.0557313,0.998408,-0.0325899,0.00683536,0.00455976,-0.0076292,-0.00760415,-0.168257,-0.159973,-0.00785104,0.15089,-0.111288,-0.034507,-0.0510099,-0.0194267,0.148182,0.194985,0.0215991,-0.0678755,-0.215332,0.115429,0.114823,-0.335961,0.303545,-0.0355375,-0.0868383,-0.129048,-0.0407757,-0.13417,0.12206,-0.0335411,-0.169229,-0.00144158,-0.0279389,0.00192142,0.000356632,0.00168023,0.00112255,0.00897556,0.0314287,0.0027005,0.00947231,0.00160714,-0.000765934,-0.0287545,-0.00115439,0.0402298,0.000216302,0.0001032,0.0101581,-0.00681407,0.000211805,0.00200851,-0.00229786,0.000428004,-8.2874e-06,-7.17005e-06,-0.250969,-0.275783,-0.0512005,0.991453,-1.00272,-0.148803,0.651594,0.950748,-1.07653,0.187939,0.28431,0.380084,1.44375,0.322761,-1.15486,-0.251461,-0.276766,-0.0503627,0.992064,-1.00234,-0.145869,0.65196,0.950739,-1.0792,0.186782,0.284665,0.372456,1.43968,0.320382,-1.15224,-0.228257,-0.219973,-0.00785104,0.15089,-0.111288,-0.034507,-0.0510099,-0.0194267,0.148182,0.194985,0.171599,-0.217875,-0.215332,0.235429,0.234823,-0.335961,0.303545,-0.0955375,-0.146838,-0.379048,-0.290776,-0.13417,0.12206,-0.0335411,-0.169229,-0.185485,-0.197892,-0.0102401,0.198291,-0.200544,-0.0370147,-0.0511793,-0.0297606,0.130319,0.19015,0.228046,-0.285874,-0.215306,0.21397,0.262155,-0.33114,0.298972,0.130042,0.661876,-0.392669,-0.299425,0.0645523,-0.230972,-0.0335678,-0.169207,0.998255,0.00113947,0.0519509,0.0280584,-0.651067,-0.017953,-0.00767304,0.758769
-0.114725,-0.291819,-0.0516786,-0.0837612,-0.202379,-0.0370147,-0.0511793,0,-0.0561836,-0.0919379,0.228046,-0.285874,0,0.123875,0.332868,-0.33114,0.298972,-0.067636,0.100564,-0.392669,-0.299425,0.00693315,0.152668,-0.0335678,-0.169207,0,0,0,0,0,0,0,0,0,0,0,0,0,0,0,0,0,0,0,0,0,0,0,0,0,0,0,0,0.997918,0.0558214,-0.0555723,0.998418,-0.0327251,0.00674723,0.00435924,-0.00698604,-0.00766801,-0.168276,-0.160503,-0.0078308,0.150896,-0.11126,-0.0344991,-0.0508302,-0.0188309,0.148242,0.195163,0.0216208,-0.0678965,-0.215855,0.1154,0.115584,-0.335958,0.303546,-0.0353445,-0.0869656,-0.129047,-0.040735,-0.134215,0.12207,-0.0335413,-0.16923,-0.000544817,-0.0253304,0.000258768,0.000283014,0.00112629,-0.00018284,0.00896157,0.0284156,0.00310744,0.00843788,0.00066674,-0.00126331,-0.02399,-0.00163689,0.0362896,0.000114342,3.35534e-05,0.00925519,-0.00598578,-0.000145342,0.00205465,-0.00223614,0.00061621,-9.38509e-06,-8.63451e-06,-0.251461,-0.276766,-0.0503627,0.992064,-1.00234,-0.145869,0.65196,0.950739,-1.0792,0.186782,0.284665,0.372456,1.43968,0.320382,-1.15224,-0.251921,-0.277565,-0.0495714,0.992483,-1.00204,-0.143319,0.652225,0.950798,-1.08141,0.185786,0.285032,0.366206,1.43633,0.318134,-1.15014,-0.228276,-0.220503,-0.0078308,0.150896,-0.11126,-0.0344991,-0.0508302,-0.0188309,0.148242,0.195163,0.171621,-0.217896,-0.215855,0.2354,0.235584,-0.335958,0.303546,-0.0953445,-0.146966,-0.379047,-0.290735,-0.134215,0.12207,-0.0335413,-0.16923,-0.18573,-0.198383,-0.0100725,0.198413,-0.200467,-0.0370147,-0.0511793,-0.0291738,0.130392,0.190148,0.228046,-0.285874,-0.21584,0.213391,0.262332,-0.33114,0.298972,0.126228,0.659838,-0.392669,-0.299425,0.0640765,-0.230448,-0.0335678,-0.169207,0.99826,0.00118541,0.0518824,0.0279794,-0.651067,-0.017953,-0.00767304,0.758769
-0.114725,-0.291819,-0.0516786,-0.0837612,-0.202379,-0.0370147,-0.0511793,0,-0.0561836,-0.0919379,0.228046,-0.285874,0,0.123875,0.332868,-0.33114,0.298972,-0.067636,0.100564,-0.392669,-0.299425,0.00693315,0.152668,-0.0335678,-0.169207,0,0,0,0,0,0,0,0,0,0,0,0,0,0,0,0,0,0,0,0,0,0,0,0,0,0,0,0,0.997923,0.0556609,-0.0554135,0.998428,-0.0328468,0.00666516,0.00411019,-0.00623992,-0.0076253,-0.168279,-0.160983,-0.00784218,0.150902,-0.111243,-0.0345172,-0.0506523,-0.0182988,0.148307,0.19532,0.0216242,-0.0679263,-0.216288,0.115363,0.116267,-0.335957,0.303546,-0.03517,-0.0870767,-0.129054,-0.040694,-0.134259,0.122084,-0.0335415,-0.16923,0.000125816,-0.022838,-0.00124526,0.000262379,0.0006367,-0.00148508,0.00880481,0.0250601,0.00332465,0.00732619,-0.000224943,-0.0016627,-0.0197462,-0.00197975,0.0324165,2.24318e-05,-2.78364e-05,0.00830418,-0.0051967,-0.000513521,0.00205228,-0.00218739,0.000782206,-1.00177e-05,-9.61161e-06,-0.251921,-0.277565,-0.0495714,0.992483,-1.00204,-0.143319,0.652225,0.950798,-1.08141,0.185786,0.285032,0.366206,1.43633,0.318134,-1.15014,-0.252344,-0.278193,-0.0488366,0.992713,-1.00183,-0.141157,0.652384,0.950929,-1.0832,0.184965,0.285408,0.361332,1.43372,0.316044,-1.14855,-0.228279,-0.220983,-0.00784218,0.150902,-0.111243,-0.0345172,-0.0506523,-0.0182988,0.148307,0.19532,0.171624,-0.217926,-0.216288,0.235363,0.236267,-0.335957,0.303546,-0.09517,-0.147077,-0.379054,-0.290694,-0.134259,0.122084,-0.0335415,-0.16923,-0.18596,-0.198782,-0.00991427,0.198497,-0.200408,-0.0370147,-0.0511793,-0.0286638,0.130445,0.19016,0.228046,-0.285874,-0.216283,0.212893,0.262516,-0.33114,0.298972,0.123103,0.658163,-0.392669,-0.299425,0.0636268,-0.230028,-0.0335678,-0.169207,0.998266,0.00122851,0.0518208,0.0279004,-0.651067,-0.017953,-0.00767304,0.758769
-0.114725,-0.291819,-0.0516786,-0.0837612,-0.202379,-0.0370147,-0.0511793,0,-0.0561836,-0.0919379,0.228046,-0.285874,0,0.123875,0.332868,-0.33114,0.298972,-0.067636,0.100564,-0.392669,-0.299425,0.00693315,0.152668,-0.0335678,-0.169207,0,0,0,0,0,0,0,0,0,0,0,0,0,0,0,0,0,0,0,0,0,0,0,0,0,0,0,0,0.997928,0.0555029,-0.0552571,0.998437,-0.0329533,0.00659013,0.00381134,-0.00539199,-0.00749001,-0.168271,-0.161413,-0.00788174,0.150907,-0.111235,-0.034561,-0.0504792,-0.0178394,0.148374,0.195454,0.0216107,-0.0679629,-0.216639,0.115321,0.116874,-0.335958,0.303545,-0.0350149,-0.0871723,-0.129069,-0.0406534,-0.134303,0.122102,-0.0335417,-0.16923,0.000569855,-0.0204658,-0.00256498,0.000301216,0.00021779,-0.00275367,0.00850851,0.0211999,0.0033673,0.00615443,-0.00101775,-0.0019458,-0.0157823,-0.00218199,0.0286032,-5.42425e-05,-7.65681e-05,0.00730972,-0.00443332,-0.000874934,0.00201077,-0.00215285,0.000925023,-1.0189e-05,-1.00402e-05,-0.252344,-0.278193,-0.0488366,0.992713,-1.00183,-0.141157,0.652384,0.950929,-1.0832,0.184965,0.285408,0.361332,1.43372,0.316044,-1.14855,-0.25273,-0.27866,-0.0481708,0.992757,-1.0017,-0.139396,0.652435,0.951142,-1.08457,0.184327,0.285789,0.35784,1.43186,0.31413,-1.14746,-0.228271,-0.221413,-0.00788174,0.150907,-0.111235,-0.034561,-0.0504792,-0.0178394,0.148374,0.195454,0.171611,-0.217963,-0.216639,0.235321,0.236874,-0.335958,0.303545,-0.0950149,-0.147172,-0.379069,-0.290653,-0.134303,0.122102,-0.0335417,-0.16923,-0.186172,-0.199097,-0.00976731,0.198543,-0.200366,-0.0370147,-0.0511793,-0.0282314,0.130477,0.190186,0.228046,-0.285874,-0.216639,0.212482,0.262704,-0.33114,0.298972,0.120666,0.656859,-0.392669,-0.299425,0.0632088,-0.22971,-0.0335678,-0.169207,0.998271,0.00126826,0.0517669,0.0278226,-0.651067,-0.017953,-0.00767304,0.758769
-0.114725,-0.291819,-0.0516786,-0.0837612,-0.202379,-0.0370147,-0.0511793,0,-0.0561836,-0.0919379,0.228046,-0.285874,0,0.123875,0.332868,-0.33114,0.298972,-0.067636,0.100564,-0.392669,-0.299425,0.00693315,0.152668,-0.0335678,-0.169207,0,0,0,0,0,0,0,0,0,0,0,0,0,0,0,0,0,0,0,0,0,0,0,0,0,0,0,0,0.997934,0.0553489,-0.0551046,0.998446,-0.0330425,0.00652315,0.00346411,-0.00445369,-0.00728831,-0.168256,-0.161797,-0.00794553,0.150914,-0.111235,-0.0346295,-0.0503135,-0.0174629,0.14844,0.195564,0.0215829,-0.0680038,-0.216911,0.115276,0.117404,-0.335959,0.303543,-0.0348801,-0.0872527,-0.12909,-0.0406141,-0.134346,0.122122,-0.0335419,-0.16923,0.00080519,-0.0182078,-0.00367834,0.000404196,-0.000127255,-0.00395125,0.00807157,0.0168501,0.00326749,0.00494845,-0.00167493,-0.00210437,-0.0118508,-0.00224892,0.0248395,-0.000112454,-0.00011051,0.00627716,-0.00368198,-0.00121088,0.00193707,-0.00213325,0.00104462,-9.9787e-06,-9.98213e-06,-0.25273,-0.27866,-0.0481708,0.992757,-1.0017,-0.139396,0.652435,0.951142,-1.08457,0.184327,0.285789,0.35784,1.43186,0.31413,-1.14746,-0.253083,-0.278975,-0.0475802,0.992622,-1.00166,-0.138055,0.652385,0.951446,-1.08554,0.183868,0.286175,0.35573,1.43075,0.312407,-1.14688,-0.228256,-0.221797,-0.00794553,0.150914,-0.111235,-0.0346295,-0.0503135,-0.0174629,0.14844,0.195564,0.171583,-0.218004,-0.216911,0.235276,0.237404,-0.335959,0.303543,-0.0948801,-0.147253,-0.37909,-0.290614,-0.134346,0.122122,-0.0335419,-0.16923,-0.186365,-0.19933,-0.00963416,0.198551,-0.200341,-0.0370147,-0.0511793,-0.0278792,0.130487,0.190228,0.228046,-0.285874,-0.216914,0.212163,0.262895,-0.33114,0.298972,0.11892,0.65593,-0.392669,-0.299425,0.0628261,-0.229493,-0.0335678,-0.169207,0.998275,0.00130414,0.0517217,0.0277467,-0.651067,-0.017953,-0.00767304,0.758769
-0.114725,-0.291819,-0.0516786,-0.0837612,-0.202379,-0.0370147,-0.0511793,0,-0.0561836,-0.0919379,0.228046,-0.285874,0,0.123875,0.332868,-0.33114,0.298972,-0.067636,0.100564,-0.392669,-0.299425,0.00693315,0.152668,-0.0335678,-0.169207,0,0,0,0,0,0,0,0,0,0,0,0,0,0,0,0,0,0,0,0,0,0,0,0,0,0,0,0,0.997939,0.0552001,-0.0549572,0.998454,-0.0331131,0.00646521,0.00307358,-0.00344078,-0.0070505,-0.168239,-0.162138,-0.00802923,0.150924,-0.11124,-0.0347208,-0.0501582,-0.0171778,0.148504,0.19565,0.0215436,-0.0680465,-0.217103,0.115232,0.11786,-0.335962,0.303541,-0.0347662,-0.0873181,-0.129117,-0.0405765,-0.134388,0.122144,-0.0335421,-0.169231,0.000863164,-0.0160551,-0.00456762,0.000570417,-0.000400175,-0.00504163,0.00749376,0.0121422,0.00306691,0.0037379,-0.00217328,-0.00213987,-0.00785422,-0.00220083,0.0211153,-0.000151284,-0.000130309,0.005218,-0.0029295,-0.00150489,0.00183262,-0.00212818,0.00114249,-9.51213e-06,-9.58786e-06,-0.253083,-0.278975,-0.0475802,0.992622,-1.00166,-0.138055,0.652385,0.951446,-1.08554,0.183868,0.286175,0.35573,1.43075,0.312407,-1.14688,-0.253406,-0.279143,-0.047068,0.992318,-1.00171,-0.137151,0.652242,0.951837,-1.0861,0.183587,0.286568,0.354999,1.43038,0.310884,-1.14678,-0.228239,-0.222138,-0.00802922,0.150924,-0.11124,-0.0347208,-0.0501582,-0.0171778,0.148504,0.19565,0.171544,-0.218046,-0.217103,0.235232,0.23786,-0.335962,0.303541,-0.0947662,-0.147318,-0.379117,-0.290576,-0.134388,0.122144,-0.0335421,-0.169231,-0.186541,-0.199488,-0.00951603,0.198524,-0.200333,-0.0370147,-0.0511793,-0.027611,0.130477,0.190289,0.228046,-0.285874,-0.217108,0.211934,0.263088,-0.33114,0.298972,0.117865,0.655375,-0.392669,-0.299425,0.0624814,-0.229376,-0.0335678,-0.169207,0.998279,0.00133565,0.0516859,0.0276733,-0.651067,-0.017953,-0.00767304,0.758769
-0.114725,-0.291819,-0.0516786,-0.0837612,-0.202379,-0.0370147,-0.0511793,0,-0.0561836,-0.0919379,0.228046,-0.285874,0,0.123875,0.332868,-0.33114,0.298972,-0.067636,0.100564,-0.392669,-0.299425,0.00693315,0.152668,-0.0335678,-0.169207,0,0,0,0,0,0,0,0,0,0,0,0,0,0,0,0,0,0,0,0,0,0,0,0,0,0,0,0,0.997946,0.055057,-0.0548153,0.998463,-0.0331638,0.00641717,0.00264669,-0.0023711,-0.00679595,-0.168223,-0.162436,-0.00812829,0.150938,-0.111251,-0.0348324,-0.050016,-0.0169892,0.148562,0.195711,0.0214963,-0.0680886,-0.217214,0.115189,0.118242,-0.335965,0.303538,-0.0346735,-0.0873682,-0.12915,-0.0405413,-0.134431,0.122167,-0.0335423,-0.169231,0.000778573,-0.0139946,-0.0052315,0.000792986,-0.000608222,-0.00599405,0.00677867,0.00726489,0.00279713,0.00253907,-0.00250088,-0.00206049,-0.00379901,-0.00206606,0.0174217,-0.000171409,-0.000137986,0.00414855,-0.00216558,-0.00174462,0.00169637,-0.0021357,0.00122137,-8.92765e-06,-9.0212e-06,-0.253406,-0.279143,-0.047068,0.992318,-1.00171,-0.137151,0.652242,0.951837,-1.0861,0.183587,0.286568,0.354999,1.43038,0.310884,-1.14678,-0.253702,-0.279166,-0.0466347,0.991852,-1.00182,-0.136692,0.652016,0.95231,-1.08626,0.183481,0.286969,0.355633,1.43073,0.309573,-1.14716,-0.228223,-0.222436,-0.00812829,0.150938,-0.111251,-0.0348324,-0.050016,-0.0169892,0.148562,0.195711,0.171496,-0.218089,-0.217214,0.235189,0.238242,-0.335965,0.303538,-0.0946735,-0.147368,-0.37915,-0.290541,-0.134431,0.122167,-0.0335423,-0.169231,-0.186703,-0.199571,-0.00941359,0.198464,-0.200341,-0.0370147,-0.0511793,-0.0274301,0.130448,0.190367,0.228046,-0.285874,-0.21722,0.211794,0.263284,-0.33114,0.298972,0.117499,0.655189,-0.392669,-0.299425,0.0621769,-0.229356,-0.0335678,-0.169207,0.998282,0.00136236,0.0516602,0.0276026,-0.651067,-0.017953,-0.00767304,0.758769
-0.114725,-0.291819,-0.0516786,-0.0837612,-0.202379,-0.0370147,-0.0511793,0,-0.0561836,-0.0919379,0.228046,-0.285874,0,0.123875,0.332868,-0.33114,0.298972,-0.067636,0.100564,-0.392669,-0.299425,0.00693315,0.152668,-0.0335678,-0.169207,0,0,0,0,0,0,0,0,0,0,0,0,0,0,0,0,0,0,0,0,0,0,0,0,0,0,0,0,0.997952,0.0549197,-0.0546791,0.99847,-0.0331933,0.00637957,0.00220595,-0.00123692,-0.00654,-0.16821,-0.162696,-0.0082376,0.150956,-0.111265,-0.034962,-0.0498896,-0.0168962,0.148615,0.19575,0.0214442,-0.0681281,-0.217245,0.11515,0.118551,-0.335969,0.303535,-0.034602,-0.0874034,-0.129187,-0.0405094,-0.134474,0.122192,-0.0335425,-0.169231,0.000542262,-0.0120895,-0.00565665,0.00104534,-0.000765947,-0.00681764,0.00593068,0.00251829,0.00247333,0.00139061,-0.00265732,-0.00188591,0.000178942,-0.00186355,0.0138249,-0.000174595,-0.000137544,0.00308994,-0.00140911,-0.00192866,0.0015226,-0.00214856,0.00128697,-8.16979e-06,-8.00175e-06,-0.253702,-0.279166,-0.0466347,0.991852,-1.00182,-0.136692,0.652016,0.95231,-1.08626,0.183481,0.286969,0.355633,1.43073,0.309573,-1.14716,-0.253964,-0.279044,-0.0462791,0.991238,-1.00198,-0.136673,0.651712,0.952861,-1.08603,0.183553,0.287382,0.357604,1.43179,0.308479,-1.14797,-0.22821,-0.222696,-0.0082376,0.150956,-0.111265,-0.034962,-0.0498896,-0.0168962,0.148615,0.19575,0.171444,-0.218128,-0.217245,0.23515,0.238551,-0.335969,0.303535,-0.094602,-0.147403,-0.379187,-0.290509,-0.134474,0.122192,-0.0335425,-0.169231,-0.186851,-0.199583,-0.00932693,0.19837,-0.200364,-0.0370147,-0.0511793,-0.0273384,0.130403,0.190462,0.228046,-0.285874,-0.217252,0.21174,0.263485,-0.33114,0.298972,0.117817,0.655364,-0.392669,-0.299425,0.0619146,-0.229431,-0.0335678,-0.169207,0.998285,0.00138401,0.0516453,0.0275347,-0.651067,-0.017953,-0.00767304,0.758769
-0.114725,-0.291819,-0.0516786,-0.0837612,-0.202379,-0.0370147,-0.0511793,0,-0.0561836,-0.0919379,0.228046,-0.285874,0,0.123875,0.332868,-0.33114,0.298972,-0.067636,0.100564,-0.392669,-0.299425,0.00693315,0.152668,-0.0335678,-0.169207,0,0,0,0,0,0,0,0,0,0,0,0,0,0,0,0,0,0,0,0,0,0,0,0,0,0,0,0,0.997959,0.054789,-0.0545493,0.998478,-0.0332012,0.00635292,0.00173316,-0.00010002,-0.00624201,-0.168203,-0.162917,-0.00835405,0.15098,-0.111281,-0.0351059,-0.0497814,-0.0168998,0.148659,0.195765,0.021391,-0.068163,-0.217189,0.115115,0.118788,-0.335972,0.303532,-0.0345511,-0.0874229,-0.129227,-0.0404812,-0.134517,0.122219,-0.0335426,-0.169231,0.000251372,-0.0101878,-0.00592385,0.00133629,-0.000883621,-0.00744647,0.00497322,-0.00220975,0.0020892,0.000206037,-0.00264555,-0.00161919,0.00438612,-0.00164372,0.0102053,-0.000160941,-0.000126745,0.0020578,-0.000617586,-0.00204445,0.00132596,-0.00216733,0.00134024,-7.79042e-06,-7.5363e-06,-0.253964,-0.279044,-0.0462791,0.991238,-1.00198,-0.136673,0.651712,0.952861,-1.08603,0.183553,0.287382,0.357604,1.43179,0.308479,-1.14797,-0.254203,-0.278793,-0.0459987,0.990473,-1.0022,-0.13709,0.651324,0.953483,-1.0854,0.183792,0.287803,0.36086,1.43352,0.307604,-1.14923,-0.228203,-0.222917,-0.00835405,0.15098,-0.111281,-0.0351059,-0.0497814,-0.0168998,0.148659,0.195765,0.171391,-0.218163,-0.217189,0.235115,0.238788,-0.335972,0.303532,-0.0945511,-0.147423,-0.379227,-0.290481,-0.134517,0.122219,-0.0335426,-0.169231,-0.186982,-0.199522,-0.00925582,0.198248,-0.200397,-0.0370147,-0.0511793,-0.0273347,0.130342,0.190572,0.228046,-0.285874,-0.217206,0.211777,0.263691,-0.33114,0.298972,0.118802,0.655893,-0.392669,-0.299425,0.0616959,-0.229595,-0.0335678,-0.169207,0.998287,0.00140033,0.0516412,0.02747,-0.651067,-0.017953,-0.00767304,0.758769
-0.114725,-0.291819,-0.0516786,-0.0837612,-0.202379,-0.0370147,-0.0511793,0,-0.0561836,-0.0919379,0.228046,-0.285874,0,0.123875,0.332868,-0.33114,0.298972,-0.067636,0.100564,-0.392669,-0.299425,0.00693315,0.152668,-0.0335678,-0.169207,0,0,0,0,0,0,0,0,0,0,0,0,0,0,0,0,0,0,0,0,0,0,0,0,0,0,0,0,0.997966,0.0546658,-0.0544268,0.998485,-0.0331877,0.00633771,0.00123673,0.00103075,-0.00591366,-0.168202,-0.163101,-0.0084744,0.15101,-0.1113,-0.0352602,-0.0496935,-0.0169976,0.148696,0.195755,0.0213397,-0.0681918,-0.217047,0.115085,0.118953,-0.335975,0.30353,-0.0345203,-0.087426,-0.129269,-0.0404572,-0.134561,0.122246,-0.0335428,-0.169231,-8.26796e-05,-0.00830485,-0.00602911,0.00165423,-0.000968693,-0.00789537,0.00393098,-0.00676883,0.0016593,-0.000996677,-0.00248388,-0.00128602,0.00827767,-0.00142448,0.00658278,-0.000135789,-0.000111904,0.00106459,0.000207629,-0.00209343,0.00109729,-0.00219166,0.00138332,-7.61633e-06,-7.37564e-06,-0.254203,-0.278793,-0.0459987,0.990473,-1.0022,-0.13709,0.651324,0.953483,-1.0854,0.183792,0.287803,0.36086,1.43352,0.307604,-1.14923,-0.254417,-0.278415,-0.0457889,0.989565,-1.00246,-0.137933,0.650864,0.954157,-1.08439,0.184196,0.288236,0.365357,1.4359,0.306948,-1.1509,-0.228202,-0.223101,-0.0084744,0.151011,-0.1113,-0.0352602,-0.0496935,-0.0169976,0.148696,0.195755,0.17134,-0.218192,-0.217047,0.235085,0.238953,-0.335975,0.30353,-0.0945203,-0.147426,-0.379269,-0.290457,-0.134561,0.122246,-0.0335428,-0.169231,-0.187102,-0.199397,-0.00919973,0.198095,-0.20044,-0.0370147,-0.0511793,-0.027418,0.130265,0.190697,0.228046,-0.285874,-0.21708,0.211896,0.263901,-0.33114,0.298972,0.12043,0.656762,-0.392669,-0.299425,0.0615208,-0.229846,-0.0335678,-0.169207,0.998288,0.00141106,0.051648,0.0274088,-0.651067,-0.017953,-0.00767304,0.758769
-0.114725,-0.291819,-0.0516786,-0.0837612,-0.202379,-0.0370147,-0.0511793,0,-0.0561836,-0.0919379,0.228046,-0.285874,0,0.123875,0.332868,-0.33114,0.298972,-0.067636,0.100564,-0.392669,-0.299425,0.00693315,0.152668,-0.0335678,-0.169207,0,0,0,0,0,0,0,0,0,0,0,0,0,0,0,0,0,0,0,0,0,0,0,0,0,0,0,0,0.997974,0.0545506,-0.0543121,0.998491,-0.0331529,0.00633417,0.000727873,0.00214656,-0.00555709,-0.168209,-0.163246,-0.0085955,0.151047,-0.11132,-0.0354216,-0.0496272,-0.0171852,0.148723,0.195722,0.0212931,-0.0682133,-0.216828,0.115058,0.119045,-0.335978,0.303528,-0.0345087,-0.0874122,-0.129311,-0.0404381,-0.134605,0.122274,-0.0335429,-0.169231,-0.00045178,-0.00645665,-0.0059829,0.00198397,-0.00103259,-0.00817812,0.00282359,-0.0110548,0.00119087,-0.00220699,-0.00219526,-0.000911519,0.0117333,-0.00121319,0.00298971,-0.000101772,-9.52296e-05,0.000119452,0.00105606,-0.00208251,0.000839877,-0.0022168,0.0014203,-7.38268e-06,-7.13619e-06,-0.254417,-0.278415,-0.0457889,0.989565,-1.00246,-0.137933,0.650864,0.954157,-1.08439,0.184196,0.288236,0.365357,1.4359,0.306948,-1.1509,-0.254604,-0.277914,-0.0456447,0.988522,-1.00274,-0.139176,0.650334,0.954872,-1.08301,0.184763,0.288682,0.371032,1.4389,0.306509,-1.15294,-0.228209,-0.223246,-0.0085955,0.151047,-0.11132,-0.0354216,-0.0496272,-0.0171852,0.148723,0.195722,0.171293,-0.218213,-0.216828,0.235058,0.239045,-0.335978,0.303528,-0.0945087,-0.147412,-0.379311,-0.290438,-0.134605,0.122274,-0.0335429,-0.169231,-0.187209,-0.199207,-0.00915777,0.197913,-0.200492,-0.0370147,-0.0511793,-0.0275866,0.130173,0.190831,0.228046,-0.285874,-0.216877,0.212098,0.264118,-0.33114,0.298972,0.122679,0.657952,-0.392669,-0.299425,0.0613897,-0.230179,-0.0335678,-0.169207,0.998289,0.00141605,0.0516656,0.0273515,-0.651067,-0.017953,-0.00767304,0.758769
-0.114725,-0.291819,-0.0516786,-0.0837612,-0.202379,-0.0370147,-0.0511793,0,-0.0561836,-0.0919379,0.228046,-0.285874,0,0.123875,0.332868,-0.33114,0.298972,-0.067636,0.100564,-0.392669,-0.299425,0.00693315,0.152668,-0.0335678,-0.169207,0,0,0,0,0,0,0,0,0,0,0,0,0,0,0,0,0,0,0,0,0,0,0,0,0,0,0,0,0.997981,0.054444,-0.0542057,0.998497,-0.0330973,0.00634234,0.000217397,0.00323605,-0.00517308,-0.168223,-0.163356,-0.00871444,0.15109,-0.111342,-0.0355869,-0.0495837,-0.0174559,0.14874,0.195663,0.0212534,-0.0682271,-0.216539,0.115036,0.119065,-0.335979,0.303526,-0.0345152,-0.0873812,-0.129352,-0.0404243,-0.134649,0.122302,-0.0335431,-0.169232,-0.000849155,-0.00465766,-0.00579903,0.0023117,-0.00108595,-0.00831156,0.00167075,-0.0149825,0.000688735,-0.00341543,-0.00180622,-0.000519395,0.0148459,-0.00100909,-0.000537534,-6.09401e-05,-7.7979e-05,-0.000773546,0.00191438,-0.00202075,0.00056186,-0.0022381,0.0014555,-7.09946e-06,-6.79012e-06,-0.254604,-0.277914,-0.0456447,0.988522,-1.00274,-0.139176,0.650334,0.954872,-1.08301,0.184763,0.288682,0.371032,1.4389,0.306509,-1.15294,-0.254761,-0.277297,-0.045561,0.987355,-1.00306,-0.140786,0.649734,0.955627,-1.08132,0.185485,0.289137,0.377802,1.44246,0.306275,-1.15534,-0.228223,-0.223356,-0.00871444,0.15109,-0.111342,-0.0355869,-0.0495837,-0.0174559,0.14874,0.195663,0.171253,-0.218227,-0.216539,0.235036,0.239065,-0.335979,0.303526,-0.0945152,-0.147381,-0.379352,-0.290424,-0.134649,0.122302,-0.0335431,-0.169232,-0.187302,-0.198957,-0.00912895,0.197704,-0.200549,-0.0370147,-0.0511793,-0.0278353,0.130067,0.190974,0.228046,-0.285874,-0.216602,0.212381,0.264341,-0.33114,0.298972,0.125516,0.659448,-0.392669,-0.299425,0.0613018,-0.230588,-0.0335678,-0.169207,0.998289,0.00141528,0.0516937,0.0272983,-0.651067,-0.017953,-0.00767304,0.758769
-0.114725,-0.291819,-0.0516786,-0.0837612,-0.202379,-0.0370147,-0.0511793,0,-0.0561836,-0.0919379,0.228046,-0.285874,0,0.123875,0.332868,-0.33114,0.298972,-0.067636,0.100564,-0.392669,-0.299425,0.00693315,0.152668,-0.0335678,-0.169207,0,0,0,0,0,0,0,0,0,0,0,0,0,0,0,0,0,0,0,0,0,0,0,0,0,0,0,0,0.997989,0.0543465,-0.0541082,0.998502,-0.0330215,0.006362,-0.000285314,0.0042846,-0.00476645,-0.168245,-0.163429,-0.00882857,0.15114,-0.111364,-0.0357533,-0.0495635,-0.0178015,0.148747,0.195581,0.0212224,-0.0682331,-0.216188,0.115018,0.119016,-0.33598,0.303525,-0.0345388,-0.087333,-0.129391,-0.0404162,-0.134694,0.122331,-0.0335432,-0.169232,-0.00126256,-0.00291536,-0.00548702,0.0026268,-0.00113766,-0.0083148,0.000495673,-0.0184761,0.000163042,-0.00461028,-0.00134622,-0.000131659,0.0177007,-0.000809102,-0.00396747,-1.55134e-05,-6.125e-05,-0.00161426,0.00277035,-0.00191748,0.000273225,-0.00225213,0.00149267,-6.80608e-06,-6.36992e-06,-0.254761,-0.277297,-0.045561,0.987355,-1.00306,-0.140786,0.649734,0.955627,-1.08132,0.185485,0.289137,0.377802,1.44246,0.306275,-1.15534,-0.25489,-0.276568,-0.0455344,0.986076,-1.00339,-0.142724,0.649067,0.956421,-1.07933,0.186351,0.289599,0.385574,1.44657,0.306228,-1.15807,-0.228245,-0.223429,-0.00882857,0.15114,-0.111364,-0.0357533,-0.0495635,-0.0178015,0.148747,0.195581,0.171222,-0.218233,-0.216188,0.235018,0.239016,-0.33598,0.303525,-0.0945388,-0.147333,-0.379391,-0.290416,-0.134694,0.122331,-0.0335432,-0.169232,-0.187381,-0.198649,-0.0091122,0.197471,-0.200611,-0.0370147,-0.0511793,-0.0281571,0.129947,0.191125,0.228046,-0.285874,-0.216263,0.212742,0.264569,-0.33114,0.298972,0.128901,0.661232,-0.392669,-0.299425,0.0612549,-0.231068,-0.0335678,-0.169207,0.998288,0.00140882,0.051732,0.0272494,-0.651067,-0.017953,-0.00767304,0.758769
-0.114725,-0.291819,-0.0516786,-0.0837612,-0.202379,-0.0370147,-0.0511793,0,-0.0561836,-0.0919379,0.228046,-0.285874,0,0.123875,0.332868,-0.33114,0.298972,-0.067636,0.100564,-0.392669,-0.299425,0.00693315,0.152668,-0.0335678,-0.169207,0,0,0,0,0,0,0,0,0,0,0,0,0,0,0,0,0,0,0,0,0,0,0,0,0,0,0,0,0.997997,0.0542584,-0.0540199,0.998506,-0.0329266,0.00639277,-0.000772469,0.00527639,-0.00434103,-0.168276,-0.163469,-0.00893543,0.151195,-0.111387,-0.0359184,-0.0495669,-0.0182128,0.148742,0.195474,0.0212012,-0.0682314,-0.21578,0.115004,0.118899,-0.335979,0.303524,-0.0345785,-0.0872676,-0.129428,-0.0404139,-0.134739,0.122361,-0.0335433,-0.169232,-0.00167735,-0.00123185,-0.00505974,0.00292019,-0.00119579,-0.00820676,-0.000677614,-0.0214918,-0.000377404,-0.00578335,-0.00084509,0.000232885,0.0203216,-0.000611126,-0.00727327,3.24019e-05,-4.59823e-05,-0.00240299,0.00361266,-0.00178291,-1.62158e-05,-0.00225626,0.00153496,-6.46e-06,-5.84308e-06,-0.25489,-0.276568,-0.0455344,0.986076,-1.00339,-0.142724,0.649067,0.956421,-1.07933,0.186351,0.289599,0.385574,1.44657,0.306228,-1.15807,-0.254993,-0.275733,-0.045559,0.984697,-1.00375,-0.144954,0.64833,0.957252,-1.07708,0.187348,0.290063,0.394249,1.45115,0.306351,-1.16111,-0.228276,-0.223469,-0.00893544,0.151195,-0.111387,-0.0359184,-0.0495669,-0.0182128,0.148742,0.195474,0.171201,-0.218231,-0.21578,0.235004,0.238899,-0.335979,0.303524,-0.0945785,-0.147268,-0.379428,-0.290414,-0.134739,0.122361,-0.0335433,-0.169232,-0.187445,-0.198284,-0.00910688,0.197215,-0.200678,-0.0370147,-0.0511793,-0.0285449,0.129813,0.191284,0.228046,-0.285874,-0.215866,0.213175,0.264799,-0.33114,0.298972,0.132787,0.663283,-0.392669,-0.299425,0.0612455,-0.231614,-0.0335678,-0.169207,0.998287,0.00139684,0.05178,0.0272051,-0.651067,-0.017953,-0.00767304,0.758769
-0.114725,-0.291819,-0.0516786,-0.0837612,-0.202379,-0.0370147,-0.0511793,0,-0.0561836,-0.0919379,0.228046,-0.285874,0,0.123875,0.332868,-0.33114,0.298972,-0.067636,0.100564,-0.392669,-0.299425,0.00693315,0.152668,-0.0335678,-0.169207,0,0,0,0,0,0,0,0,0,0,0,0,0,0,0,0,0,0,0,0,0,0,0,0,0,0,0,0,0.998005,0.05418,-0.0539412,0.99851,-0.0328138,0.00643407,-0.00123786,0.00619727,-0.00389713,-0.168315,-0.163475,-0.00903289,0.151257,-0.111412,-0.0360803,-0.0495936,-0.0186798,0.148727,0.195344,0.0211901,-0.0682228,-0.215319,0.114994,0.118718,-0.335978,0.303523,-0.0346333,-0.0871856,-0.129462,-0.0404172,-0.134784,0.122392,-0.0335434,-0.169232,-0.00208152,0.000392232,-0.00453429,0.00318389,-0.00126744,-0.00800726,-0.00182519,-0.0240272,-0.000928576,-0.00693116,-0.000330998,0.000559337,0.0226746,-0.000413042,-0.0104316,8.06234e-05,-3.3144e-05,-0.00313993,0.00443079,-0.00162749,-0.000298359,-0.0022482,0.00158495,-6.04735e-06,-5.21962e-06,-0.254993,-0.275733,-0.045559,0.984697,-1.00375,-0.144954,0.64833,0.957252,-1.07708,0.187348,0.290063,0.394249,1.45115,0.306351,-1.16111,-0.255073,-0.274799,-0.0456259,0.983238,-1.00413,-0.147433,0.647525,0.958116,-1.07461,0.188458,0.290529,0.403722,1.45616,0.306622,-1.16443,-0.228315,-0.223475,-0.00903289,0.151257,-0.111412,-0.0360803,-0.0495936,-0.0186798,0.148727,0.195344,0.17119,-0.218223,-0.215319,0.234994,0.238718,-0.335978,0.303523,-0.0946333,-0.147186,-0.379463,-0.290417,-0.134784,0.122392,-0.0335434,-0.169232,-0.187497,-0.197866,-0.0091118,0.196939,-0.20075,-0.0370147,-0.0511793,-0.0289909,0.129666,0.19145,0.228046,-0.285874,-0.215416,0.213674,0.265032,-0.33114,0.298972,0.137125,0.665576,-0.392669,-0.299425,0.0612702,-0.232222,-0.0335678,-0.169207,0.998285,0.00137961,0.0518371,0.0271656,-0.651067,-0.017953,-0.00767304,0.758769
-0.114725,-0.291819,-0.0516786,-0.0837612,-0.202379,-0.0370147,-0.0511793,0,-0.0561836,-0.0919379,0.228046,-0.285874,0,0.123875,0.332868,-0.33114,0.298972,-0.067636,0.100564,-0.392669,-0.299425,0.00693315,0.152668,-0.0335678,-0.169207,0,0,0,0,0,0,0,0,0,0,0,0,0,0,0,0,0,0,0,0,0,0,0,0,0,0,0,0,0.998013,0.0541117,-0.0538723,0.998514,-0.0326845,0.00648521,-0.00167464,0.00703676,-0.00343981,-0.168361,-0.163449,-0.00911909,0.151323,-0.111439,-0.0362374,-0.0496428,-0.0191932,0.1487,0.195191,0.0211893,-0.0682082,-0.214813,0.114988,0.118475,-0.335976,0.303523,-0.0347021,-0.0870874,-0.129493,-0.040426,-0.134829,0.122424,-0.0335435,-0.169232,-0.00246258,0.00195076,-0.00392324,0.00341018,-0.00135857,-0.00773644,-0.00292554,-0.0261114,-0.00148036,-0.00804347,0.000170423,0.000836522,0.0246848,-0.000218474,-0.0134189,0.000126933,-2.36859e-05,-0.00382297,0.0052152,-0.00146106,-0.000567108,-0.00222636,0.00164498,-5.50933e-06,-4.46106e-06,-0.255073,-0.274799,-0.0456259,0.983238,-1.00413,-0.147433,0.647525,0.958116,-1.07461,0.188458,0.290529,0.403722,1.45616,0.306622,-1.16443,-0.25513,-0.273778,-0.0457256,0.981722,-1.00452,-0.150117,0.646656,0.959007,-1.07194,0.189664,0.290994,0.413884,1.46155,0.307014,-1.16798,-0.228361,-0.223449,-0.00911909,0.151323,-0.111439,-0.0362374,-0.0496428,-0.0191932,0.1487,0.195191,0.171189,-0.218208,-0.214813,0.234988,0.238475,-0.335976,0.303523,-0.0947021,-0.147087,-0.379493,-0.290426,-0.134829,0.122424,-0.0335435,-0.169232,-0.187536,-0.1974,-0.00912519,0.196648,-0.200826,-0.0370147,-0.0511793,-0.0294867,0.129505,0.191623,0.228046,-0.285874,-0.214921,0.214229,0.265264,-0.33114,0.298972,0.141861,0.668082,-0.392669,-0.299425,0.0613243,-0.232886,-0.0335678,-0.169207,0.998283,0.00135745,0.0519025,0.0271309,-0.651067,-0.017953,-0.00767304,0.758769
-0.114725,-0.291819,-0.0516786,-0.0837612,-0.202379,-0.0370147,-0.0511793,0,-0.0561836,-0.0919379,0.228046,-0.285874,0,0.123875,0.332868,-0.33114,0.298972,-0.067636,0.100564,-0.392669,-0.299425,0.00693315,0.152668,-0.0335678,-0.169207,0,0,0,0,0,0,0,0,0,0,0,0,0,0,0,0,0,0,0,0,0,0,0,0,0,0,0,0,0.998021,0.0540534,-0.0538133,0.998517,-0.0325404,0.00654534,-0.0020757,0.00778663,-0.00297767,-0.168416,-0.163393,-0.00919242,0.151393,-0.111467,-0.0363884,-0.0497133,-0.0197441,0.148662,0.195017,0.0211982,-0.0681886,-0.214268,0.114985,0.118175,-0.335973,0.303522,-0.0347839,-0.086974,-0.129521,-0.04044,-0.134873,0.122458,-0.0335436,-0.169232,-0.00280892,0.00343433,-0.0032376,0.00359256,-0.00147358,-0.007413,-0.00396128,-0.0277768,-0.00201955,-0.00910619,0.000637993,0.00105806,0.0263003,-3.16498e-05,-0.0162108,0.000169377,-1.80133e-05,-0.00444986,0.00595626,-0.00129207,-0.000817116,-0.00218986,0.00171686,-4.81093e-06,-3.54386e-06,-0.25513,-0.273778,-0.0457256,0.981722,-1.00452,-0.150117,0.646656,0.959007,-1.07194,0.189664,0.290994,0.413884,1.46155,0.307014,-1.16798,-0.255168,-0.272676,-0.0458501,0.980168,-1.00492,-0.152962,0.64573,0.959916,-1.06912,0.190951,0.291458,0.424625,1.46724,0.307508,-1.17173,-0.228415,-0.223393,-0.00919242,0.151393,-0.111467,-0.0363884,-0.0497133,-0.0197441,0.148662,0.195017,0.171198,-0.218189,-0.214268,0.234985,0.238175,-0.335973,0.303522,-0.0947839,-0.146974,-0.379521,-0.29044,-0.134873,0.122458,-0.0335436,-0.169232,-0.187565,-0.196889,-0.00914513,0.196344,-0.200905,-0.0370147,-0.0511793,-0.0300235,0.129331,0.191801,0.228046,-0.285874,-0.214388,0.214832,0.265497,-0.33114,0.298972,0.146942,0.670774,-0.392669,-0.299425,0.0614029,-0.233597,-0.0335678,-0.169207,0.99828,0.00133076,0.0519754,0.0271011,-0.651067,-0.017953,-0.00767304,0.758769
-0.114725,-0.291819,-0.0516786,-0.0837612,-0.202379,-0.0370147,-0.0511793,0,-0.0561836,-0.0919379,0.228046,-0.285874,0,0.123875,0.332868,-0.33114,0.298972,-0.067636,0.100564,-0.392669,-0.299425,0.00693315,0.152668,-0.0335678,-0.169207,0,0,0,0,0,0,0,0,0,0,0,0,0,0,0,0,0,0,0,0,0,0,0,0,0,0,0,0,0.998028,0.0540052,-0.0537642,0.998519,-0.0323832,0.00661347,-0.00243461,0.00843917,-0.00251933,-0.168476,-0.163308,-0.00925149,0.151466,-0.111499,-0.0365324,-0.0498037,-0.0203243,0.148614,0.194821,0.0212159,-0.0681652,-0.213695,0.114987,0.11782,-0.335969,0.303522,-0.0348774,-0.0868462,-0.129545,-0.0404587,-0.134916,0.122492,-0.0335436,-0.169232,-0.00310897,0.00483491,-0.00249133,0.00372597,-0.0016157,-0.00705212,-0.0049196,-0.0290457,-0.00253339,-0.0101064,0.00105575,0.00122253,0.0275206,0.000143505,-0.0187846,0.000206554,-1.58906e-05,-0.00501867,0.00664465,-0.00112702,-0.0010437,-0.00213816,0.00180167,-3.94654e-06,-2.46389e-06,-0.255168,-0.272676,-0.0458501,0.980168,-1.00492,-0.152962,0.64573,0.959916,-1.06912,0.190951,0.291458,0.424625,1.46724,0.307508,-1.17173,-0.25519,-0.271503,-0.0459914,0.978594,-1.00532,-0.155924,0.644754,0.960837,-1.06619,0.192302,0.291918,0.435841,1.4732,0.308081,-1.17563,-0.228476,-0.223308,-0.00925149,0.151466,-0.111499,-0.0365324,-0.0498037,-0.0203243,0.148614,0.194821,0.171216,-0.218165,-0.213695,0.234987,0.23782,-0.335969,0.303522,-0.0948774,-0.146846,-0.379545,-0.290459,-0.134916,0.122492,-0.0335436,-0.169232,-0.187584,-0.196338,-0.00917002,0.196034,-0.200984,-0.0370147,-0.0511793,-0.0305924,0.129146,0.191983,0.228046,-0.285874,-0.213825,0.215475,0.265729,-0.33114,0.298972,0.152313,0.673622,-0.392669,-0.299425,0.0615016,-0.234347,-0.0335678,-0.169207,0.998276,0.0013,0.0520549,0.0270762,-0.651067,-0.017953,-0.00767304,0.758769
-0.114725,-0.291819,-0.0516786,-0.0837612,-0.202379,-0.0370147,-0.0511793,0,-0.0561836,-0.0919379,0.228046,-0.285874,0,0.123875,0.332868,-0.33114,0.298972,-0.067636,0.100564,-0.392669,-0.299425,0.00693315,0.152668,-0.0335678,-0.169207,0,0,0,0,0,0,0,0,0,0,0,0,0,0,0,0,0,0,0,0,0,0,0,0,0,0,0,0,0.998036,0.0539667,-0.0537247,0.99852,-0.032215,0.00668852,-0.00274683,0.00898694,-0.00206985,-0.168542,-0.163196,-0.00929527,0.151541,-0.111533,-0.036669,-0.0499123,-0.0209257,0.148555,0.194606,0.0212413,-0.0681391,-0.2131,0.114991,0.117417,-0.335964,0.303522,-0.0349817,-0.0867053,-0.129566,-0.0404816,-0.134958,0.122529,-0.0335437,-0.169232,-0.00335288,0.00614773,-0.00170322,0.00380732,-0.00178676,-0.00666643,-0.00579074,-0.0299231,-0.00301401,-0.0110367,0.00141324,0.00133303,0.0283816,0.000304634,-0.0211207,0.000237484,-1.68062e-05,-0.00552782,0.00727165,-0.000970455,-0.00124368,-0.00207131,0.00189955,-2.9705e-06,-1.284e-06,-0.25519,-0.271503,-0.0459914,0.978594,-1.00532,-0.155924,0.644754,0.960837,-1.06619,0.192302,0.291918,0.435841,1.4732,0.308081,-1.17563,-0.255197,-0.270267,-0.0461405,0.977022,-1.00571,-0.158962,0.643734,0.961763,-1.06319,0.193701,0.292372,0.447422,1.47935,0.308716,-1.17964,-0.228542,-0.223196,-0.00929527,0.151541,-0.111533,-0.036669,-0.0499123,-0.0209257,0.148555,0.194606,0.171241,-0.218139,-0.2131,0.234991,0.237417,-0.335964,0.303522,-0.0949817,-0.146705,-0.379566,-0.290482,-0.134958,0.122529,-0.0335437,-0.169232,-0.187595,-0.195751,-0.00919827,0.195719,-0.201064,-0.0370147,-0.0511793,-0.0311848,0.128951,0.192167,0.228046,-0.285874,-0.213239,0.216151,0.265959,-0.33114,0.298972,0.157921,0.676598,-0.392669,-0.299425,0.0616163,-0.235126,-0.0335678,-0.169207,0.998272,0.00126571,0.05214,0.0270561,-0.651067,-0.017953,-0.00767304,0.758769
-0.114725,-0.291819,-0.0516786,-0.0837612,-0.202379,-0.0370147,-0.0511793,0,-0.0561836,-0.0919379,0.228046,-0.285874,0,0.123875,0.332868,-0.33114,0.298972,-0.067636,0.100564,-0.392669,-0.299425,0.00693315,0.152668,-0.0335678,-0.169207,0,0,0,0,0,0,0,0,0,0,0,0,0,0,0,0,0,0,0,0,0,0,0,0,0,0,0,0,0.998043,0.0539376,-0.0536946,0.998521,-0.0320376,0.00676932,-0.00300924,0.00942473,-0.00163712,-0.168612,-0.163058,-0.00932306,0.151618,-0.111571,-0.0367976,-0.0500372,-0.0215405,0.148487,0.194374,0.0212732,-0.0681112,-0.212491,0.114999,0.11697,-0.335959,0.303522,-0.0350954,-0.0865525,-0.129584,-0.0405081,-0.134998,0.122568,-0.0335437,-0.169232,-0.00353249,0.00736523,-0.000888133,0.0038365,-0.00198532,-0.00626735,-0.00656755,-0.0304108,-0.00345099,-0.0118871,0.00170485,0.00139579,0.0289128,0.000449285,-0.0232002,0.000261683,-2.02403e-05,-0.00597613,0.00783089,-0.000825672,-0.00141606,-0.00199018,0.00200766,-1.94243e-06,-7.25886e-08,-0.255197,-0.270267,-0.0461405,0.977022,-1.00571,-0.158962,0.643734,0.961763,-1.06319,0.193701,0.292372,0.447422,1.47935,0.308716,-1.17964,-0.255193,-0.268979,-0.04629,0.975468,-1.00608,-0.162036,0.642678,0.962686,-1.06014,0.195132,0.292819,0.459261,1.48565,0.309395,-1.18372,-0.228612,-0.223058,-0.00932306,0.151618,-0.111571,-0.0367976,-0.0500373,-0.0215405,0.148487,0.194374,0.171273,-0.218111,-0.212491,0.234999,0.23697,-0.335959,0.303522,-0.0950954,-0.146552,-0.379584,-0.290508,-0.134998,0.122568,-0.0335437,-0.169232,-0.187598,-0.195134,-0.00922811,0.195404,-0.201141,-0.0370147,-0.0511793,-0.0317924,0.128747,0.192353,0.228046,-0.285874,-0.212637,0.21685,0.266186,-0.33114,0.298972,0.163711,0.679675,-0.392669,-0.299425,0.0617432,-0.235928,-0.0335678,-0.169207,0.998268,0.00122844,0.0522297,0.0270405,-0.651067,-0.017953,-0.00767304,0.758769
-0.114725,-0.291819,-0.0516786,-0.0837612,-0.202379,-0.0370147,-0.0511793,0,-0.0561836,-0.0919379,0.228046,-0.285874,0,0.123875,0.332868,-0.33114,0.298972,-0.067636,0.100564,-0.392669,-0.299425,0.00693315,0.152668,-0.0335678,-0.169207,0,0,0,0,0,0,0,0,0,0,0,0,0,0,0,0,0,0,0,0,0,0,0,0,0,0,0,0,0.99805,0.0539173,-0.0536732,0.998522,-0.0318533,0.00685472,-0.00322454,0.00975016,-0.00122689,-0.168685,-0.162897,-0.00933445,0.151694,-0.111613,-0.0369182,-0.0501766,-0.0221606,0.148411,0.194125,0.0213101,-0.0680826,-0.211875,0.115009,0.116484,-0.335953,0.303521,-0.0352173,-0.0863892,-0.129599,-0.0405378,-0.135037,0.122608,-0.0335437,-0.169232,-0.00364154,0.00847749,-6.23496e-05,0.00381922,-0.00220203,-0.0058658,-0.00724399,-0.0305114,-0.00383891,-0.0126423,0.00192929,0.00142049,0.0291343,0.000570637,-0.025001,0.000279518,-2.5245e-05,-0.0063593,0.00832574,-0.000695121,-0.00156038,-0.00189641,0.00210389,-9.27127e-07,1.08759e-06,-0.255193,-0.268979,-0.04629,0.975468,-1.00608,-0.162036,0.642678,0.962686,-1.06014,0.195132,0.292819,0.459261,1.48565,0.309395,-1.18372,-0.25518,-0.267648,-0.0464294,0.973948,-1.00645,-0.165109,0.641593,0.963596,-1.05708,0.19658,0.293253,0.471254,1.49203,0.310105,-1.18783,-0.228685,-0.222897,-0.00933445,0.151694,-0.111613,-0.0369182,-0.0501766,-0.0221606,0.148411,0.194125,0.17131,-0.218083,-0.211875,0.235009,0.236484,-0.335953,0.303521,-0.0952173,-0.146389,-0.379599,-0.290538,-0.135037,0.122608,-0.0335437,-0.169232,-0.187597,-0.194489,-0.00925799,0.195094,-0.201217,-0.0370147,-0.0511793,-0.0324073,0.128536,0.192537,0.228046,-0.285874,-0.212027,0.217566,0.266409,-0.33114,0.298972,0.169631,0.682823,-0.392669,-0.299425,0.061879,-0.236744,-0.0335678,-0.169207,0.998264,0.00118876,0.052323,0.0270294,-0.651067,-0.017953,-0.00767304,0.758769
-0.114725,-0.291819,-0.0516786,-0.0837612,-0.202379,-0.0370147,-0.0511793,0,-0.0561836,-0.0919379,0.228046,-0.285874,0,0.123875,0.332868,-0.33114,0.298972,-0.067636,0.100564,-0.392669,-0.299425,0.00693315,0.152668,-0.0335678,-0.169207,0,0,0,0,0,0,0,0,0,0,0,0,0,0,0,0,0,0,0,0,0,0,0,0,0,0,0,0,0.998057,0.0539054,-0.0536602,0.998522,-0.0316641,0.00694356,-0.00339041,0.00996232,-0.000835154,-0.168759,-0.162715,-0.00932947,0.15177,-0.11166,-0.0370308,-0.0503284,-0.0227785,0.148328,0.193862,0.0213509,-0.0680538,-0.211258,0.115021,0.115965,-0.335948,0.303521,-0.0353462,-0.0862167,-0.129612,-0.0405701,-0.135073,0.122651,-0.0335437,-0.169232,-0.00368212,0.00948743,0.000750782,0.00375325,-0.00244091,-0.00547002,-0.00781497,-0.0302375,-0.00418278,-0.0133028,0.00208928,0.00141551,0.0290751,0.000672297,-0.0265261,0.000290386,-3.16614e-05,-0.00667894,0.00874299,-0.000580414,-0.00167976,-0.00179115,0.0022066,1.50849e-07,2.24934e-06,-0.25518,-0.267648,-0.0464294,0.973948,-1.00645,-0.165109,0.641593,0.963596,-1.05708,0.19658,0.293253,0.471254,1.49203,0.310105,-1.18783,-0.255159,-0.266287,-0.0465517,0.972478,-1.00679,-0.168145,0.640488,0.964484,-1.05404,0.19803,0.293675,0.483295,1.49844,0.310832,-1.19193,-0.228759,-0.222715,-0.00932947,0.15177,-0.11166,-0.0370308,-0.0503284,-0.0227785,0.148328,0.193862,0.171351,-0.218054,-0.211258,0.235021,0.235965,-0.335948,0.303521,-0.0953462,-0.146217,-0.379612,-0.29057,-0.135073,0.122651,-0.0335437,-0.169232,-0.18759,-0.193824,-0.00928588,0.19479,-0.201289,-0.0370147,-0.0511793,-0.0330219,0.128319,0.192719,0.228046,-0.285874,-0.211415,0.21829,0.266627,-0.33114,0.298972,0.175627,0.686015,-0.392669,-0.299425,0.0620211,-0.237566,-0.0335678,-0.169207,0.998259,0.00114722,0.0524187,0.0270224,-0.651067,-0.017953,-0.00767304,0.758769
-0.114725,-0.291819,-0.0516786,-0.0837612,-0.202379,-0.0370147,-0.0511793,0,-0.0561836,-0.0919379,0.228046,-0.285874,0,0.123875,0.332868,-0.33114,0.298972,-0.067636,0.100564,-0.392669,-0.299425,0.00693315,0.152668,-0.0335678,-0.169207,0,0,0,0,0,0,0,0,0,0,0,0,0,0,0,0,0,0,0,0,0,0,0,0,0,0,0,0,0.998063,0.0539013,-0.0536549,0.998522,-0.0314723,0.00703464,-0.00350375,0.0100637,-0.00046603,-0.168833,-0.162514,-0.0093085,0.151843,-0.111712,-0.0371357,-0.0504903,-0.0233866,0.148238,0.193586,0.0213942,-0.0680253,-0.210645,0.115035,0.115418,-0.335942,0.30352,-0.0354808,-0.0860369,-0.129623,-0.0406045,-0.135108,0.122696,-0.0335437,-0.169232,-0.00365912,0.0103907,0.00153911,0.00363911,-0.00270302,-0.00508743,-0.00827849,-0.0296125,-0.00447932,-0.0138742,0.00219025,0.00138976,0.0287428,0.000760001,-0.0277758,0.000294877,-3.88592e-05,-0.00693794,0.00907478,-0.000482253,-0.00177615,-0.00167613,0.00232824,1.16041e-06,3.31933e-06,-0.255159,-0.266287,-0.0465517,0.972478,-1.00679,-0.168145,0.640488,0.964484,-1.05404,0.19803,0.293675,0.483295,1.49844,0.310832,-1.19193,-0.255133,-0.264904,-0.0466507,0.971073,-1.0071,-0.171109,0.639369,0.965339,-1.05105,0.199469,0.294083,0.495282,1.50484,0.311561,-1.19599,-0.228833,-0.222514,-0.0093085,0.151843,-0.111712,-0.0371357,-0.0504903,-0.0233866,0.148238,0.193586,0.171394,-0.218025,-0.210645,0.235035,0.235418,-0.335942,0.30352,-0.0954808,-0.146037,-0.379623,-0.290604,-0.135108,0.122696,-0.0335437,-0.169232,-0.18758,-0.193143,-0.00931035,0.194496,-0.201358,-0.0370147,-0.0511793,-0.033629,0.128098,0.192897,0.228046,-0.285874,-0.210807,0.219015,0.266837,-0.33114,0.298972,0.181647,0.689221,-0.392669,-0.299425,0.0621664,-0.238387,-0.0335678,-0.169207,0.998254,0.00110442,0.0525157,0.0270192,-0.651067,-0.017953,-0.00767304,0.758769
-0.114725,-0.291819,-0.0516786,-0.0837612,-0.202379,-0.0370147,-0.0511793,0,-0.0561836,-0.0919379,0.228046,-0.285874,0,0.123875,0.332868,-0.33114,0.298972,-0.067636,0.100564,-0.392669,-0.299425,0.00693315,0.152668,-0.0335678,-0.169207,0,0,0,0,0,0,0,0,0,0,0,0,0,0,0,0,0,0,0,0,0,0,0,0,0,0,0,0,0.998069,0.0539044,-0.0536568,0.998521,-0.0312797,0.00712675,-0.00356634,0.0100578,-0.000124981,-0.168906,-0.162295,-0.00927211,0.151914,-0.11177,-0.0372331,-0.0506603,-0.0239782,0.148143,0.193301,0.0214389,-0.0679974,-0.210043,0.115051,0.11485,-0.335936,0.303519,-0.0356199,-0.0858513,-0.129631,-0.0406405,-0.13514,0.122744,-0.0335436,-0.169232,-0.00357609,0.0111801,0.00229342,0.00348301,-0.0029812,-0.00472423,-0.00863313,-0.0286599,-0.00472604,-0.0143523,0.00224001,0.00135367,0.0281335,0.000835861,-0.0287447,0.000294323,-4.56432e-05,-0.00713713,0.00932222,-0.000400232,-0.00184934,-0.00155403,0.00246256,2.03895e-06,4.23678e-06,-0.255133,-0.264904,-0.0466507,0.971073,-1.0071,-0.171109,0.639369,0.965339,-1.05105,0.199469,0.294083,0.495282,1.50484,0.311561,-1.19599,-0.255105,-0.263508,-0.0467192,0.969742,-1.00739,-0.173971,0.638242,0.966151,-1.04813,0.200883,0.294475,0.507122,1.51116,0.312283,-1.19997,-0.228906,-0.222295,-0.00927211,0.151914,-0.11177,-0.0372331,-0.0506603,-0.0239782,0.148143,0.193301,0.171439,-0.217997,-0.210043,0.235051,0.23485,-0.335936,0.303519,-0.0956199,-0.145851,-0.379631,-0.290641,-0.13514,0.122744,-0.0335436,-0.169232,-0.187567,-0.192452,-0.00933015,0.194215,-0.201421,-0.0370147,-0.0511793,-0.0342218,0.127874,0.193068,0.228046,-0.285874,-0.210209,0.219734,0.267042,-0.33114,0.298972,0.187641,0.692418,-0.392669,-0.299425,0.0623121,-0.239198,-0.0335678,-0.169207,0.998249,0.00106094,0.0526131,0.0270197,-0.651067,-0.017953,-0.00767304,0.758769
-0.114725,-0.291819,-0.0516786,-0.0837612,-0.202379,-0.0370147,-0.0511793,0,-0.0561836,-0.0919379,0.228046,-0.285874,0,0.123875,0.332868,-0.33114,0.298972,-0.067636,0.100564,-0.392669,-0.299425,0.00693315,0.152668,-0.0335678,-0.169207,0,0,0,0,0,0,0,0,0,0,0,0,0,0,0,0,0,0,0,0,0,0,0,0,0,0,0,0,0.998075,0.053914,-0.0536653,0.998519,-0.0310885,0.00721877,-0.00358256,0.00995027,0.000186724,-0.168977,-0.162062,-0.00922108,0.151982,-0.111833,-0.0373235,-0.0508361,-0.0245469,0.148043,0.193006,0.0214841,-0.0679703,-0.209457,0.115068,0.114265,-0.33593,0.303518,-0.0357624,-0.0856617,-0.129639,-0.0406778,-0.135169,0.122794,-0.0335436,-0.169231,-0.00343929,0.0118507,0.0030035,0.00329269,-0.00326693,-0.00438548,-0.00887769,-0.0274124,-0.00492587,-0.0147373,0.00224777,0.00131688,0.0272775,0.000900722,-0.0294333,0.000290082,-5.10272e-05,-0.00727641,0.00948867,-0.000333932,-0.00189982,-0.0014275,0.00260233,2.77988e-06,4.98345e-06,-0.255105,-0.263508,-0.0467192,0.969742,-1.00739,-0.173971,0.638242,0.966151,-1.04813,0.200883,0.294475,0.507122,1.51116,0.312283,-1.19997,-0.255075,-0.262114,-0.0467528,0.968495,-1.00763,-0.176705,0.637112,0.966913,-1.04531,0.202261,0.294848,0.518724,1.51737,0.312991,-1.20384,-0.228977,-0.222062,-0.00922108,0.151982,-0.111833,-0.0373235,-0.0508361,-0.0245469,0.148043,0.193006,0.171484,-0.21797,-0.209457,0.235068,0.234265,-0.33593,0.303518,-0.0957624,-0.145662,-0.379639,-0.290678,-0.135169,0.122794,-0.0335436,-0.169231,-0.187552,-0.191754,-0.00934385,0.193948,-0.201477,-0.0370147,-0.0511793,-0.0347942,0.127648,0.19323,0.228046,-0.285874,-0.209626,0.220441,0.267238,-0.33114,0.298972,0.193561,0.695581,-0.392669,-0.299425,0.0624565,-0.239994,-0.0335678,-0.169207,0.998244,0.00101733,0.0527098,0.0270234,-0.651067,-0.017953,-0.00767304,0.758769
-0.114725,-0.291819,-0.0516786,-0.0837612,-0.202379,-0.0370147,-0.0511793,0,-0.0561836,-0.0919379,0.228046,-0.285874,0,0.123875,0.332868,-0.33114,0.298972,-0.067636,0.100564,-0.392669,-0.299425,0.00693315,0.152668,-0.0335678,-0.169207,0,0,0,0,0,0,0,0,0,0,0,0,0,0,0,0,0,0,0,0,0,0,0,0,0,0,0,0,0.99808,0.0539294,-0.0536795,0.998518,-0.0309005,0.0073097,-0.0035568,0.00975,0.000465389,-0.169045,-0.161818,-0.00915633,0.152045,-0.111901,-0.0374075,-0.0510155,-0.0250873,0.14794,0.192705,0.0215292,-0.0679439,-0.208892,0.115087,0.11367,-0.335924,0.303517,-0.035907,-0.0854697,-0.129645,-0.0407158,-0.135196,0.122847,-0.0335435,-0.169231,-0.00325882,0.0123937,0.00366378,0.00307623,-0.00355128,-0.00407444,-0.00901387,-0.0259198,-0.00507966,-0.0150255,0.00222266,0.00128649,0.0262032,0.000956604,-0.0298439,0.000283527,-5.42425e-05,-0.00735665,0.00957795,-0.000283233,-0.00192905,-0.00129913,0.00274219,3.43087e-06,5.603e-06,-0.255075,-0.262114,-0.0467528,0.968495,-1.00763,-0.176705,0.637112,0.966913,-1.04531,0.202261,0.294848,0.518724,1.51737,0.312991,-1.20384,-0.255045,-0.26073,-0.0467485,0.967335,-1.00785,-0.17929,0.635987,0.967617,-1.04261,0.203593,0.2952,0.530005,1.52342,0.313682,-1.20758,-0.229045,-0.221818,-0.00915633,0.152045,-0.111901,-0.0374075,-0.0510155,-0.0250873,0.14794,0.192705,0.171529,-0.217944,-0.208892,0.235087,0.23367,-0.335924,0.303517,-0.095907,-0.14547,-0.379645,-0.290716,-0.135196,0.122847,-0.0335435,-0.169231,-0.187537,-0.191057,-0.00935056,0.193699,-0.201527,-0.0370147,-0.0511793,-0.035341,0.127422,0.193383,0.228046,-0.285874,-0.209062,0.22113,0.267424,-0.33114,0.298972,0.199362,0.698686,-0.392669,-0.299425,0.0625983,-0.240768,-0.0335678,-0.169207,0.998238,0.000974101,0.0528049,0.02703,-0.651067,-0.017953,-0.00767304,0.758769
-0.114725,-0.291819,-0.0516786,-0.0837612,-0.202379,-0.0370147,-0.0511793,0,-0.0561836,-0.0919379,0.228046,-0.285874,0,0.123875,0.332868,-0.33114,0.298972,-0.067636,0.100564,-0.392669,-0.299425,0.00693315,0.152668,-0.0335678,-0.169207,0,0,0,0,0,0,0,0,0,0,0,0,0,0,0,0,0,0,0,0,0,0,0,0,0,0,0,0,0.998085,0.0539498,-0.0536989,0.998516,-0.0307172,0.00739863,-0.00349381,0.00946643,0.000709921,-0.169108,-0.161563,-0.00907893,0.152104,-0.111976,-0.0374857,-0.0511965,-0.025595,0.147835,0.1924,0.0215734,-0.0679179,-0.208352,0.115106,0.113069,-0.335918,0.303516,-0.0360527,-0.0852766,-0.12965,-0.0407542,-0.135221,0.122903,-0.0335434,-0.169231,-0.00304444,0.0128054,0.00426688,0.00284099,-0.00382681,-0.0037911,-0.00904482,-0.0242366,-0.00519123,-0.0152181,0.00217331,0.00126754,0.024957,0.00100468,-0.029985,0.000275734,-5.46515e-05,-0.00737862,0.00959468,-0.000246844,-0.0019379,-0.00117135,0.00287813,3.99535e-06,6.10836e-06,-0.255045,-0.26073,-0.0467485,0.967335,-1.00785,-0.17929,0.635987,0.967617,-1.04261,0.203593,0.2952,0.530005,1.52342,0.313682,-1.20758,-0.255016,-0.259368,-0.0467041,0.966267,-1.00803,-0.181707,0.634873,0.968256,-1.04005,0.204869,0.295526,0.540883,1.52926,0.314351,-1.21116,-0.229108,-0.221563,-0.00907893,0.152104,-0.111976,-0.0374857,-0.0511965,-0.025595,0.147835,0.1924,0.171573,-0.217918,-0.208352,0.235106,0.233069,-0.335918,0.303516,-0.0960527,-0.145277,-0.37965,-0.290754,-0.135221,0.122903,-0.0335434,-0.169231,-0.187522,-0.190365,-0.0093497,0.193467,-0.20157,-0.0370147,-0.0511793,-0.0358579,0.127197,0.193523,0.228046,-0.285874,-0.208523,0.221796,0.2676,-0.33114,0.298972,0.205002,0.70171,-0.392669,-0.299425,0.0627364,-0.241515,-0.0335678,-0.169207,0.998233,0.000931685,0.0528976,0.0270391,-0.651067,-0.017953,-0.00767304,0.758769
-0.114725,-0.291819,-0.0516786,-0.0837612,-0.202379,-0.0370147,-0.0511793,0,-0.0561836,-0.0919379,0.228046,-0.285874,0,0.123875,0.332868,-0.33114,0.298972,-0.067636,0.100564,-0.392669,-0.299425,0.00693315,0.152668,-0.0335678,-0.169207,0,0,0,0,0,0,0,0,0,0,0,0,0,0,0,0,0,0,0,0,0,0,0,0,0,0,0,0,0.998089,0.0539744,-0.0537225,0.998514,-0.0305402,0.00748479,-0.00339829,0.00911025,0.0009195,-0.169167,-0.161302,-0.00899005,0.152158,-0.112055,-0.0375584,-0.0513769,-0.0260669,0.147727,0.192091,0.0216164,-0.0678922,-0.20784,0.115126,0.112468,-0.335913,0.303515,-0.0361983,-0.0850841,-0.129655,-0.0407925,-0.135243,0.122961,-0.0335434,-0.169231,-0.00280718,0.0130825,0.0048074,0.00259385,-0.0040869,-0.00353395,-0.00897518,-0.0224201,-0.00526448,-0.0153166,0.00210708,0.00126238,0.0235709,0.00104618,-0.0298688,0.000267498,-5.20091e-05,-0.00734353,0.00954483,-0.000222992,-0.00192761,-0.00104621,0.0030071,4.46219e-06,6.49119e-06,-0.255016,-0.259368,-0.0467041,0.966267,-1.00803,-0.181707,0.634873,0.968256,-1.04005,0.204869,0.295526,0.540883,1.52926,0.314351,-1.21116,-0.254991,-0.258038,-0.0466198,0.965293,-1.00819,-0.183946,0.633775,0.968823,-1.03764,0.20608,0.295826,0.551287,1.53486,0.314996,-1.21457,-0.229167,-0.221302,-0.00899005,0.152158,-0.112055,-0.0375584,-0.0513769,-0.0260669,0.147727,0.192091,0.171616,-0.217892,-0.20784,0.235126,0.232468,-0.335913,0.303515,-0.0961983,-0.145084,-0.379655,-0.290793,-0.135243,0.122961,-0.0335434,-0.169231,-0.187508,-0.189684,-0.00934081,0.193253,-0.201607,-0.0370147,-0.0511793,-0.0363414,0.126975,0.193651,0.228046,-0.285874,-0.208011,0.222434,0.267763,-0.33114,0.298972,0.210441,0.704632,-0.392669,-0.299425,0.0628703,-0.242232,-0.0335678,-0.169207,0.998228,0.00089047,0.0529871,0.0270504,-0.651067,-0.017953,-0.00767304,0.758769
-0.114725,-0.291819,-0.0516786,-0.0837612,-0.202379,-0.0370147,-0.0511793,0,-0.0561836,-0.0919379,0.228046,-0.285874,0,0.123875,0.332868,-0.33114,0.298972,-0.067636,0.100564,-0.392669,-0.299425,0.00693315,0.152668,-0.0335678,-0.169207,0,0,0,0,0,0,0,0,0,0,0,0,0,0,0,0,0,0,0,0,0,0,0,0,0,0,0,0,0.998092,0.0540026,-0.0537497,0.998512,-0.0303708,0.00756751,-0.00327482,0.00869209,0.00109453,-0.169221,-0.161037,-0.00889102,0.152207,-0.11214,-0.0376263,-0.0515548,-0.0265009,0.147619,0.191782,0.021658,-0.0678665,-0.207359,0.115147,0.111873,-0.335907,0.303514,-0.0363426,-0.0848932,-0.129659,-0.0408305,-0.135262,0.123022,-0.0335433,-0.169231,-0.00255669,0.0132246,0.00527948,0.0023407,-0.00432628,-0.00329883,-0.00881128,-0.0205275,-0.00530394,-0.0153246,0.00203001,0.00127118,0.022081,0.00108088,-0.0295111,0.00025937,-4.62488e-05,-0.00725226,0.00943492,-0.00020927,-0.0018991,-0.000925504,0.00312677,4.84695e-06,6.77405e-06,-0.254991,-0.258038,-0.0466198,0.965293,-1.00819,-0.183946,0.633775,0.968823,-1.03764,0.20608,0.295826,0.551287,1.53486,0.314996,-1.21457,-0.254969,-0.256749,-0.046497,0.964412,-1.00832,-0.185999,0.632703,0.969312,-1.03539,0.207219,0.296097,0.561149,1.54018,0.315615,-1.21779,-0.229221,-0.221037,-0.00889102,0.152207,-0.11214,-0.0376263,-0.0515548,-0.0265009,0.147619,0.191782,0.171658,-0.217866,-0.207359,0.235147,0.231873,-0.335907,0.303514,-0.0963426,-0.144893,-0.379659,-0.29083,-0.135262,0.123022,-0.0335433,-0.169231,-0.187495,-0.189019,-0.00932395,0.193059,-0.201638,-0.0370147,-0.0511793,-0.0367892,0.126755,0.193765,0.228046,-0.285874,-0.207528,0.22304,0.267913,-0.33114,0.298972,0.215643,0.707431,-0.392669,-0.299425,0.0629992,-0.242914,-0.0335678,-0.169207,0.998223,0.000850789,0.0530728,0.0270635,-0.651067,-0.017953,-0.00767304,0.758769
-0.114725,-0.291819,-0.0516786,-0.0837612,-0.202379,-0.0370147,-0.0511793,0,-0.0561836,-0.0919379,0.228046,-0.285874,0,0.123875,0.332868,-0.33114,0.298972,-0.067636,0.100564,-0.392669,-0.299425,0.00693315,0.152668,-0.0335678,-0.169207,0,0,0,0,0,0,0,0,0,0,0,0,0,0,0,0,0,0,0,0,0,0,0,0,0,0,0,0,0.998096,0.0540344,-0.0537807,0.99851,-0.03021,0.00764534,-0.00305315,0.00821563,0.00131474,-0.16927,-0.160769,-0.00878453,0.15225,-0.112231,-0.0376895,-0.0517285,-0.0268961,0.147509,0.191473,0.021698,-0.0678407,-0.20691,0.11517,0.111285,-0.335902,0.303514,-0.0364853,-0.0847076,-0.129663,-0.040868,-0.135279,0.12309,-0.0335432,-0.169231,-0.00236654,0.0133413,0.00559246,0.00198665,-0.00469656,-0.00306522,-0.00856939,-0.0186214,-0.00539468,-0.0152195,0.00195076,0.00127043,0.0205741,0.00121863,-0.0290605,0.000243557,-4.36399e-05,-0.00716326,0.00909234,-0.000201978,-0.00187258,-0.000798895,0.00354816,5.28408e-06,7.22795e-06,-0.254969,-0.256749,-0.046497,0.964412,-1.00832,-0.185999,0.632703,0.969312,-1.03539,0.207219,0.296097,0.561149,1.54018,0.315615,-1.21779,-0.254966,-0.255482,-0.046346,0.963691,-1.00832,-0.187852,0.631658,0.969744,-1.03332,0.208246,0.296384,0.570412,1.54523,0.31616,-1.22077,-0.22927,-0.220769,-0.00878453,0.15225,-0.112231,-0.0376895,-0.0517285,-0.0268961,0.147509,0.191473,0.171698,-0.217841,-0.20691,0.23517,0.231285,-0.335902,0.303514,-0.0964853,-0.144708,-0.379663,-0.290868,-0.135279,0.12309,-0.0335432,-0.169231,-0.187485,-0.188375,-0.0092994,0.192882,-0.201664,-0.0370147,-0.0511793,-0.0371998,0.126541,0.193862,0.228046,-0.285874,-0.207078,0.22361,0.268049,-0.33114,0.298972,0.220575,0.710088,-0.392669,-0.299425,0.063123,-0.243558,-0.0335678,-0.169207,0.998219,0.000813356,0.0531541,0.0270785,-0.651067,-0.017953,-0.00767304,0.758769
-0.114725,-0.291819,-0.0516786,-0.0837612,-0.202379,-0.0370147,-0.0511793,0,-0.0561836,-0.0919379,0.228046,-0.285874,0,0.123875,0.332868,-0.33114,0.298972,-0.067636,0.100564,-0.392669,-0.299425,0.00693315,0.152668,-0.0335678,-0.169207,0,0,0,0,0,0,0,0,0,0,0,0,0,0,0,0,0,0,0,0,0,0,0,0,0,0,0,0,0.998098,0.0540682,-0.0538137,0.998507,-0.0300586,0.00771796,-0.00288756,0.00769904,0.00136675,-0.169315,-0.160502,-0.0086705,0.152287,-0.112327,-0.0377486,-0.0518963,-0.0272518,0.1474,0.191169,0.0217363,-0.0678144,-0.206497,0.115194,0.110711,-0.335897,0.303513,-0.0366247,-0.0845264,-0.129667,-0.0409042,-0.135294,0.12316,-0.0335431,-0.169231,-0.00206239,0.0131662,0.00598088,0.0017595,-0.00483543,-0.00286699,-0.00823897,-0.0166563,-0.00530414,-0.0149509,0.00186836,0.00131856,0.0187303,0.00117812,-0.0281992,0.00024388,-2.81143e-05,-0.006932,0.00894589,-0.000190568,-0.00178755,-0.000699149,0.00351591,4.1936e-06,6.17974e-06,-0.254966,-0.255482,-0.046346,0.963691,-1.00832,-0.187852,0.631658,0.969744,-1.03332,0.208246,0.296384,0.570412,1.54523,0.31616,-1.22077,-0.254965,-0.254296,-0.0461591,0.962994,-1.00838,-0.189519,0.630659,0.97008,-1.03141,0.209216,0.296592,0.579041,1.54993,0.316738,-1.22354,-0.229315,-0.220502,-0.0086705,0.152287,-0.112327,-0.0377486,-0.0518963,-0.0272518,0.1474,0.191169,0.171736,-0.217814,-0.206497,0.235194,0.230711,-0.335897,0.303513,-0.0966247,-0.144526,-0.379667,-0.290904,-0.135294,0.12316,-0.0335431,-0.169231,-0.187483,-0.187741,-0.00926921,0.192738,-0.201664,-0.0370147,-0.0511793,-0.0375704,0.126332,0.193949,0.228046,-0.285874,-0.206664,0.224123,0.268192,-0.33114,0.298972,0.225206,0.712615,-0.392669,-0.299425,0.063232,-0.244154,-0.0335678,-0.169207,0.998214,0.000778349,0.0532306,0.0270946,-0.651067,-0.017953,-0.00767304,0.758769
-0.114725,-0.291819,-0.0516786,-0.0837612,-0.202379,-0.0370147,-0.0511793,0,-0.0561836,-0.0919379,0.228046,-0.285874,0,0.123875,0.332868,-0.33114,0.298972,-0.067636,0.100564,-0.392669,-0.299425,0.00693315,0.152668,-0.0335678,-0.169207,0,0,0,0,0,0,0,0,0,0,0,0,0,0,0,0,0,0,0,0,0,0,0,0,0,0,0,0,0.998101,0.0541023,-0.0538471,0.998505,-0.0299175,0.00778627,-0.00273102,0.00715404,0.00140171,-0.169353,-0.16024,-0.00854963,0.15232,-0.112425,-0.0378037,-0.0520567,-0.0275681,0.147292,0.190871,0.021773,-0.0677871,-0.206121,0.115217,0.110157,-0.335892,0.303513,-0.0367588,-0.0843484,-0.129671,-0.0409387,-0.135307,0.12323,-0.033543,-0.169231,-0.00176795,0.0128645,0.00626245,0.00155526,-0.00492325,-0.00266844,-0.00783944,-0.0147433,-0.0052171,-0.0146512,0.00178871,0.0013748,0.017024,0.00110273,-0.0271507,0.000242466,-1.08775e-05,-0.00663635,0.00876393,-0.000193096,-0.00170121,-0.000607557,0.00346104,5.22017e-06,6.73574e-06,-0.254965,-0.254296,-0.0461591,0.962994,-1.00838,-0.189519,0.630659,0.97008,-1.03141,0.209216,0.296592,0.579041,1.54993,0.316738,-1.22354,-0.254958,-0.253188,-0.0459412,0.962361,-1.00845,-0.191003,0.629705,0.970321,-1.02967,0.2101,0.296764,0.586935,1.55422,0.317308,-1.2261,-0.229353,-0.22024,-0.00854963,0.15232,-0.112425,-0.0378037,-0.0520567,-0.0275681,0.147292,0.190871,0.171773,-0.217787,-0.206121,0.235217,0.230157,-0.335892,0.303513,-0.0967588,-0.144348,-0.379671,-0.290939,-0.135307,0.12323,-0.033543,-0.169231,-0.187482,-0.187148,-0.00923182,0.192599,-0.201675,-0.0370147,-0.0511793,-0.0379037,0.126132,0.194016,0.228046,-0.285874,-0.206282,0.224608,0.268296,-0.33114,0.298972,0.229521,0.714965,-0.392669,-0.299425,0.0633476,-0.244708,-0.0335678,-0.169207,0.99821,0.000745354,0.0533019,0.0271109,-0.651067,-0.017953,-0.00767304,0.758769
-0.114725,-0.291819,-0.0516786,-0.0837612,-0.202379,-0.0370147,-0.0511793,0,-0.0561836,-0.0919379,0.228046,-0.285874,0,0.123875,0.332868,-0.33114,0.298972,-0.067636,0.100564,-0.392669,-0.299425,0.00693315,0.152668,-0.0335678,-0.169207,0,0,0,0,0,0,0,0,0,0,0,0,0,0,0,0,0,0,0,0,0,0,0,0,0,0,0,0,0.998103,0.0541368,-0.0538809,0.998503,-0.0297871,0.00785002,-0.00255484,0.00658888,0.00143907,-0.169386,-0.159985,-0.00842436,0.152348,-0.112524,-0.0378547,-0.0522084,-0.0278466,0.147186,0.190579,0.0218081,-0.0677587,-0.205779,0.115238,0.109625,-0.335888,0.303513,-0.0368866,-0.0841749,-0.129674,-0.0409716,-0.135318,0.123298,-0.033543,-0.16923,-0.00150621,0.0124655,0.00642389,0.00134189,-0.00500813,-0.00245856,-0.00738439,-0.0129453,-0.00514494,-0.014325,0.00170468,0.00141907,0.0155555,0.00103047,-0.0259692,0.000236408,4.88129e-06,-0.00630016,0.00851365,-0.000197352,-0.00161647,-0.000520236,0.00345565,5.84199e-06,7.10097e-06,-0.254958,-0.253188,-0.0459412,0.962361,-1.00845,-0.191003,0.629705,0.970321,-1.02967,0.2101,0.296764,0.586935,1.55422,0.317308,-1.2261,-0.254962,-0.252156,-0.0457074,0.961817,-1.00849,-0.192311,0.628806,0.970463,-1.0281,0.210875,0.296908,0.594036,1.55807,0.317849,-1.22842,-0.229386,-0.219985,-0.00842436,0.152348,-0.112524,-0.0378547,-0.0522084,-0.0278466,0.147186,0.190579,0.171808,-0.217759,-0.205779,0.235238,0.229625,-0.335888,0.303513,-0.0968866,-0.144175,-0.379674,-0.290972,-0.135318,0.123298,-0.033543,-0.16923,-0.187479,-0.186594,-0.00918824,0.192472,-0.201689,-0.0370147,-0.0511793,-0.0382007,0.125941,0.194064,0.228046,-0.285874,-0.205934,0.22505,0.268382,-0.33114,0.298972,0.233467,0.717109,-0.392669,-0.299425,0.0634615,-0.24522,-0.0335678,-0.169207,0.998206,0.000714484,0.0533678,0.0271274,-0.651067,-0.017953,-0.00767304,0.758769
-0.114725,-0.291819,-0.0516786,-0.0837612,-0.202379,-0.0370147,-0.0511793,0,-0.0561836,-0.0919379,0.228046,-0.285874,0,0.123875,0.332868,-0.33114,0.298972,-0.067636,0.100564,-0.392669,-0.299425,0.00693315,0.152668,-0.0335678,-0.169207,0,0,0,0,0,0,0,0,0,0,0,0,0,0,0,0,0,0,0,0,0,0,0,0,0,0,0,0,0.998105,0.0541715,-0.053915,0.9985,-0.0296677,0.00790873,-0.00235428,0.00601279,0.00146844,-0.169413,-0.15974,-0.00829697,0.152373,-0.112625,-0.0379014,-0.0523505,-0.0280903,0.147082,0.190294,0.0218414,-0.0677297,-0.205468,0.115257,0.109118,-0.335883,0.303513,-0.0370074,-0.084007,-0.129678,-0.0410027,-0.135327,0.123367,-0.0335429,-0.16923,-0.00127569,0.0119611,0.00647637,0.00111628,-0.00509064,-0.0022331,-0.00688482,-0.0112929,-0.00507535,-0.0139572,0.00161356,0.00144501,0.0141178,0.000952071,-0.0246588,0.000227224,1.87181e-05,-0.00592112,0.00821224,-0.000196493,-0.0015267,-0.000437511,0.00348051,5.95677e-06,7.08888e-06,-0.254962,-0.252156,-0.0457074,0.961817,-1.00849,-0.192311,0.628806,0.970463,-1.0281,0.210875,0.296908,0.594036,1.55807,0.317849,-1.22842,-0.254981,-0.2512,-0.0454636,0.961359,-1.00849,-0.19345,0.627977,0.970494,-1.02669,0.211537,0.297026,0.600324,1.56148,0.318364,-1.23046,-0.229413,-0.21974,-0.00829697,0.152373,-0.112625,-0.0379014,-0.0523505,-0.0280903,0.147082,0.190294,0.171841,-0.21773,-0.205468,0.235257,0.229118,-0.335883,0.303513,-0.0970074,-0.144007,-0.379678,-0.291003,-0.135327,0.123367,-0.0335429,-0.16923,-0.187481,-0.186078,-0.00914147,0.192363,-0.201698,-0.0370147,-0.0511793,-0.0384623,0.125761,0.194093,0.228046,-0.285874,-0.20562,0.225437,0.268454,-0.33114,0.298972,0.237018,0.719037,-0.392669,-0.299425,0.0635698,-0.245684,-0.0335678,-0.169207,0.998202,0.000685981,0.0534282,0.027144,-0.651067,-0.017953,-0.00767304,0.758769
-0.114725,-0.291819,-0.0516786,-0.0837612,-0.202379,-0.0370147,-0.0511793,0,-0.0561836,-0.0919379,0.228046,-0.285874,0,0.123875,0.332868,-0.33114,0.298972,-0.067636,0.100564,-0.392669,-0.299425,0.00693315,0.152668,-0.0335678,-0.169207,0,0,0,0,0,0,0,0,0,0,0,0,0,0,0,0,0,0,0,0,0,0,0,0,0,0,0,0,0.998106,0.0542061,-0.0539491,0.998498,-0.0295593,0.00796194,-0.00213184,0.00543164,0.00148376,-0.169437,-0.159506,-0.00816953,0.152392,-0.112728,-0.0379435,-0.0524822,-0.028302,0.146979,0.190017,0.0218728,-0.0677004,-0.205188,0.115275,0.108639,-0.335879,0.303513,-0.0371202,-0.0838458,-0.129682,-0.0410319,-0.135335,0.123437,-0.0335428,-0.16923,-0.00106819,0.0113486,0.00642849,0.000881522,-0.00516488,-0.00198853,-0.00634859,-0.00977924,-0.0049995,-0.0135422,0.00151519,0.00145042,0.0125759,0.000853389,-0.0232193,0.00021575,3.08349e-05,-0.0054952,0.0078728,-0.000186933,-0.00142672,-0.000359602,0.00351544,5.85924e-06,6.87301e-06,-0.254981,-0.2512,-0.0454636,0.961359,-1.00849,-0.19345,0.627977,0.970494,-1.02669,0.211537,0.297026,0.600324,1.56148,0.318364,-1.23046,-0.255015,-0.250323,-0.0452127,0.96098,-1.00843,-0.194427,0.627224,0.970408,-1.02545,0.212092,0.297119,0.605797,1.56444,0.318861,-1.23222,-0.229437,-0.219506,-0.00816954,0.152392,-0.112728,-0.0379435,-0.0524822,-0.028302,0.14698,0.190017,0.171873,-0.2177,-0.205188,0.235275,0.228639,-0.335879,0.303513,-0.0971202,-0.143846,-0.379682,-0.291032,-0.135335,0.123437,-0.0335428,-0.16923,-0.18749,-0.1856,-0.00909273,0.192272,-0.201697,-0.0370147,-0.0511793,-0.0386901,0.125595,0.194099,0.228046,-0.285874,-0.205339,0.225769,0.268513,-0.33114,0.298972,0.240162,0.720741,-0.392669,-0.299425,0.0636729,-0.246093,-0.0335678,-0.169207,0.998199,0.000660075,0.053483,0.0271607,-0.651067,-0.017953,-0.00767304,0.758769
-0.114725,-0.291819,-0.0516786,-0.0837612,-0.202379,-0.0370147,-0.0511793,0,-0.0561836,-0.0919379,0.228046,-0.285874,0,0.123875,0.332868,-0.33114,0.298972,-0.067636,0.100564,-0.392669,-0.299425,0.00693315,0.152668,-0.0335678,-0.169207,0,0,0,0,0,0,0,0,0,0,0,0,0,0,0,0,0,0,0,0,0,0,0,0,0,0,0,0,0.998107,0.0542403,-0.0539829,0.998496,-0.029462,0.0080093,-0.00189165,0.00484888,0.00148384,-0.169456,-0.159285,-0.008044,0.152407,-0.112832,-0.0379804,-0.0526027,-0.0284841,0.146879,0.189749,0.0219021,-0.0676712,-0.204942,0.115291,0.108191,-0.335874,0.303514,-0.0372241,-0.0836917,-0.129685,-0.041059,-0.135341,0.123507,-0.0335427,-0.16923,-0.000879615,0.0106316,0.00628673,0.000641965,-0.00522609,-0.00172423,-0.00578175,-0.00837097,-0.00491531,-0.0130816,0.00141037,0.00143396,0.0109627,0.000730341,-0.0216543,0.000202124,4.12186e-05,-0.00502372,0.00750114,-0.000167566,-0.00131513,-0.000286734,0.00354961,5.65331e-06,6.52084e-06,-0.255015,-0.250323,-0.0452127,0.96098,-1.00843,-0.194427,0.627224,0.970408,-1.02545,0.212092,0.297119,0.605797,1.56444,0.318861,-1.23222,-0.255064,-0.249531,-0.0449573,0.960672,-1.00833,-0.195246,0.626553,0.970203,-1.02437,0.212543,0.297186,0.610455,1.56693,0.319344,-1.23368,-0.229456,-0.219285,-0.008044,0.152407,-0.112832,-0.0379804,-0.0526027,-0.0284841,0.146879,0.189749,0.171902,-0.217671,-0.204942,0.235291,0.228191,-0.335874,0.303514,-0.0972241,-0.143692,-0.379685,-0.291059,-0.135341,0.123508,-0.0335427,-0.16923,-0.187508,-0.185161,-0.00904255,0.192196,-0.201686,-0.0370147,-0.0511793,-0.0388854,0.125445,0.194082,0.228046,-0.285874,-0.20509,0.226046,0.26856,-0.33114,0.298972,0.242898,0.722218,-0.392669,-0.299425,0.0637722,-0.246444,-0.0335678,-0.169207,0.998196,0.000636956,0.0535322,0.0271773,-0.651067,-0.017953,-0.00767304,0.758769
-0.114725,-0.291819,-0.0516786,-0.0837612,-0.202379,-0.0370147,-0.0511793,0,-0.0561836,-0.0919379,0.228046,-0.285874,0,0.123875,0.332868,-0.33114,0.298972,-0.067636,0.100564,-0.392669,-0.299425,0.00693315,0.152668,-0.0335678,-0.169207,0,0,0,0,0,0,0,0,0,0,0,0,0,0,0,0,0,0,0,0,0,0,0,0,0,0,0,0,0.998108,0.0542738,-0.054016,0.998494,-0.0293757,0.00805052,-0.00163798,0.00426651,0.00146795,-0.169472,-0.15908,-0.00792213,0.152417,-0.112938,-0.0380118,-0.0527116,-0.0286383,0.146779,0.189491,0.0219293,-0.0676427,-0.20473,0.115303,0.107775,-0.335871,0.303515,-0.0373182,-0.0835455,-0.129688,-0.0410838,-0.135346,0.123579,-0.0335426,-0.16923,-0.000708105,0.00981849,0.0060605,0.00040241,-0.00527095,-0.00144292,-0.00518843,-0.00701603,-0.00482203,-0.012579,0.00129951,0.00139433,0.00936576,0.000586333,-0.0199731,0.000186273,4.96387e-05,-0.00451274,0.00710062,-0.000138761,-0.00119283,-0.000219581,0.00357779,5.34143e-06,6.04314e-06,-0.255064,-0.249531,-0.0449573,0.960672,-1.00833,-0.195246,0.626553,0.970203,-1.02437,0.212543,0.297186,0.610455,1.56693,0.319344,-1.23368,-0.255127,-0.248828,-0.0447022,0.960429,-1.00818,-0.195915,0.625963,0.969885,-1.02345,0.212893,0.297225,0.614301,1.56896,0.319816,-1.23486,-0.229472,-0.21908,-0.00792213,0.152417,-0.112938,-0.0380118,-0.0527116,-0.0286383,0.146779,0.189491,0.171929,-0.217643,-0.20473,0.235303,0.227775,-0.335871,0.303515,-0.0973182,-0.143546,-0.379688,-0.291084,-0.135346,0.123579,-0.0335426,-0.16923,-0.187532,-0.184765,-0.00899146,0.192134,-0.201666,-0.0370147,-0.0511793,-0.0390493,0.125311,0.194041,0.228046,-0.285874,-0.204874,0.226272,0.268593,-0.33114,0.298972,0.245228,0.723464,-0.392669,-0.299425,0.0638688,-0.246737,-0.0335678,-0.169207,0.998193,0.000616769,0.0535757,0.0271936,-0.651067,-0.017953,-0.00767304,0.758769
-0.114725,-0.291819,-0.0516786,-0.0837612,-0.202379,-0.0370147,-0.0511793,0,-0.0561836,-0.0919379,0.228046,-0.285874,0,0.123875,0.332868,-0.33114,0.298972,-0.067636,0.100564,-0.392669,-0.299425,0.00693315,0.152668,-0.0335678,-0.169207,0,0,0,0,0,0,0,0,0,0,0,0,0,0,0,0,0,0,0,0,0,0,0,0,0,0,0,0,0.998108,0.0543061,-0.054048,0.998492,-0.0293004,0.00808543,-0.00137458,0.00368754,0.00143333,-0.169484,-0.158892,-0.00780549,0.152423,-0.113044,-0.0380375,-0.0528084,-0.0287651,0.146682,0.189243,0.0219541,-0.0676153,-0.204551,0.115313,0.107394,-0.335867,0.303516,-0.0374019,-0.0834077,-0.129691,-0.0411061,-0.13535,0.12365,-0.0335425,-0.16923,-0.000554757,0.00891734,0.00576278,0.000167565,-0.00529687,-0.00114934,-0.00457307,-0.00567474,-0.0047178,-0.0120353,0.00118259,0.00133037,0.00783931,0.000428339,-0.0181885,0.000168491,5.58634e-05,-0.00397061,0.00667489,-0.000102791,-0.00106202,-0.000158949,0.00359746,4.95116e-06,5.4835e-06,-0.255127,-0.248828,-0.0447022,0.960429,-1.00818,-0.195915,0.625963,0.969885,-1.02345,0.212893,0.297225,0.614301,1.56896,0.319816,-1.23486,-0.255203,-0.248218,-0.04445,0.960246,-1.00799,-0.196437,0.625451,0.969457,-1.02269,0.213145,0.297236,0.617341,1.57052,0.320278,-1.23575,-0.229484,-0.218892,-0.00780549,0.152423,-0.113044,-0.0380375,-0.0528084,-0.0287651,0.146682,0.189243,0.171954,-0.217615,-0.20455,0.235313,0.227394,-0.335867,0.303516,-0.0974019,-0.143408,-0.379691,-0.291106,-0.13535,0.12365,-0.0335425,-0.16923,-0.187563,-0.184414,-0.00894043,0.192086,-0.201636,-0.0370147,-0.0511793,-0.0391829,0.125193,0.193977,0.228046,-0.285874,-0.20469,0.226447,0.268613,-0.33114,0.298972,0.247151,0.724479,-0.392669,-0.299425,0.0639632,-0.246972,-0.0335678,-0.169207,0.998191,0.000599614,0.0536138,0.0272094,-0.651067,-0.017953,-0.00767304,0.758769
-0.114725,-0.291819,-0.0516786,-0.0837612,-0.202379,-0.0370147,-0.0511793,0,-0.0561836,-0.0919379,0.228046,-0.285874,0,0.123875,0.332868,-0.33114,0.298972,-0.067636,0.100564,-0.392669,-0.299425,0.00693315,0.152668,-0.0335678,-0.169207,0,0,0,0,0,0,0,0,0,0,0,0,0,0,0,0,0,0,0,0,0,0,0,0,0,0,0,0,0.998109,0.054337,-0.0540787,0.99849,-0.029236,0.00811392,-0.00110577,0.00311611,0.00138159,-0.169494,-0.158723,-0.00769539,0.152424,-0.11315,-0.0380573,-0.0528927,-0.0288647,0.146588,0.189007,0.0219766,-0.0675894,-0.204403,0.11532,0.107049,-0.335864,0.303517,-0.0374746,-0.0832788,-0.129692,-0.0411257,-0.135353,0.123722,-0.0335425,-0.16923,-0.0004241,0.00793906,0.00540386,-5.85204e-05,-0.00530244,-0.000850337,-0.00393901,-0.00432987,-0.00460697,-0.0114578,0.00105967,0.00124203,0.00639701,0.000264688,-0.0163189,0.000149123,5.96821e-05,-0.00340575,0.00622874,-6.26167e-05,-0.000924933,-0.000105375,0.00360771,4.46743e-06,4.83498e-06,-0.255203,-0.248218,-0.04445,0.960246,-1.00799,-0.196437,0.625451,0.969457,-1.02269,0.213145,0.297236,0.617341,1.57052,0.320278,-1.23575,-0.255294,-0.247704,-0.0442045,0.960118,-1.00776,-0.196821,0.625014,0.968923,-1.02207,0.213301,0.297219,0.619582,1.57162,0.320728,-1.23637,-0.229494,-0.218723,-0.00769539,0.152424,-0.11315,-0.0380573,-0.0528927,-0.0288647,0.146588,0.189007,0.171977,-0.217589,-0.204403,0.23532,0.227049,-0.335864,0.303517,-0.0974746,-0.143279,-0.379692,-0.291126,-0.135353,0.123722,-0.0335425,-0.16923,-0.187602,-0.184109,-0.00888999,0.192049,-0.201597,-0.0370147,-0.0511793,-0.0392875,0.12509,0.193891,0.228046,-0.285874,-0.204537,0.226573,0.268618,-0.33114,0.298972,0.248671,0.725261,-0.392669,-0.299425,0.0640555,-0.24715,-0.0335678,-0.169207,0.998189,0.000585551,0.0536463,0.0272245,-0.651067,-0.017953,-0.00767304,0.758769
-0.114725,-0.291819,-0.0516786,-0.0837612,-0.202379,-0.0370147,-0.0511793,0,-0.0561836,-0.0919379,0.228046,-0.285874,0,0.123875,0.332868,-0.33114,0.298972,-0.067636,0.100564,-0.392669,-0.299425,0.00693315,0.152668,-0.0335678,-0.169207,0,0,0,0,0,0,0,0,0,0,0,0,0,0,0,0,0,0,0,0,0,0,0,0,0,0,0,0,0.998109,0.0543661,-0.0541076,0.998488,-0.0291822,0.00813599,-0.000835402,0.0025578,0.00131497,-0.169502,-0.158575,-0.00759294,0.15242,-0.113256,-0.0380711,-0.0529641,-0.028937,0.146495,0.188782,0.0219965,-0.0675655,-0.204285,0.115323,0.106743,-0.335861,0.303518,-0.0375359,-0.0831591,-0.129693,-0.0411426,-0.135354,0.123794,-0.0335424,-0.16923,-0.000322436,0.00689219,0.00499402,-0.000272723,-0.00528684,-0.000553022,-0.00329083,-0.00299077,-0.0044944,-0.0108531,0.000930823,0.00113009,0.00501653,0.000103388,-0.0143816,0.000128673,6.11117e-05,-0.0028263,0.00576677,-2.15393e-05,-0.000783485,-5.91833e-05,0.00360828,3.94898e-06,4.16198e-06,-0.255294,-0.247704,-0.0442045,0.960118,-1.00776,-0.196821,0.625014,0.968923,-1.02207,0.213301,0.297219,0.619582,1.57162,0.320728,-1.23637,-0.255398,-0.247287,-0.0439684,0.960041,-1.0075,-0.197071,0.62465,0.968286,-1.0216,0.213364,0.297174,0.621041,1.57225,0.321167,-1.23671,-0.229502,-0.218575,-0.00759294,0.15242,-0.113256,-0.0380711,-0.052964,-0.028937,0.146495,0.188782,0.171996,-0.217566,-0.204285,0.235323,0.226743,-0.335861,0.303518,-0.0975359,-0.143159,-0.379693,-0.291143,-0.135354,0.123794,-0.0335424,-0.16923,-0.187647,-0.183852,-0.0088409,0.192024,-0.201552,-0.0370147,-0.0511793,-0.0393641,0.125003,0.193785,0.228046,-0.285874,-0.204415,0.226651,0.268609,-0.33114,0.298972,0.249791,0.725809,-0.392669,-0.299425,0.0641456,-0.247273,-0.0335678,-0.169207,0.998187,0.000574593,0.0536734,0.0272389,-0.651067,-0.017953,-0.00767304,0.758769
-0.114725,-0.291819,-0.0516786,-0.0837612,-0.202379,-0.0370147,-0.0511793,0,-0.0561836,-0.0919379,0.228046,-0.285874,0,0.123875,0.332868,-0.33114,0.298972,-0.067636,0.100564,-0.392669,-0.299425,0.00693315,0.152668,-0.0335678,-0.169207,0,0,0,0,0,0,0,0,0,0,0,0,0,0,0,0,0,0,0,0,0,0,0,0,0,0,0,0,0.998108,0.054393,-0.0541346,0.998486,-0.0291387,0.00815171,-0.000567039,0.00201818,0.00123662,-0.169507,-0.158448,-0.00749907,0.152412,-0.113361,-0.038079,-0.0530224,-0.0289826,0.146405,0.18857,0.0220137,-0.0675442,-0.204195,0.115324,0.106477,-0.335859,0.30352,-0.0375857,-0.0830488,-0.129693,-0.0411566,-0.135355,0.123866,-0.0335424,-0.16923,-0.000255201,0.00578686,0.00454235,-0.000472682,-0.00525014,-0.000263541,-0.00263363,-0.00168872,-0.00438537,-0.0102291,0.000796228,0.000996483,0.00368393,-4.90469e-05,-0.0123963,0.000107581,6.03678e-05,-0.00223958,0.00529431,1.78826e-05,-0.000638865,-2.03863e-05,0.00359949,3.42349e-06,3.4984e-06,-0.255398,-0.247287,-0.0439684,0.960041,-1.0075,-0.197071,0.62465,0.968286,-1.0216,0.213364,0.297174,0.621041,1.57225,0.321167,-1.23671,-0.255514,-0.246969,-0.0437438,0.960012,-1.00722,-0.197195,0.624353,0.967551,-1.02127,0.213338,0.297102,0.621734,1.57242,0.321594,-1.2368,-0.229507,-0.218448,-0.00749907,0.152412,-0.113361,-0.038079,-0.0530224,-0.0289826,0.146405,0.18857,0.172014,-0.217544,-0.204195,0.235324,0.226477,-0.335859,0.30352,-0.0975857,-0.143049,-0.379693,-0.291157,-0.135355,0.123866,-0.0335424,-0.16923,-0.187699,-0.183643,-0.00879368,0.192008,-0.201501,-0.0370147,-0.0511793,-0.0394142,0.12493,0.193657,0.228046,-0.285874,-0.204321,0.226682,0.268587,-0.33114,0.298972,0.25052,0.726125,-0.392669,-0.299425,0.0642334,-0.247343,-0.0335678,-0.169207,0.998185,0.000566714,0.0536952,0.0272523,-0.651067,-0.017953,-0.00767304,0.758769
-0.114725,-0.291819,-0.0516786,-0.0837612,-0.202379,-0.0370147,-0.0511793,0,-0.0561836,-0.0919379,0.228046,-0.285874,0,0.123875,0.332868,-0.33114,0.298972,-0.067636,0.100564,-0.392669,-0.299425,0.00693315,0.152668,-0.0335678,-0.169207,0,0,0,0,0,0,0,0,0,0,0,0,0,0,0,0,0,0,0,0,0,0,0,0,0,0,0,0,0.998108,0.0544178,-0.0541593,0.998485,-0.0291052,0.00816122,-0.000303608,0.00150221,0.00114886,-0.169512,-0.158344,-0.0074145,0.152401,-0.113466,-0.0380813,-0.0530675,-0.0290025,0.146317,0.188371,0.0220282,-0.0675258,-0.204134,0.115321,0.106251,-0.335857,0.303521,-0.0376239,-0.0829481,-0.129692,-0.0411677,-0.135355,0.123938,-0.0335423,-0.16923,-0.000225971,0.00463313,0.00405833,-0.00065676,-0.00519299,1.29851e-05,-0.00197344,-0.000457102,-0.00428349,-0.00959244,0.000656162,0.000843966,0.00238961,-0.00018768,-0.0103816,8.61316e-05,5.77501e-05,-0.00165231,0.00481643,5.40511e-05,-0.000491981,1.10995e-05,0.00358191,2.9184e-06,2.87169e-06,-0.255514,-0.246969,-0.0437438,0.960012,-1.00722,-0.197195,0.624353,0.967551,-1.02127,0.213338,0.297102,0.621734,1.57242,0.321594,-1.2368,-0.255643,-0.246751,-0.0435342,0.960027,-1.0069,-0.1972,0.624119,0.966724,-1.02108,0.213227,0.297005,0.621688,1.57215,0.322006,-1.23663,-0.229512,-0.218344,-0.0074145,0.152401,-0.113466,-0.0380813,-0.0530675,-0.0290025,0.146317,0.188371,0.172028,-0.217526,-0.204134,0.235321,0.226251,-0.335857,0.303521,-0.0976239,-0.142948,-0.379692,-0.291168,-0.135355,0.123938,-0.0335424,-0.16923,-0.187757,-0.183484,-0.00874875,0.192002,-0.201443,-0.0370147,-0.0511793,-0.039439,0.124871,0.19351,0.228046,-0.285874,-0.204255,0.226669,0.268551,-0.33114,0.298972,0.250867,0.726212,-0.392669,-0.299425,0.0643187,-0.24736,-0.0335678,-0.169207,0.998184,0.000561855,0.0537121,0.0272646,-0.651067,-0.017953,-0.00767304,0.758769
-0.114725,-0.291819,-0.0516786,-0.0837612,-0.202379,-0.0370147,-0.0511793,0,-0.0561836,-0.0919379,0.228046,-0.285874,0,0.123875,0.332868,-0.33114,0.298972,-0.067636,0.100564,-0.392669,-0.299425,0.00693315,0.152668,-0.0335678,-0.169207,0,0,0,0,0,0,0,0,0,0,0,0,0,0,0,0,0,0,0,0,0,0,0,0,0,0,0,0,0.998108,0.0544401,-0.0541818,0.998484,-0.029081,0.00816471,-4.73876e-05,0.00101487,0.00105357,-0.169517,-0.158264,-0.0073398,0.152386,-0.113569,-0.0380783,-0.0530995,-0.0289986,0.146232,0.188185,0.0220398,-0.0675106,-0.204099,0.115316,0.106065,-0.335856,0.303522,-0.0376504,-0.0828571,-0.12969,-0.0411759,-0.135354,0.12401,-0.0335423,-0.16923,-0.000238543,0.00343955,0.00354998,-0.000824001,-0.00511646,0.000273045,-0.00131841,0.000672228,-0.00419177,-0.00894881,0.000511354,0.000676094,0.00113697,-0.000307727,-0.00835438,6.46894e-05,5.36534e-05,-0.00107077,0.00433764,8.57262e-05,-0.000344013,3.56354e-05,0.00355639,2.46461e-06,2.3132e-06,-0.255643,-0.246751,-0.0435342,0.960027,-1.0069,-0.1972,0.624119,0.966724,-1.02108,0.213227,0.297005,0.621688,1.57215,0.322006,-1.23663,-0.255784,-0.246631,-0.0433412,0.960084,-1.00657,-0.197095,0.623947,0.96581,-1.02101,0.213036,0.296884,0.620933,1.57145,0.322402,-1.23622,-0.229517,-0.218264,-0.0073398,0.152386,-0.113569,-0.0380783,-0.0530995,-0.0289986,0.146232,0.188185,0.17204,-0.217511,-0.204099,0.235316,0.226065,-0.335856,0.303522,-0.0976504,-0.142857,-0.37969,-0.291176,-0.135354,0.12401,-0.0335423,-0.16923,-0.187822,-0.183375,-0.00870684,0.192005,-0.201381,-0.0370147,-0.0511793,-0.03944,0.124824,0.193345,0.228046,-0.285874,-0.204216,0.226614,0.268502,-0.33114,0.298972,0.250844,0.726075,-0.392669,-0.299425,0.0644011,-0.247327,-0.0335678,-0.169207,0.998183,0.000559928,0.0537242,0.0272758,-0.651067,-0.017953,-0.00767304,0.758769
-0.114725,-0.291819,-0.0516786,-0.0837612,-0.202379,-0.0370147,-0.0511793,0,-0.0561836,-0.0919379,0.228046,-0.285874,0,0.123875,0.332868,-0.33114,0.298972,-0.067636,0.100564,-0.392669,-0.299425,0.00693315,0.152668,-0.0335678,-0.169207,0,0,0,0,0,0,0,0,0,0,0,0,0,0,0,0,0,0,0,0,0,0,0,0,0,0,0,0,0.998107,0.0544599,-0.0542018,0.998483,-0.0290656,0.00816244,0.00020008,0.000559208,0.000951113,-0.169523,-0.158208,-0.00727538,0.152367,-0.113671,-0.0380702,-0.0531185,-0.0289732,0.146148,0.188012,0.0220485,-0.067499,-0.20409,0.115309,0.10592,-0.335855,0.303523,-0.0376656,-0.0827758,-0.129688,-0.0411812,-0.135353,0.12408,-0.0335423,-0.16923,-0.000292291,0.00221658,0.00302603,-0.000974081,-0.00502239,0.000514651,-0.000676552,0.00168182,-0.00410998,-0.00830248,0.000362564,0.000496885,-5.94719e-05,-0.000407015,-0.00633147,4.33191e-05,4.83903e-05,-0.000500349,0.00386217,0.000113017,-0.000196255,5.36041e-05,0.00352395,2.05656e-06,1.81684e-06,-0.255784,-0.246631,-0.0433412,0.960084,-1.00657,-0.197095,0.623947,0.96581,-1.02101,0.213036,0.296884,0.620933,1.57145,0.322402,-1.23622,-0.255938,-0.246608,-0.0431679,0.960181,-1.00622,-0.196889,0.623831,0.964816,-1.02106,0.212768,0.296743,0.619503,1.57033,0.322781,-1.23557,-0.229523,-0.218208,-0.00727538,0.152367,-0.113671,-0.0380702,-0.0531185,-0.0289732,0.146148,0.188012,0.172048,-0.217499,-0.20409,0.235309,0.22592,-0.335855,0.303523,-0.0976656,-0.142776,-0.379688,-0.291181,-0.135353,0.12408,-0.0335423,-0.16923,-0.187892,-0.183315,-0.00866824,0.192017,-0.201314,-0.0370147,-0.0511793,-0.039419,0.124789,0.193162,0.228046,-0.285874,-0.204202,0.226518,0.268442,-0.33114,0.298972,0.250466,0.725723,-0.392669,-0.299425,0.0644803,-0.247244,-0.0335678,-0.169207,0.998182,0.000560821,0.0537318,0.0272858,-0.651067,-0.017953,-0.00767304,0.758769
-0.114725,-0.291819,-0.0516786,-0.0837612,-0.202379,-0.0370147,-0.0511793,0,-0.0561836,-0.0919379,0.228046,-0.285874,0,0.123875,0.332868,-0.33114,0.298972,-0.067636,0.100564,-0.392669,-0.299425,0.00693315,0.152668,-0.0335678,-0.169207,0,0,0,0,0,0,0,0,0,0,0,0,0,0,0,0,0,0,0,0,0,0,0,0,0,0,0,0,0.998106,0.054477,-0.0542192,0.998482,-0.0290584,0.00815466,0.000437442,0.000137036,0.000843775,-0.16953,-0.158177,-0.00722147,0.152346,-0.11377,-0.0380576,-0.0531249,-0.0289287,0.146065,0.187852,0.0220542,-0.067491,-0.204106,0.1153,0.105815,-0.335854,0.303524,-0.0376696,-0.082704,-0.129686,-0.0411836,-0.135352,0.124151,-0.0335423,-0.16923,-0.000385431,0.000975704,0.00249176,-0.00110742,-0.0049132,0.000737076,-5.62197e-05,0.0025702,-0.00403973,-0.00766,0.000211288,0.00031112,-0.00118982,-0.000484699,-0.00432839,2.21343e-05,4.22724e-05,5.45797e-05,0.00339352,0.000136256,-5.04039e-05,6.55448e-05,0.00348547,1.69302e-06,1.37871e-06,-0.255938,-0.246608,-0.0431679,0.960181,-1.00622,-0.196889,0.623831,0.964816,-1.02106,0.212768,0.296743,0.619503,1.57033,0.322781,-1.23557,-0.256104,-0.24668,-0.0430159,0.960317,-1.00585,-0.196592,0.623768,0.963749,-1.02123,0.212428,0.296584,0.61744,1.56881,0.323143,-1.2347,-0.22953,-0.218177,-0.00722147,0.152346,-0.11377,-0.0380576,-0.0531249,-0.0289287,0.146065,0.187852,0.172054,-0.217491,-0.204106,0.2353,0.225815,-0.335854,0.303524,-0.0976696,-0.142704,-0.379686,-0.291184,-0.135352,0.124151,-0.0335423,-0.16923,-0.187969,-0.183304,-0.00863357,0.192036,-0.201244,-0.0370147,-0.0511793,-0.0393777,0.124766,0.192963,0.228046,-0.285874,-0.204213,0.226384,0.268372,-0.33114,0.298972,0.249752,0.725163,-0.392669,-0.299425,0.0645563,-0.247115,-0.0335678,-0.169207,0.998182,0.000564411,0.0537353,0.0272946,-0.651067,-0.017953,-0.00767304,0.758769
-0.114725,-0.291819,-0.0516786,-0.0837612,-0.202379,-0.0370147,-0.0511793,0,-0.0561836,-0.0919379,0.228046,-0.285874,0,0.123875,0.332868,-0.33114,0.298972,-0.067636,0.100564,-0.392669,-0.299425,0.00693315,0.152668,-0.0335678,-0.169207,0,0,0,0,0,0,0,0,0,0,0,0,0,0,0,0,0,0,0,0,0,0,0,0,0,0,0,0,0.998105,0.0544914,-0.054234,0.998481,-0.0290587,0.00814166,0.00066429,-0.000251346,0.000732024,-0.169539,-0.158171,-0.00717822,0.152323,-0.113867,-0.0380407,-0.0531193,-0.0288675,0.145984,0.187704,0.0220568,-0.0674868,-0.204144,0.115289,0.10575,-0.335854,0.303524,-0.0376628,-0.0826415,-0.129683,-0.0411831,-0.13535,0.12422,-0.0335423,-0.16923,-0.000512114,-0.000271219,0.00195377,-0.00122521,-0.00479197,0.000940808,0.000534853,0.00334514,-0.00397872,-0.0070255,5.90334e-05,0.000123491,-0.00224011,-0.000543102,-0.00235946,1.15999e-06,3.5525e-05,0.000590987,0.00293467,0.000156284,9.14268e-05,7.19611e-05,0.00344206,1.37339e-06,9.95297e-07,-0.256104,-0.24668,-0.0430159,0.960317,-1.00585,-0.196592,0.623768,0.963749,-1.02123,0.212428,0.296584,0.61744,1.56881,0.323143,-1.2347,-0.256283,-0.246842,-0.0428859,0.960489,-1.00546,-0.196213,0.623755,0.962614,-1.02151,0.212022,0.296409,0.614785,1.56693,0.323485,-1.23362,-0.229539,-0.218171,-0.00717822,0.152323,-0.113867,-0.0380407,-0.0531193,-0.0288675,0.145984,0.187704,0.172057,-0.217487,-0.204144,0.235289,0.22575,-0.335854,0.303525,-0.0976628,-0.142642,-0.379683,-0.291183,-0.13535,0.12422,-0.0335423,-0.16923,-0.188052,-0.18334,-0.00860317,0.192063,-0.20117,-0.0370147,-0.0511793,-0.0393184,0.124754,0.19275,0.228046,-0.285874,-0.204247,0.226214,0.268292,-0.33114,0.298972,0.24872,0.724406,-0.392669,-0.299425,0.0646286,-0.24694,-0.0335678,-0.169207,0.998182,0.000570564,0.0537349,0.0273021,-0.651067,-0.017953,-0.00767304,0.758769
-0.114725,-0.291819,-0.0516786,-0.0837612,-0.202379,-0.0370147,-0.0511793,0,-0.0561836,-0.0919379,0.228046,-0.285874,0,0.123875,0.332868,-0.33114,0.298972,-0.067636,0.100564,-0.392669,-0.299425,0.00693315,0.152668,-0.0335678,-0.169207,0,0,0,0,0,0,0,0,0,0,0,0,0,0,0,0,0,0,0,0,0,0,0,0,0,0,0,0,0.998104,0.0545031,-0.0542461,0.998481,-0.0290659,0.00812375,0.000880329,-0.000605909,0.000617143,-0.169551,-0.15819,-0.00714566,0.152297,-0.113962,-0.03802,-0.0531022,-0.0287917,0.145904,0.18757,0.0220563,-0.0674864,-0.204204,0.115278,0.105724,-0.335854,0.303525,-0.0376457,-0.0825882,-0.12968,-0.0411799,-0.135349,0.124289,-0.0335423,-0.16923,-0.000667491,-0.00151333,0.00141792,-0.00132875,-0.00466166,0.00112546,0.00109015,0.00402618,-0.00392623,-0.00640383,-9.215e-05,-6.12428e-05,-0.00321818,-0.000583919,-0.000437128,-1.9578e-05,2.8273e-05,0.00110595,0.00248798,0.000173689,0.000226718,7.33702e-05,0.00339472,1.0631e-06,6.24876e-07,-0.256283,-0.246842,-0.0428859,0.960489,-1.00546,-0.196213,0.623755,0.962614,-1.02151,0.212022,0.296409,0.614785,1.56693,0.323485,-1.23362,-0.256475,-0.24709,-0.0427788,0.960697,-1.00506,-0.195761,0.623788,0.961418,-1.02189,0.211554,0.296224,0.611583,1.5647,0.323806,-1.23233,-0.229551,-0.21819,-0.00714566,0.152297,-0.113962,-0.03802,-0.0531022,-0.0287917,0.145904,0.18757,0.172056,-0.217486,-0.204204,0.235278,0.225724,-0.335854,0.303525,-0.0976457,-0.142588,-0.37968,-0.29118,-0.135349,0.124289,-0.0335423,-0.16923,-0.188142,-0.183421,-0.00857718,0.192098,-0.201092,-0.0370147,-0.0511793,-0.0392427,0.124751,0.192523,0.228046,-0.285874,-0.204302,0.226011,0.268205,-0.33114,0.298972,0.247393,0.723465,-0.392669,-0.299425,0.0646969,-0.246723,-0.0335678,-0.169207,0.998182,0.000579144,0.0537311,0.0273083,-0.651067,-0.017953,-0.00767304,0.758769
-0.114725,-0.291819,-0.0516786,-0.0837612,-0.202379,-0.0370147,-0.0511793,0,-0.0561836,-0.0919379,0.228046,-0.285874,0,0.123875,0.332868,-0.33114,0.298972,-0.067636,0.100564,-0.392669,-0.299425,0.00693315,0.152668,-0.0335678,-0.169207,0,0,0,0,0,0,0,0,0,0,0,0,0,0,0,0,0,0,0,0,0,0,0,0,0,0,0,0,0.998104,0.054512,-0.0542555,0.99848,-0.0290793,0.00810121,0.00108543,-0.000927412,0.000500956,-0.169567,-0.158234,-0.00712367,0.152269,-0.114053,-0.0379957,-0.0530744,-0.028703,0.145825,0.187448,0.0220529,-0.0674896,-0.204284,0.115267,0.105737,-0.335855,0.303526,-0.0376185,-0.0825437,-0.129676,-0.0411741,-0.135347,0.124356,-0.0335423,-0.16923,-0.000846217,-0.00274032,0.000889431,-0.00141951,-0.00452524,0.00129087,0.00160426,0.00463783,-0.00388182,-0.00579993,-0.000239889,-0.00023849,-0.00413097,-0.000608622,0.00142883,-3.99253e-05,2.07537e-05,0.00159667,0.00205447,0.000188891,0.000353308,7.02856e-05,0.00334439,7.63771e-07,2.70114e-07,-0.256475,-0.24709,-0.0427788,0.960697,-1.00506,-0.195761,0.623788,0.961418,-1.02189,0.211554,0.296224,0.611583,1.5647,0.323806,-1.23233,-0.25668,-0.24742,-0.0426943,0.960938,-1.00464,-0.195241,0.623862,0.960169,-1.02236,0.21103,0.29603,0.607878,1.56216,0.324104,-1.23084,-0.229567,-0.218234,-0.00712367,0.152269,-0.114053,-0.0379957,-0.0530744,-0.028703,0.145825,0.187448,0.172053,-0.21749,-0.204284,0.235267,0.225737,-0.335855,0.303526,-0.0976185,-0.142544,-0.379676,-0.291174,-0.135347,0.124356,-0.0335423,-0.16923,-0.188238,-0.183545,-0.00855576,0.192139,-0.201012,-0.0370147,-0.0511793,-0.0391521,0.124758,0.192284,0.228046,-0.285874,-0.204377,0.225777,0.268112,-0.33114,0.298972,0.245791,0.722351,-0.392669,-0.299425,0.0647612,-0.246465,-0.0335678,-0.169207,0.998182,0.000590014,0.053724,0.0273132,-0.651067,-0.017953,-0.00767304,0.758769
-0.114725,-0.291819,-0.0516786,-0.0837612,-0.202379,-0.0370147,-0.0511793,0,-0.0561836,-0.0919379,0.228046,-0.285874,0,0.123875,0.332868,-0.33114,0.298972,-0.067636,0.100564,-0.392669,-0.299425,0.00693315,0.152668,-0.0335678,-0.169207,0,0,0,0,0,0,0,0,0,0,0,0,0,0,0,0,0,0,0,0,0,0,0,0,0,0,0,0,0.998103,0.0545182,-0.0542623,0.99848,-0.0290983,0.00807433,0.00127955,-0.00121722,0.000385585,-0.169586,-0.158302,-0.00711206,0.15224,-0.114143,-0.0379684,-0.0530369,-0.0286025,0.145747,0.187337,0.0220466,-0.0674962,-0.204383,0.115254,0.105785,-0.335856,0.303526,-0.0375819,-0.0825079,-0.129672,-0.0411658,-0.135346,0.124423,-0.0335423,-0.16923,-0.00104186,-0.00394145,0.000373384,-0.00149903,-0.00438567,0.00143687,0.00207363,0.00520324,-0.00384501,-0.00521907,-0.0003817,-0.000403984,-0.00497911,-0.000620125,0.00322878,-5.96439e-05,1.31992e-05,0.00206132,0.00163518,0.000202168,0.000469388,6.30536e-05,0.00329181,4.64035e-07,-7.91358e-08,-0.25668,-0.24742,-0.0426943,0.960938,-1.00464,-0.195241,0.623862,0.960169,-1.02236,0.21103,0.29603,0.607878,1.56216,0.324104,-1.23084,-0.256896,-0.247828,-0.0426316,0.961213,-1.00421,-0.194658,0.623973,0.958872,-1.02291,0.210455,0.295832,0.603716,1.55933,0.324378,-1.22918,-0.229586,-0.218302,-0.00711206,0.15224,-0.114143,-0.0379684,-0.0530369,-0.0286025,0.145747,0.187337,0.172047,-0.217496,-0.204383,0.235254,0.225785,-0.335856,0.303526,-0.0975819,-0.142508,-0.379672,-0.291166,-0.135346,0.124423,-0.0335423,-0.16923,-0.18834,-0.18371,-0.00853887,0.192188,-0.200928,-0.0370147,-0.0511793,-0.0390482,0.124772,0.192034,0.228046,-0.285874,-0.204471,0.225515,0.268015,-0.33114,0.298972,0.243939,0.721079,-0.392669,-0.299425,0.0648209,-0.246169,-0.0335678,-0.169207,0.998182,0.000603039,0.0537142,0.0273168,-0.651067,-0.017953,-0.00767304,0.758769
-0.114725,-0.291819,-0.0516786,-0.0837612,-0.202379,-0.0370147,-0.0511793,0,-0.0561836,-0.0919379,0.228046,-0.285874,0,0.123875,0.332868,-0.33114,0.298972,-0.067636,0.100564,-0.392669,-0.299425,0.00693315,0.152668,-0.0335678,-0.169207,0,0,0,0,0,0,0,0,0,0,0,0,0,0,0,0,0,0,0,0,0,0,0,0,0,0,0,0,0.998102,0.0545217,-0.0542664,0.99848,-0.0291223,0.00804338,0.00146288,-0.00147649,0.000271273,-0.16961,-0.158394,-0.00711051,0.152209,-0.114229,-0.0379384,-0.0529906,-0.0284909,0.14567,0.187238,0.0220375,-0.067506,-0.204498,0.115242,0.10587,-0.335857,0.303526,-0.0375364,-0.0824803,-0.129668,-0.0411555,-0.135345,0.124488,-0.0335423,-0.16923,-0.00124901,-0.00510881,-0.000122834,-0.00156839,-0.00424516,0.0015627,0.00249589,0.0057441,-0.00381369,-0.0046634,-0.000515254,-0.000554316,-0.00576875,-0.000619916,0.0049559,-7.84395e-05,5.83995e-06,0.00249746,0.0012305,0.000213445,0.000573451,5.19191e-05,0.00323767,1.6195e-07,-4.27818e-07,-0.256896,-0.247828,-0.0426316,0.961213,-1.00421,-0.194658,0.623973,0.958872,-1.02291,0.210455,0.295832,0.603716,1.55933,0.324378,-1.22918,-0.257123,-0.248307,-0.0425896,0.961519,-1.00376,-0.194018,0.624115,0.957536,-1.02355,0.209836,0.29563,0.599141,1.55624,0.324625,-1.22736,-0.22961,-0.218394,-0.00711051,0.152209,-0.114229,-0.0379384,-0.0529906,-0.0284909,0.14567,0.187238,0.172038,-0.217506,-0.204498,0.235242,0.22587,-0.335857,0.303526,-0.0975364,-0.14248,-0.379668,-0.291155,-0.135345,0.124488,-0.0335423,-0.16923,-0.188448,-0.183914,-0.00852632,0.192243,-0.200841,-0.0370147,-0.0511793,-0.0389317,0.124795,0.191774,0.228046,-0.285874,-0.204583,0.225228,0.267916,-0.33114,0.298972,0.241858,0.719663,-0.392669,-0.299425,0.0648756,-0.245837,-0.0335678,-0.169207,0.998183,0.000618085,0.0537017,0.0273191,-0.651067,-0.017953,-0.00767304,0.758769
-0.114725,-0.291819,-0.0516786,-0.0837612,-0.202379,-0.0370147,-0.0511793,0,-0.0561836,-0.0919379,0.228046,-0.285874,0,0.123875,0.332868,-0.33114,0.298972,-0.067636,0.100564,-0.392669,-0.299425,0.00693315,0.152668,-0.0335678,-0.169207,0,0,0,0,0,0,0,0,0,0,0,0,0,0,0,0,0,0,0,0,0,0,0,0,0,0,0,0,0.998101,0.0545225,-0.0542679,0.99848,-0.0291508,0.00800865,0.00163525,-0.00170645,0.000159069,-0.169638,-0.158509,-0.00711854,0.152177,-0.114312,-0.0379062,-0.0529363,-0.0283685,0.145593,0.18715,0.0220259,-0.0675186,-0.20463,0.11523,0.105988,-0.335859,0.303526,-0.0374826,-0.0824607,-0.129664,-0.0411432,-0.135344,0.124553,-0.0335423,-0.16923,-0.00146312,-0.00623404,-0.000592814,-0.00162819,-0.00410551,0.0016677,0.00287039,0.00627368,-0.00378735,-0.00413643,-0.000638257,-0.000686605,-0.00650985,-0.000608645,0.00660306,-9.59235e-05,-1.03908e-06,0.00290257,0.000840892,0.000222417,0.000664702,3.70431e-05,0.00318252,-1.49658e-07,-7.79202e-07,-0.257123,-0.248307,-0.0425896,0.961519,-1.00376,-0.194018,0.624115,0.957536,-1.02355,0.209836,0.29563,0.599141,1.55624,0.324625,-1.22736,-0.25736,-0.248854,-0.0425668,0.961853,-1.0033,-0.193322,0.62428,0.956168,-1.02427,0.209177,0.295428,0.594198,1.55292,0.324842,-1.22538,-0.229638,-0.218509,-0.00711854,0.152177,-0.114312,-0.0379062,-0.0529363,-0.0283685,0.145593,0.18715,0.172026,-0.217519,-0.20463,0.23523,0.225988,-0.335859,0.303526,-0.0974826,-0.142461,-0.379664,-0.291143,-0.135344,0.124553,-0.0335423,-0.16923,-0.188561,-0.184154,-0.00851792,0.192304,-0.200752,-0.0370147,-0.0511793,-0.0388036,0.124823,0.191507,0.228046,-0.285874,-0.204711,0.224918,0.267815,-0.33114,0.298972,0.23957,0.718119,-0.392669,-0.299425,0.0649249,-0.245472,-0.0335678,-0.169207,0.998184,0.000635022,0.053687,0.0273201,-0.651067,-0.017953,-0.00767304,0.758769
-0.114725,-0.291819,-0.0516786,-0.0837612,-0.202379,-0.0370147,-0.0511793,0,-0.0561836,-0.0919379,0.228046,-0.285874,0,0.123875,0.332868,-0.33114,0.298972,-0.067636,0.100564,-0.392669,-0.299425,0.00693315,0.152668,-0.0335678,-0.169207,0,0,0,0,0,0,0,0,0,0,0,0,0,0,0,0,0,0,0,0,0,0,0,0,0,0,0,0,0.9981,0.0545207,-0.054267,0.998481,-0.0291832,0.00797041,0.0017964,-0.00190777,5.01213e-05,-0.16967,-0.158646,-0.00713559,0.152143,-0.114393,-0.037872,-0.0528751,-0.0282354,0.145517,0.187073,0.0220119,-0.0675337,-0.204777,0.115219,0.106138,-0.335861,0.303526,-0.0374211,-0.0824489,-0.12966,-0.0411292,-0.135343,0.124616,-0.0335423,-0.16923,-0.00168112,-0.00731103,-0.0010305,-0.00167891,-0.00396804,0.00175117,0.00319711,0.00680003,-0.00376602,-0.00364081,-0.000748698,-0.000798833,-0.00721128,-0.000586592,0.00816509,-0.000111692,-7.1774e-06,0.00327457,0.000466428,0.00022862,0.000742776,1.85096e-05,0.00312674,-4.55462e-07,-1.11847e-06,-0.25736,-0.248854,-0.0425668,0.961853,-1.0033,-0.193322,0.62428,0.956168,-1.02427,0.209177,0.295428,0.594198,1.55292,0.324842,-1.22538,-0.257605,-0.249463,-0.0425609,0.962216,-1.00282,-0.192572,0.624466,0.954775,-1.02506,0.208485,0.295229,0.588931,1.54941,0.325026,-1.22327,-0.22967,-0.218646,-0.00713559,0.152143,-0.114393,-0.037872,-0.0528751,-0.0282354,0.145517,0.187073,0.172012,-0.217534,-0.204777,0.235219,0.226138,-0.335861,0.303526,-0.0974211,-0.142449,-0.37966,-0.291129,-0.135343,0.124616,-0.0335423,-0.16923,-0.18868,-0.184427,-0.00851336,0.192371,-0.200659,-0.0370147,-0.0511793,-0.0386644,0.124856,0.191234,0.228046,-0.285874,-0.204854,0.224588,0.267714,-0.33114,0.298972,0.237099,0.716461,-0.392669,-0.299425,0.0649684,-0.245077,-0.0335678,-0.169207,0.998185,0.000653718,0.0536704,0.0273199,-0.651067,-0.017953,-0.00767304,0.758769
-0.114725,-0.291819,-0.0516786,-0.0837612,-0.202379,-0.0370147,-0.0511793,0,-0.0561836,-0.0919379,0.228046,-0.285874,0,0.123875,0.332868,-0.33114,0.298972,-0.067636,0.100564,-0.392669,-0.299425,0.00693315,0.152668,-0.0335678,-0.169207,0,0,0,0,0,0,0,0,0,0,0,0,0,0,0,0,0,0,0,0,0,0,0,0,0,0,0,0,0.998099,0.0545165,-0.0542636,0.998481,-0.0292189,0.00792893,0.00194642,-0.00208099,-5.74616e-05,-0.169706,-0.158804,-0.00716089,0.152109,-0.114471,-0.0378365,-0.0528079,-0.0280918,0.145442,0.187005,0.0219959,-0.0675508,-0.204938,0.115208,0.106318,-0.335864,0.303526,-0.0373526,-0.0824443,-0.129655,-0.0411139,-0.135343,0.124678,-0.0335424,-0.16923,-0.0018994,-0.00833525,-0.00142717,-0.0017205,-0.00383348,0.00181302,0.00347675,0.00732415,-0.00374618,-0.00317542,-0.000845301,-0.000890132,-0.00787673,-0.000554081,0.00963742,-0.000125411,-1.2356e-05,0.00361123,0.000107618,0.000231775,0.000807788,-3.72412e-06,0.00307059,-7.43126e-07,-1.43051e-06,-0.257605,-0.249463,-0.0425609,0.962216,-1.00282,-0.192572,0.624466,0.954775,-1.02506,0.208485,0.295229,0.588931,1.54941,0.325026,-1.22327,-0.257859,-0.250129,-0.0425689,0.962603,-1.00234,-0.191771,0.624665,0.953368,-1.02591,0.207764,0.295033,0.583384,1.54573,0.325175,-1.22105,-0.229706,-0.218804,-0.00716089,0.152109,-0.114471,-0.0378365,-0.0528079,-0.0280918,0.145442,0.187005,0.171996,-0.217551,-0.204938,0.235208,0.226318,-0.335864,0.303526,-0.0973526,-0.142444,-0.379655,-0.291114,-0.135343,0.124678,-0.0335424,-0.16923,-0.188803,-0.184732,-0.00851217,0.192443,-0.200565,-0.0370147,-0.0511793,-0.0385145,0.124893,0.190955,0.228046,-0.285874,-0.205011,0.224242,0.267614,-0.33114,0.298972,0.234465,0.714704,-0.392669,-0.299425,0.0650052,-0.244655,-0.0335678,-0.169207,0.998186,0.000674039,0.0536519,0.0273186,-0.651067,-0.017953,-0.00767304,0.758769
-0.114725,-0.291819,-0.0516786,-0.0837612,-0.202379,-0.0370147,-0.0511793,0,-0.0561836,-0.0919379,0.228046,-0.285874,0,0.123875,0.332868,-0.33114,0.298972,-0.067636,0.100564,-0.392669,-0.299425,0.00693315,0.152668,-0.0335678,-0.169207,0,0,0,0,0,0,0,0,0,0,0,0,0,0,0,0,0,0,0,0,0,0,0,0,0,0,0,0,0.998098,0.0545097,-0.0542578,0.998482,-0.0292575,0.0078845,0.00208524,-0.00222667,-0.000164875,-0.169747,-0.158983,-0.00719355,0.152074,-0.114546,-0.0377999,-0.0527356,-0.0279376,0.145367,0.186946,0.0219781,-0.0675695,-0.205113,0.115197,0.106527,-0.335866,0.303525,-0.0372778,-0.0824469,-0.129651,-0.0410974,-0.135343,0.124739,-0.0335424,-0.16923,-0.00211447,-0.0093017,-0.00177585,-0.00175292,-0.00370248,0.00185379,0.00371083,0.00784223,-0.00372558,-0.00274032,-0.000927167,-0.000960287,-0.00850349,-0.00051224,0.0110148,-0.000136854,-1.64265e-05,0.00391119,-0.000234711,0.000231792,0.000860305,-2.96965e-05,0.00301434,-1.01165e-06,-1.71309e-06,-0.257859,-0.250129,-0.0425689,0.962603,-1.00234,-0.191771,0.624665,0.953368,-1.02591,0.207764,0.295033,0.583384,1.54573,0.325175,-1.22105,-0.258119,-0.250844,-0.0425886,0.963012,-1.00185,-0.19092,0.624873,0.951956,-1.02683,0.207019,0.294843,0.577602,1.54192,0.325285,-1.21872,-0.229747,-0.218983,-0.00719355,0.152074,-0.114546,-0.0377999,-0.0527356,-0.0279376,0.145367,0.186946,0.171978,-0.217569,-0.205113,0.235197,0.226527,-0.335866,0.303525,-0.0972778,-0.142447,-0.379651,-0.291097,-0.135343,0.124739,-0.0335424,-0.16923,-0.188929,-0.185064,-0.00851379,0.192521,-0.200468,-0.0370147,-0.0511793,-0.0383542,0.124933,0.190674,0.228046,-0.285874,-0.205183,0.223882,0.267516,-0.33114,0.298972,0.231692,0.712865,-0.392669,-0.299425,0.065035,-0.244209,-0.0335678,-0.169207,0.998187,0.000695853,0.0536321,0.027316,-0.651067,-0.017953,-0.00767304,0.758769
-0.114725,-0.291819,-0.0516786,-0.0837612,-0.202379,-0.0370147,-0.0511793,0,-0.0561836,-0.0919379,0.228046,-0.285874,0,0.123875,0.332868,-0.33114,0.298972,-0.067636,0.100564,-0.392669,-0.299425,0.00693315,0.152668,-0.0335678,-0.169207,0,0,0,0,0,0,0,0,0,0,0,0,0,0,0,0,0,0,0,0,0,0,0,0,0,0,0,0,0.998097,0.0545006,-0.0542496,0.998483,-0.0292984,0.00783741,0.00221246,-0.00234561,-0.000272708,-0.169793,-0.159179,-0.00723256,0.152039,-0.114619,-0.0377628,-0.0526592,-0.027773,0.145292,0.186895,0.0219588,-0.0675894,-0.205301,0.115188,0.106763,-0.335869,0.303525,-0.0371975,-0.0824561,-0.129646,-0.04108,-0.135344,0.124799,-0.0335424,-0.16923,-0.00232324,-0.0102051,-0.00207123,-0.00177576,-0.00357539,0.0018749,0.00390102,0.00835021,-0.00370269,-0.00233618,-0.00099381,-0.00100972,-0.00908435,-0.000461875,0.0122917,-0.000145848,-1.9231e-05,0.0041733,-0.000559327,0.000228791,0.000901287,-5.9522e-05,0.00295812,-1.25199e-06,-1.95677e-06,-0.258119,-0.250844,-0.0425886,0.963012,-1.00185,-0.19092,0.624873,0.951956,-1.02683,0.207019,0.294843,0.577602,1.54192,0.325285,-1.21872,-0.258385,-0.251604,-0.0426181,0.963441,-1.00135,-0.190021,0.625086,0.950547,-1.02781,0.206257,0.29466,0.571627,1.538,0.325352,-1.2163,-0.229793,-0.219179,-0.00723256,0.152039,-0.114619,-0.0377628,-0.0526592,-0.027773,0.145292,0.186895,0.171959,-0.217589,-0.205301,0.235188,0.226763,-0.335869,0.303525,-0.0971975,-0.142456,-0.379646,-0.29108,-0.135344,0.124799,-0.0335424,-0.16923,-0.18906,-0.185422,-0.00851773,0.192602,-0.20037,-0.0370147,-0.0511793,-0.038184,0.124975,0.190391,0.228046,-0.285874,-0.205367,0.22351,0.267421,-0.33114,0.298972,0.228801,0.710959,-0.392669,-0.299425,0.0650569,-0.243743,-0.0335678,-0.169207,0.998188,0.000719024,0.053611,0.0273123,-0.651067,-0.017953,-0.00767304,0.758769
-0.114725,-0.291819,-0.0516786,-0.0837612,-0.202379,-0.0370147,-0.0511793,0,-0.0561836,-0.0919379,0.228046,-0.285874,0,0.123875,0.332868,-0.33114,0.298972,-0.067636,0.100564,-0.392669,-0.299425,0.00693315,0.152668,-0.0335678,-0.169207,0,0,0,0,0,0,0,0,0,0,0,0,0,0,0,0,0,0,0,0,0,0,0,0,0,0,0,0,0.998097,0.054489,-0.054239,0.998484,-0.0293411,0.00778793,0.00232783,-0.00243856,-0.000382409,-0.169842,-0.159394,-0.00727679,0.152003,-0.114689,-0.0377254,-0.0525794,-0.0275984,0.145218,0.186852,0.0219384,-0.06761,-0.2055,0.11518,0.107023,-0.335872,0.303524,-0.0371124,-0.0824716,-0.129642,-0.0410619,-0.135346,0.124858,-0.0335425,-0.16923,-0.00252249,-0.0110411,-0.00230882,-0.00178862,-0.0034524,0.00187903,0.00404852,0.00884064,-0.00367494,-0.0019624,-0.00104532,-0.00103966,-0.0096174,-0.000404162,0.0134634,-0.000152284,-2.06861e-05,0.00439668,-0.000865045,0.000223038,0.000931636,-9.33138e-05,0.00290202,-1.44243e-06,-2.13933e-06,-0.258385,-0.251604,-0.0426181,0.963441,-1.00135,-0.190021,0.625086,0.950547,-1.02781,0.206257,0.29466,0.571627,1.538,0.325352,-1.2163,-0.258653,-0.252402,-0.0426555,0.963884,-1.00086,-0.189078,0.625299,0.949148,-1.02884,0.205487,0.294485,0.565512,1.53401,0.325376,-1.21383,-0.229842,-0.219394,-0.00727679,0.152003,-0.114689,-0.0377254,-0.0525794,-0.0275984,0.145218,0.186852,0.171938,-0.21761,-0.2055,0.23518,0.227023,-0.335872,0.303524,-0.0971124,-0.142472,-0.379642,-0.291062,-0.135346,0.124858,-0.0335425,-0.16923,-0.189193,-0.185802,-0.00852363,0.192688,-0.200271,-0.0370147,-0.0511793,-0.0380042,0.125017,0.190109,0.228046,-0.285874,-0.205562,0.223129,0.26733,-0.33114,0.298972,0.225814,0.709002,-0.392669,-0.299425,0.0650705,-0.243261,-0.0335678,-0.169207,0.998189,0.000743413,0.0535891,0.0273073,-0.651067,-0.017953,-0.00767304,0.758769
-0.114725,-0.291819,-0.0516786,-0.0837612,-0.202379,-0.0370147,-0.0511793,0,-0.0561836,-0.0919379,0.228046,-0.285874,0,0.123875,0.332868,-0.33114,0.298972,-0.067636,0.100564,-0.392669,-0.299425,0.00693315,0.152668,-0.0335678,-0.169207,0,0,0,0,0,0,0,0,0,0,0,0,0,0,0,0,0,0,0,0,0,0,0,0,0,0,0,0,0.998096,0.054475,-0.0542261,0.998485,-0.0293852,0.00773639,0.00243013,-0.00250764,-0.00049333,-0.169895,-0.159624,-0.00732508,0.151967,-0.114757,-0.0376882,-0.0524972,-0.0274141,0.145144,0.186817,0.0219171,-0.0676311,-0.20571,0.115173,0.107305,-0.335875,0.303524,-0.0370233,-0.0824931,-0.129638,-0.0410433,-0.135348,0.124916,-0.0335425,-0.16923,-0.00270974,-0.0118024,-0.00248772,-0.00179008,-0.00333332,0.00186966,0.00415501,0.00930732,-0.00364275,-0.00162182,-0.0010821,-0.00105164,-0.0100953,-0.000337111,0.0145235,-0.000156226,-2.06994e-05,0.00457954,-0.00115032,0.000215377,0.000952647,-0.000131187,0.00284615,-1.60132e-06,-2.27908e-06,-0.258653,-0.252402,-0.0426555,0.963884,-1.00086,-0.189078,0.625299,0.949148,-1.02884,0.205487,0.294485,0.565512,1.53401,0.325376,-1.21383,-0.258922,-0.253232,-0.0426972,0.964334,-1.00037,-0.188094,0.625506,0.947768,-1.02992,0.204718,0.294318,0.559314,1.52998,0.325353,-1.21131,-0.229895,-0.219624,-0.00732508,0.151967,-0.114757,-0.0376882,-0.0524972,-0.0274141,0.145144,0.186817,0.171917,-0.217631,-0.20571,0.235173,0.227305,-0.335875,0.303524,-0.0970233,-0.142493,-0.379638,-0.291043,-0.135348,0.124916,-0.0335425,-0.16923,-0.189327,-0.186201,-0.00853109,0.192777,-0.200172,-0.0370147,-0.0511793,-0.0378156,0.12506,0.18983,0.228046,-0.285874,-0.205769,0.222743,0.267243,-0.33114,0.298972,0.222756,0.707007,-0.392669,-0.299425,0.0650751,-0.242766,-0.0335678,-0.169207,0.998191,0.000768876,0.0535664,0.0273013,-0.651067,-0.017953,-0.00767304,0.758769
-0.114725,-0.291819,-0.0516786,-0.0837612,-0.202379,-0.0370147,-0.0511793,0,-0.0561836,-0.0919379,0.228046,-0.285874,0,0.123875,0.332868,-0.33114,0.298972,-0.067636,0.100564,-0.392669,-0.299425,0.00693315,0.152668,-0.0335678,-0.169207,0,0,0,0,0,0,0,0,0,0,0,0,0,0,0,0,0,0,0,0,0,0,0,0,0,0,0,0,0.998096,0.0544586,-0.0542108,0.998486,-0.0294302,0.0076831,0.00251679,-0.00255499,-0.000603153,-0.169952,-0.159869,-0.00737627,0.151931,-0.114822,-0.0376513,-0.0524132,-0.0272207,0.145071,0.186788,0.0218952,-0.0676522,-0.205929,0.115168,0.107607,-0.335878,0.303523,-0.036931,-0.08252,-0.129634,-0.0410244,-0.135351,0.124973,-0.0335425,-0.16923,-0.002886,-0.0124811,-0.00260868,-0.0017773,-0.00321686,0.00184913,0.00422278,0.00974286,-0.00360978,-0.00131927,-0.00110488,-0.00104766,-0.0105068,-0.00025437,0.015465,-0.000157856,-1.93834e-05,0.00471863,-0.00141287,0.00020657,0.000965181,-0.000173355,0.00279047,-1.75997e-06,-2.4117e-06,-0.258922,-0.253232,-0.0426972,0.964334,-1.00037,-0.188094,0.625506,0.947768,-1.02992,0.204718,0.294318,0.559314,1.52998,0.325353,-1.21131,-0.259189,-0.25409,-0.0427407,0.964788,-0.999883,-0.187073,0.6257,0.946416,-1.03104,0.203956,0.294157,0.553082,1.52594,0.325283,-1.20877,-0.229952,-0.219869,-0.00737627,0.151931,-0.114822,-0.0376513,-0.0524132,-0.0272207,0.145071,0.186788,0.171895,-0.217652,-0.205929,0.235168,0.227607,-0.335878,0.303523,-0.096931,-0.14252,-0.379634,-0.291024,-0.135351,0.124973,-0.0335425,-0.16923,-0.189461,-0.186616,-0.00853944,0.192867,-0.200073,-0.0370147,-0.0511793,-0.0376188,0.125101,0.189554,0.228046,-0.285874,-0.205984,0.222359,0.267159,-0.33114,0.298972,0.219657,0.704992,-0.392669,-0.299425,0.0650705,-0.242261,-0.0335678,-0.169207,0.998192,0.000795251,0.0535432,0.027294,-0.651067,-0.017953,-0.00767304,0.758769
-0.114725,-0.291819,-0.0516786,-0.0837612,-0.202379,-0.0370147,-0.0511793,0,-0.0561836,-0.0919379,0.228046,-0.285874,0,0.123875,0.332868,-0.33114,0.298972,-0.067636,0.100564,-0.392669,-0.299425,0.00693315,0.152668,-0.0335678,-0.169207,0,0,0,0,0,0,0,0,0,0,0,0,0,0,0,0,0,0,0,0,0,0,0,0,0,0,0,0,0.998095,0.0544398,-0.0541932,0.998488,-0.0294757,0.00762845,0.00258577,-0.00258092,-0.00071237,-0.170012,-0.160126,-0.00742918,0.151896,-0.114885,-0.0376148,-0.0523283,-0.027019,0.144999,0.186764,0.021873,-0.0676732,-0.206157,0.115164,0.107927,-0.335882,0.303523,-0.0368365,-0.0825519,-0.12963,-0.0410053,-0.135355,0.125028,-0.0335426,-0.16923,-0.00305305,-0.0130745,-0.00267037,-0.00174786,-0.00310123,0.00181912,0.00425314,0.0101337,-0.00357655,-0.00105463,-0.00111513,-0.00103062,-0.0108561,-0.000152329,0.0162826,-0.00015736,-1.70966e-05,0.00481207,-0.0016498,0.000196837,0.000969299,-0.000219893,0.00273453,-1.8796e-06,-2.50013e-06,-0.259189,-0.25409,-0.0427407,0.964788,-0.999883,-0.187073,0.6257,0.946416,-1.03104,0.203956,0.294157,0.553082,1.52594,0.325283,-1.20877,-0.259454,-0.254969,-0.0427839,0.96524,-0.999413,-0.186022,0.625875,0.945099,-1.0322,0.203208,0.294005,0.546861,1.52191,0.325167,-1.20623,-0.230012,-0.220126,-0.00742918,0.151896,-0.114885,-0.0376148,-0.0523283,-0.027019,0.144999,0.186764,0.171873,-0.217673,-0.206157,0.235164,0.227927,-0.335882,0.303523,-0.0968365,-0.142552,-0.37963,-0.291005,-0.135355,0.125028,-0.0335426,-0.16923,-0.189595,-0.187045,-0.00854813,0.192958,-0.199977,-0.0370147,-0.0511793,-0.0374147,0.12514,0.189283,0.228046,-0.285874,-0.206208,0.221978,0.267079,-0.33114,0.298972,0.216541,0.702969,-0.392669,-0.299425,0.0650566,-0.241753,-0.0335678,-0.169207,0.998194,0.000822354,0.0535198,0.0272856,-0.651067,-0.017953,-0.00767304,0.758769
-0.114725,-0.291819,-0.0516786,-0.0837612,-0.202379,-0.0370147,-0.0511793,0,-0.0561836,-0.0919379,0.228046,-0.285874,0,0.123875,0.332868,-0.33114,0.298972,-0.067636,0.100564,-0.392669,-0.299425,0.00693315,0.152668,-0.0335678,-0.169207,0,0,0,0,0,0,0,0,0,0,0,0,0,0,0,0,0,0,0,0,0,0,0,0,0,0,0,0,0.998095,0.0544187,-0.0541733,0.998489,-0.0295214,0.00757284,0.0026356,-0.00258557,-0.000820908,-0.170076,-0.160394,-0.00748264,0.151861,-0.114946,-0.0375791,-0.0522433,-0.0268101,0.144928,0.186746,0.0218507,-0.0676936,-0.20639,0.115163,0.108262,-0.335885,0.303523,-0.0367406,-0.0825883,-0.129626,-0.0409863,-0.13536,0.125083,-0.0335426,-0.16923,-0.00321265,-0.0135805,-0.00267402,-0.00170022,-0.00298537,0.00178197,0.00424673,0.0104637,-0.00354425,-0.000828429,-0.00111462,-0.00100361,-0.0111398,-2.82049e-05,0.0169727,-0.000155011,-1.41337e-05,0.00485855,-0.00185891,0.000186516,0.000965328,-0.000270658,0.00267835,-1.93865e-06,-2.52171e-06,-0.259454,-0.254969,-0.0427839,0.96524,-0.999413,-0.186022,0.625875,0.945099,-1.0322,0.203208,0.294005,0.546861,1.52191,0.325167,-1.20623,-0.259715,-0.255865,-0.0428245,0.965687,-0.998961,-0.184947,0.626029,0.943823,-1.03338,0.202478,0.293861,0.540695,1.51791,0.325004,-1.20371,-0.230076,-0.220394,-0.00748264,0.151861,-0.114946,-0.0375791,-0.0522433,-0.0268101,0.144928,0.186746,0.171851,-0.217694,-0.20639,0.235163,0.228262,-0.335885,0.303523,-0.0967406,-0.142588,-0.379626,-0.290986,-0.13536,0.125083,-0.0335426,-0.16923,-0.189727,-0.187485,-0.00855677,0.193048,-0.199883,-0.0370147,-0.0511793,-0.0372045,0.125175,0.18902,0.228046,-0.285874,-0.206439,0.221604,0.267003,-0.33114,0.298972,0.21343,0.700953,-0.392669,-0.299425,0.0650333,-0.241245,-0.0335678,-0.169207,0.998195,0.000849983,0.0534962,0.0272761,-0.651067,-0.017953,-0.00767304,0.758769
-0.114725,-0.291819,-0.0516786,-0.0837612,-0.202379,-0.0370147,-0.0511793,0,-0.0561836,-0.0919379,0.228046,-0.285874,0,0.123875,0.332868,-0.33114,0.298972,-0.067636,0.100564,-0.392669,-0.299425,0.00693315,0.152668,-0.0335678,-0.169207,0,0,0,0,0,0,0,0,0,0,0,0,0,0,0,0,0,0,0,0,0,0,0,0,0,0,0,0,0.998095,0.054395,-0.0541508,0.998491,-0.0295669,0.00751713,0.00259872,-0.00256073,-0.00101472,-0.170142,-0.160673,-0.00753475,0.151829,-0.115003,-0.0375444,-0.0521587,-0.0265953,0.144857,0.186732,0.0218284,-0.0677133,-0.20663,0.115164,0.10861,-0.335888,0.303522,-0.0366439,-0.082627,-0.129623,-0.0409672,-0.135366,0.125134,-0.0335427,-0.16923,-0.00329594,-0.0141213,-0.00251487,-0.00153052,-0.00270271,0.00171902,0.00421286,0.0107269,-0.00341353,-0.000616706,-0.0011129,-0.000946675,-0.0114318,-7.06727e-07,0.0176675,-0.000139531,-3.5913e-06,0.0049233,-0.00182792,0.00017989,0.000980428,-0.00033459,0.00226703,-4.77556e-06,-4.74015e-06,-0.259715,-0.255865,-0.0428245,0.965687,-0.998961,-0.184947,0.626029,0.943823,-1.03338,0.202478,0.293861,0.540695,1.51791,0.325004,-1.20371,-0.259955,-0.256801,-0.0428588,0.966052,-0.998625,-0.183867,0.62616,0.942574,-1.03456,0.201805,0.29368,0.534615,1.51392,0.324848,-1.20125,-0.230142,-0.220673,-0.00753475,0.151829,-0.115003,-0.0375444,-0.0521587,-0.0265953,0.144857,0.186732,0.171828,-0.217713,-0.20663,0.235164,0.22861,-0.335888,0.303522,-0.0966439,-0.142627,-0.379623,-0.290967,-0.135366,0.125134,-0.0335427,-0.16923,-0.189857,-0.187933,-0.00856489,0.193137,-0.199792,-0.0370147,-0.0511793,-0.0369895,0.125206,0.188765,0.228046,-0.285874,-0.206675,0.221239,0.266931,-0.33114,0.298972,0.210347,0.698956,-0.392669,-0.299425,0.0650009,-0.240741,-0.0335678,-0.169207,0.998197,0.000877731,0.0534728,0.0272652,-0.651067,-0.017953,-0.00767304,0.758769
-0.114725,-0.291819,-0.0516786,-0.0837612,-0.202379,-0.0370147,-0.0511793,0,-0.0561836,-0.0919379,0.228046,-0.285874,0,0.123875,0.332868,-0.33114,0.298972,-0.067636,0.100564,-0.392669,-0.299425,0.00693315,0.152668,-0.0335678,-0.169207,0,0,0,0,0,0,0,0,0,0,0,0,0,0,0,0,0,0,0,0,0,0,0,0,0,0,0,0,0.998095,0.0543678,-0.0541248,0.998493,-0.0296117,0.00746323,0.00255475,-0.00251456,-0.00110726,-0.170211,-0.160961,-0.00758394,0.151799,-0.115055,-0.0375108,-0.0520751,-0.0263767,0.144789,0.186721,0.0218063,-0.067732,-0.206872,0.115166,0.10897,-0.33589,0.303522,-0.0365466,-0.0826654,-0.12962,-0.0409483,-0.135373,0.125177,-0.0335428,-0.16923,-0.00345519,-0.0144524,-0.00244636,-0.00141138,-0.00254157,0.00168158,0.00413802,0.0108371,-0.00342782,-0.000552891,-0.00110243,-0.000915614,-0.0113535,0.00015597,0.0180927,-0.000139821,-1.35135e-06,0.004879,-0.00194629,0.000155088,0.000945241,-0.00039274,0.00217205,-3.61316e-07,-1.3733e-06,-0.259955,-0.256801,-0.0428588,0.966052,-0.998625,-0.183867,0.62616,0.942574,-1.03456,0.201805,0.29368,0.534615,1.51392,0.324848,-1.20125,-0.260195,-0.257742,-0.0428807,0.966441,-0.998297,-0.182787,0.626263,0.941365,-1.03575,0.201135,0.293532,0.528636,1.50998,0.324626,-1.19885,-0.230211,-0.220961,-0.00758394,0.151799,-0.115055,-0.0375108,-0.0520751,-0.0263767,0.144789,0.186721,0.171806,-0.217732,-0.206872,0.235166,0.22897,-0.33589,0.303522,-0.0965466,-0.142665,-0.37962,-0.290948,-0.135373,0.125177,-0.0335428,-0.16923,-0.189977,-0.1884,-0.00857176,0.19321,-0.199725,-0.0370147,-0.0511793,-0.0367735,0.125232,0.188515,0.228046,-0.285874,-0.206911,0.220903,0.26684,-0.33114,0.298972,0.207308,0.696962,-0.392669,-0.299425,0.0649697,-0.24025,-0.0335678,-0.169207,0.998198,0.000904658,0.0534497,0.0272526,-0.651067,-0.017953,-0.00767304,0.758769
-0.114725,-0.291819,-0.0516786,-0.0837612,-0.202379,-0.0370147,-0.0511793,0,-0.0561836,-0.0919379,0.228046,-0.285874,0,0.123875,0.332868,-0.33114,0.298972,-0.067636,0.100564,-0.392669,-0.299425,0.00693315,0.152668,-0.0335678,-0.169207,0,0,0,0,0,0,0,0,0,0,0,0,0,0,0,0,0,0,0,0,0,0,0,0,0,0,0,0,0.998095,0.0543399,-0.0540981,0.998495,-0.0296554,0.00740981,0.00255662,-0.00244297,-0.00114092,-0.170283,-0.161253,-0.00763199,0.151772,-0.115106,-0.0374778,-0.0519936,-0.0261579,0.14472,0.18671,0.0217843,-0.0677503,-0.207111,0.115173,0.109335,-0.335893,0.303522,-0.0364513,-0.0827074,-0.129617,-0.0409303,-0.135382,0.125222,-0.0335428,-0.169231,-0.0036671,-0.0146473,-0.00237157,-0.00134945,-0.00248743,0.00164799,0.00401872,0.0107744,-0.00348776,-0.000536199,-0.00109439,-0.000907393,-0.011179,0.000416928,0.0183028,-0.000143841,-5.2902e-06,0.00475195,-0.00212439,0.000141596,0.000894273,-0.000440194,0.00225536,-7.06491e-07,-1.34328e-06,-0.260195,-0.257742,-0.0428807,0.966441,-0.998297,-0.182787,0.626263,0.941365,-1.03575,0.201135,0.293532,0.528636,1.50998,0.324626,-1.19885,-0.26044,-0.258661,-0.0429111,0.966861,-0.997917,-0.181706,0.626343,0.940213,-1.03695,0.200473,0.293421,0.522801,1.50615,0.324328,-1.19649,-0.230283,-0.221253,-0.00763199,0.151772,-0.115106,-0.0374778,-0.0519936,-0.0261579,0.14472,0.18671,0.171784,-0.21775,-0.207111,0.235173,0.229335,-0.335893,0.303522,-0.0964513,-0.142707,-0.379617,-0.29093,-0.135382,0.125222,-0.0335428,-0.169231,-0.190097,-0.188871,-0.00857614,0.193288,-0.199659,-0.0370147,-0.0511793,-0.0365574,0.125253,0.188273,0.228046,-0.285874,-0.207149,0.220568,0.266766,-0.33114,0.298972,0.204318,0.694989,-0.392669,-0.299425,0.0649252,-0.239771,-0.0335678,-0.169207,0.9982,0.000931385,0.0534272,0.0272396,-0.651067,-0.017953,-0.00767304,0.758769
-0.114725,-0.291819,-0.0516786,-0.0837612,-0.202379,-0.0370147,-0.0511793,0,-0.0561836,-0.0919379,0.228046,-0.285874,0,0.123875,0.332868,-0.33114,0.298972,-0.067636,0.100564,-0.392669,-0.299425,0.00693315,0.152668,-0.0335678,-0.169207,0,0,0,0,0,0,0,0,0,0,0,0,0,0,0,0,0,0,0,0,0,0,0,0,0,0,0,0,0.998095,0.054311,-0.0540703,0.998497,-0.0296975,0.00735665,0.00255348,-0.00235125,-0.00120625,-0.170359,-0.161549,-0.00767767,0.151745,-0.115155,-0.0374456,-0.0519149,-0.0259415,0.144649,0.1867,0.0217626,-0.0677685,-0.207348,0.115184,0.109704,-0.335896,0.303522,-0.0363589,-0.0827522,-0.129614,-0.0409131,-0.135391,0.125268,-0.0335428,-0.169231,-0.00385342,-0.0147828,-0.00221777,-0.00127732,-0.00243312,0.00161383,0.00386227,0.0106303,-0.0035056,-0.000502251,-0.00108502,-0.000897772,-0.0112361,0.000680724,0.018413,-0.000143338,-7.78366e-06,0.00459007,-0.00224841,0.000139429,0.0008546,-0.000489336,0.00230272,-1.26539e-06,-1.59686e-06,-0.26044,-0.258661,-0.0429111,0.966861,-0.997917,-0.181706,0.626343,0.940213,-1.03695,0.200473,0.293421,0.522801,1.50615,0.324328,-1.19649,-0.260688,-0.259567,-0.0429362,0.967269,-0.997531,-0.180633,0.626401,0.939112,-1.03814,0.199842,0.293326,0.517187,1.50248,0.323996,-1.19418,-0.230359,-0.221549,-0.00767767,0.151745,-0.115155,-0.0374456,-0.0519149,-0.0259414,0.144649,0.1867,0.171763,-0.217769,-0.207348,0.235184,0.229704,-0.335896,0.303522,-0.0963589,-0.142752,-0.379614,-0.290913,-0.135391,0.125268,-0.0335428,-0.169231,-0.19022,-0.189331,-0.00858222,0.193372,-0.199583,-0.0370147,-0.0511793,-0.0363412,0.125269,0.188043,0.228046,-0.285874,-0.207389,0.220237,0.26671,-0.33114,0.298972,0.2014,0.693076,-0.392669,-0.299425,0.0648656,-0.239298,-0.0335678,-0.169207,0.998201,0.000958025,0.0534055,0.0272262,-0.651067,-0.017953,-0.00767304,0.758769
-0.114725,-0.291819,-0.0516786,-0.0837612,-0.202379,-0.0370147,-0.0511793,0,-0.0561836,-0.0919379,0.228046,-0.285874,0,0.123875,0.332868,-0.33114,0.298972,-0.067636,0.100564,-0.392669,-0.299425,0.00693315,0.152668,-0.0335678,-0.169207,0,0,0,0,0,0,0,0,0,0,0,0,0,0,0,0,0,0,0,0,0,0,0,0,0,0,0,0,0.998096,0.0542805,-0.054041,0.998499,-0.0297375,0.00730413,0.00253222,-0.00224131,-0.00129507,-0.170439,-0.161847,-0.00771955,0.151721,-0.115203,-0.037414,-0.0518397,-0.0257283,0.144579,0.186691,0.0217411,-0.0677864,-0.207588,0.115201,0.110074,-0.335899,0.303522,-0.03627,-0.082799,-0.129612,-0.0408968,-0.135401,0.125314,-0.0335428,-0.169231,-0.00401036,-0.0148626,-0.00200339,-0.00118552,-0.00236548,0.00158069,0.00367097,0.0104536,-0.00349342,-0.00046765,-0.00106884,-0.000880882,-0.0113602,0.000929693,0.0184356,-0.000139449,-8.78992e-06,0.00440498,-0.00232201,0.000140863,0.00081915,-0.000539972,0.00230934,-1.25955e-06,-1.50773e-06,-0.260688,-0.259567,-0.0429362,0.967269,-0.997531,-0.180633,0.626401,0.939112,-1.03814,0.199842,0.293326,0.517187,1.50248,0.323996,-1.19418,-0.26093,-0.260458,-0.0429502,0.96765,-0.997164,-0.179572,0.62643,0.93807,-1.03933,0.199255,0.293243,0.511834,1.49897,0.323643,-1.19194,-0.230439,-0.221847,-0.00771955,0.151721,-0.115203,-0.037414,-0.0518397,-0.0257283,0.144579,0.186691,0.171741,-0.217786,-0.207588,0.235201,0.230074,-0.335899,0.303522,-0.09627,-0.142799,-0.379612,-0.290897,-0.135401,0.125314,-0.0335428,-0.169231,-0.190344,-0.189784,-0.00858724,0.193454,-0.199506,-0.0370147,-0.0511793,-0.0361265,0.12528,0.187822,0.228046,-0.285874,-0.207628,0.219921,0.266663,-0.33114,0.298972,0.198593,0.691239,-0.392669,-0.299425,0.0647993,-0.238836,-0.0335678,-0.169207,0.998203,0.000984408,0.0533849,0.0272119,-0.651067,-0.017953,-0.00767304,0.758769
-0.114725,-0.291819,-0.0516786,-0.0837612,-0.202379,-0.0370147,-0.0511793,0,-0.0561836,-0.0919379,0.228046,-0.285874,0,0.123875,0.332868,-0.33114,0.298972,-0.067636,0.100564,-0.392669,-0.299425,0.00693315,0.152668,-0.0335678,-0.169207,0,0,0,0,0,0,0,0,0,0,0,0,0,0,0,0,0,0,0,0,0,0,0,0,0,0,0,0,0.998096,0.0542482,-0.0540099,0.998501,-0.0297753,0.0072527,0.00249189,-0.00211788,-0.00139381,-0.170521,-0.162146,-0.00775665,0.151698,-0.115249,-0.0373831,-0.0517687,-0.0255187,0.144509,0.186682,0.0217199,-0.067804,-0.207828,0.115223,0.110444,-0.335902,0.303521,-0.036185,-0.0828468,-0.129609,-0.0408811,-0.135413,0.125361,-0.0335429,-0.169231,-0.00413844,-0.014872,-0.00174708,-0.00107646,-0.00229053,0.00155016,0.00344941,0.010285,-0.00346431,-0.000450912,-0.00104507,-0.000857512,-0.0113013,0.00116727,0.0183596,-0.000134397,-9.1412e-06,0.00419571,-0.0023576,0.000144413,0.00078079,-0.000591503,0.00229444,-1.03145e-06,-1.25851e-06,-0.26093,-0.260458,-0.0429502,0.96765,-0.997164,-0.179572,0.62643,0.93807,-1.03933,0.199255,0.293243,0.511834,1.49897,0.323643,-1.19194,-0.261164,-0.26133,-0.0429536,0.968001,-0.996826,-0.178532,0.626426,0.937098,-1.04049,0.198713,0.293172,0.506763,1.49565,0.323271,-1.18982,-0.230521,-0.222146,-0.00775665,0.151698,-0.115249,-0.0373831,-0.0517687,-0.0255187,0.144509,0.186682,0.17172,-0.217804,-0.207828,0.235223,0.230444,-0.335902,0.303521,-0.096185,-0.142847,-0.379609,-0.290881,-0.135413,0.125361,-0.0335429,-0.169231,-0.190465,-0.190229,-0.00859004,0.19353,-0.199433,-0.0370147,-0.0511793,-0.0359145,0.125286,0.187614,0.228046,-0.285874,-0.207865,0.219627,0.266622,-0.33114,0.298972,0.195917,0.689487,-0.392669,-0.299425,0.0647287,-0.238389,-0.0335678,-0.169207,0.998204,0.00101032,0.0533654,0.0271967,-0.651067,-0.017953,-0.00767304,0.758769
-0.114725,-0.291819,-0.0516786,-0.0837612,-0.202379,-0.0370147,-0.0511793,0,-0.0561836,-0.0919379,0.228046,-0.285874,0,0.123875,0.332868,-0.33114,0.298972,-0.067636,0.100564,-0.392669,-0.299425,0.00693315,0.152668,-0.0335678,-0.169207,0,0,0,0,0,0,0,0,0,0,0,0,0,0,0,0,0,0,0,0,0,0,0,0,0,0,0,0,0.998097,0.054214,-0.0539769,0.998503,-0.0298106,0.00720276,0.00243392,-0.00198301,-0.0014944,-0.170606,-0.162444,-0.00778825,0.151678,-0.115294,-0.0373528,-0.0517024,-0.0253124,0.14444,0.186673,0.0216994,-0.0678209,-0.208065,0.11525,0.11081,-0.335904,0.303521,-0.0361044,-0.0828948,-0.129606,-0.0408663,-0.135425,0.125407,-0.0335429,-0.169231,-0.00424266,-0.0148041,-0.00146059,-0.000953687,-0.00221411,0.00152045,0.00320243,0.0101293,-0.00342739,-0.000461596,-0.00101467,-0.00082984,-0.0110104,0.00139858,0.0181754,-0.000129087,-9.69786e-06,0.00396121,-0.00236015,0.000148864,0.000734858,-0.000643545,0.00227032,-8.13902e-07,-1.01237e-06,-0.261164,-0.26133,-0.0429536,0.968001,-0.996826,-0.178532,0.626426,0.937098,-1.04049,0.198713,0.293172,0.506763,1.49565,0.323271,-1.18982,-0.26139,-0.262179,-0.042947,0.968319,-0.996518,-0.177518,0.626385,0.9362,-1.04162,0.198217,0.293111,0.501989,1.49252,0.32288,-1.18781,-0.230606,-0.222444,-0.00778825,0.151678,-0.115294,-0.0373528,-0.0517024,-0.0253124,0.14444,0.186673,0.171699,-0.217821,-0.208065,0.23525,0.23081,-0.335904,0.303521,-0.0961044,-0.142895,-0.379606,-0.290866,-0.135425,0.125407,-0.0335429,-0.169231,-0.190582,-0.190665,-0.00859072,0.1936,-0.199365,-0.0370147,-0.0511793,-0.0357063,0.125285,0.18742,0.228046,-0.285874,-0.208098,0.219357,0.266586,-0.33114,0.298972,0.193382,0.687825,-0.392669,-0.299425,0.0646542,-0.237964,-0.0335678,-0.169207,0.998206,0.00103557,0.0533471,0.0271806,-0.651067,-0.017953,-0.00767304,0.758769
-0.114725,-0.291819,-0.0516786,-0.0837612,-0.202379,-0.0370147,-0.0511793,0,-0.0561836,-0.0919379,0.228046,-0.285874,0,0.123875,0.332868,-0.33114,0.298972,-0.067636,0.100564,-0.392669,-0.299425,0.00693315,0.152668,-0.0335678,-0.169207,0,0,0,0,0,0,0,0,0,0,0,0,0,0,0,0,0,0,0,0,0,0,0,0,0,0,0,0,0.998098,0.054178,-0.053942,0.998506,-0.0298433,0.00715466,0.0023594,-0.00183594,-0.00158883,-0.170693,-0.16274,-0.00781391,0.15166,-0.115337,-0.0373231,-0.0516413,-0.0251094,0.144372,0.186664,0.0216795,-0.0678373,-0.208293,0.115281,0.111172,-0.335907,0.303521,-0.0360288,-0.0829426,-0.129603,-0.0408525,-0.135439,0.125452,-0.0335429,-0.169231,-0.00432923,-0.014657,-0.00115523,-0.00082071,-0.00214033,0.00148852,0.00293517,0.00995547,-0.00339237,-0.000507961,-0.000978793,-0.000799418,-0.0105661,0.0016244,0.0178765,-0.000123598,-1.08513e-05,0.00370356,-0.00233001,0.000152869,0.000680074,-0.000695446,0.00224335,-6.48349e-07,-7.99858e-07,-0.26139,-0.262179,-0.042947,0.968319,-0.996518,-0.177518,0.626385,0.9362,-1.04162,0.198217,0.293111,0.501989,1.49252,0.32288,-1.18781,-0.261611,-0.262998,-0.0429305,0.968606,-0.996239,-0.17654,0.626306,0.935374,-1.04272,0.197765,0.293063,0.497526,1.48958,0.322474,-1.18594,-0.230693,-0.22274,-0.00781391,0.15166,-0.115337,-0.0373231,-0.0516413,-0.0251094,0.144372,0.186664,0.171679,-0.217837,-0.208293,0.235281,0.231172,-0.335907,0.303521,-0.0960288,-0.142943,-0.379603,-0.290852,-0.135439,0.125452,-0.0335429,-0.169231,-0.190695,-0.191089,-0.0085894,0.193664,-0.199304,-0.0370147,-0.0511793,-0.0355036,0.125277,0.18724,0.228046,-0.285874,-0.208325,0.219109,0.266556,-0.33114,0.298972,0.190994,0.686258,-0.392669,-0.299425,0.0645761,-0.237563,-0.0335678,-0.169207,0.998207,0.00105998,0.0533302,0.0271635,-0.651067,-0.017953,-0.00767304,0.758769
-0.114725,-0.291819,-0.0516786,-0.0837612,-0.202379,-0.0370147,-0.0511793,0,-0.0561836,-0.0919379,0.228046,-0.285874,0,0.123875,0.332868,-0.33114,0.298972,-0.067636,0.100564,-0.392669,-0.299425,0.00693315,0.152668,-0.0335678,-0.169207,0,0,0,0,0,0,0,0,0,0,0,0,0,0,0,0,0,0,0,0,0,0,0,0,0,0,0,0,0.998099,0.0541405,-0.0539056,0.998508,-0.0298731,0.00710872,0.0022697,-0.00167542,-0.00167105,-0.170781,-0.163032,-0.00783335,0.151645,-0.115379,-0.0372941,-0.0515858,-0.0249107,0.144304,0.186653,0.0216604,-0.0678531,-0.208511,0.115317,0.111526,-0.335909,0.303521,-0.0359585,-0.0829893,-0.1296,-0.0408399,-0.135453,0.125497,-0.0335429,-0.169231,-0.0044023,-0.0144335,-0.000840419,-0.000681054,-0.00207211,0.00145183,0.00265238,0.00971224,-0.00336573,-0.00059444,-0.000938529,-0.000767239,-0.0100664,0.00184218,0.0174635,-0.00011787,-1.25869e-05,0.00342671,-0.00226787,0.000155597,0.000617677,-0.000746346,0.00221679,-4.81936e-07,-5.76108e-07,-0.261611,-0.262998,-0.0429305,0.968606,-0.996239,-0.17654,0.626306,0.935374,-1.04272,0.197765,0.293063,0.497526,1.48958,0.322474,-1.18594,-0.261824,-0.263784,-0.0429031,0.968858,-0.995983,-0.175603,0.62619,0.934619,-1.04376,0.197359,0.293029,0.493391,1.48684,0.322056,-1.18421,-0.230781,-0.223032,-0.00783335,0.151645,-0.115379,-0.0372941,-0.0515858,-0.0249107,0.144304,0.186653,0.17166,-0.217853,-0.208511,0.235317,0.231526,-0.335909,0.30352,-0.0959585,-0.142989,-0.3796,-0.29084,-0.135453,0.125497,-0.0335429,-0.169231,-0.190805,-0.191499,-0.00858611,0.193721,-0.199248,-0.0370147,-0.0511793,-0.0353079,0.125261,0.187075,0.228046,-0.285874,-0.208543,0.218883,0.266532,-0.33114,0.298972,0.188763,0.684788,-0.392669,-0.299425,0.0644948,-0.237189,-0.0335678,-0.169207,0.998208,0.00108338,0.0533148,0.0271456,-0.651067,-0.017953,-0.00767304,0.758769
-0.114725,-0.291819,-0.0516786,-0.0837612,-0.202379,-0.0370147,-0.0511793,0,-0.0561836,-0.0919379,0.228046,-0.285874,0,0.123875,0.332868,-0.33114,0.298972,-0.067636,0.100564,-0.392669,-0.299425,0.00693315,0.152668,-0.0335678,-0.169207,0,0,0,0,0,0,0,0,0,0,0,0,0,0,0,0,0,0,0,0,0,0,0,0,0,0,0,0,0.9981,0.0541017,-0.0538679,0.99851,-0.0298997,0.00706522,0.00216664,-0.00150014,-0.00173906,-0.170871,-0.163318,-0.00784647,0.151633,-0.11542,-0.0372659,-0.051536,-0.0247182,0.144237,0.18664,0.0216421,-0.0678682,-0.208718,0.115356,0.111871,-0.335912,0.30352,-0.0358938,-0.0830344,-0.129597,-0.0408285,-0.135469,0.125541,-0.033543,-0.169231,-0.0044657,-0.0141409,-0.000521846,-0.000537431,-0.0020109,0.00140788,0.00235758,0.00935509,-0.00334968,-0.000719633,-0.000894776,-0.000733961,-0.00955815,0.00205031,0.0169427,-0.000111841,-1.47106e-05,0.00313415,-0.002175,0.000156585,0.000549913,-0.000795381,0.00219259,-2.88917e-07,-3.22495e-07,-0.261824,-0.263784,-0.0429031,0.968858,-0.995983,-0.175603,0.62619,0.934619,-1.04376,0.197359,0.293029,0.493391,1.48684,0.322056,-1.18421,-0.262032,-0.264532,-0.0428649,0.969073,-0.995749,-0.174714,0.626038,0.933931,-1.04474,0.196999,0.293009,0.489601,1.48432,0.321631,-1.18261,-0.230871,-0.223318,-0.00784647,0.151633,-0.11542,-0.0372659,-0.051536,-0.0247182,0.144237,0.18664,0.171642,-0.217868,-0.208718,0.235356,0.231871,-0.335912,0.30352,-0.0958938,-0.143034,-0.379597,-0.290829,-0.135469,0.125541,-0.033543,-0.169231,-0.190912,-0.191892,-0.00858063,0.193772,-0.199197,-0.0370147,-0.0511793,-0.0351206,0.125238,0.186924,0.228046,-0.285874,-0.208751,0.218679,0.266515,-0.33114,0.298972,0.186695,0.683422,-0.392669,-0.299425,0.0644112,-0.236841,-0.0335678,-0.169207,0.998209,0.00110563,0.053301,0.0271271,-0.651067,-0.017953,-0.00767304,0.758769
-0.114725,-0.291819,-0.0516786,-0.0837612,-0.202379,-0.0370147,-0.0511793,0,-0.0561836,-0.0919379,0.228046,-0.285874,0,0.123875,0.332868,-0.33114,0.298972,-0.067636,0.100564,-0.392669,-0.299425,0.00693315,0.152668,-0.0335678,-0.169207,0,0,0,0,0,0,0,0,0,0,0,0,0,0,0,0,0,0,0,0,0,0,0,0,0,0,0,0,0.998102,0.0540619,-0.0538292,0.998513,-0.0299229,0.00702441,0.00205249,-0.00131042,-0.0017936,-0.170962,-0.163599,-0.00785322,0.151624,-0.11546,-0.0372387,-0.0514922,-0.0245345,0.144169,0.186624,0.0216247,-0.0678826,-0.208914,0.1154,0.112205,-0.335914,0.30352,-0.0358351,-0.0830773,-0.129595,-0.0408186,-0.135485,0.125585,-0.033543,-0.169231,-0.00451989,-0.0137859,-0.00020378,-0.000392415,-0.00195799,0.00135543,0.00205339,0.00886712,-0.00334274,-0.000879594,-0.000848435,-0.000699979,-0.00902887,0.002246,0.0163217,-0.00010551,-1.69351e-05,0.00282981,-0.00205304,0.000156067,0.000479479,-0.000841761,0.00217195,-5.65386e-08,-2.49389e-08,-0.262032,-0.264532,-0.0428649,0.969073,-0.995749,-0.174714,0.626038,0.933931,-1.04474,0.196999,0.293009,0.489601,1.48432,0.321631,-1.18261,-0.262232,-0.265241,-0.0428171,0.969252,-0.995532,-0.17388,0.625853,0.933309,-1.04567,0.196688,0.293004,0.48617,1.48203,0.321204,-1.18115,-0.230962,-0.223599,-0.00785322,0.151624,-0.11546,-0.0372387,-0.0514922,-0.0245345,0.144169,0.186624,0.171625,-0.217883,-0.208914,0.2354,0.232205,-0.335914,0.30352,-0.0958351,-0.143077,-0.379595,-0.290819,-0.135485,0.125585,-0.033543,-0.169231,-0.191016,-0.192266,-0.00857298,0.193815,-0.19915,-0.0370147,-0.0511793,-0.0349429,0.125208,0.186786,0.228046,-0.285874,-0.208948,0.2185,0.266505,-0.33114,0.298972,0.184801,0.682162,-0.392669,-0.299425,0.0643262,-0.236522,-0.0335678,-0.169207,0.99821,0.00112661,0.0532889,0.027108,-0.651067,-0.017953,-0.00767304,0.758769
-0.114725,-0.291819,-0.0516786,-0.0837612,-0.202379,-0.0370147,-0.0511793,0,-0.0561836,-0.0919379,0.228046,-0.285874,0,0.123875,0.332868,-0.33114,0.298972,-0.067636,0.100564,-0.392669,-0.299425,0.00693315,0.152668,-0.0335678,-0.169207,0,0,0,0,0,0,0,0,0,0,0,0,0,0,0,0,0,0,0,0,0,0,0,0,0,0,0,0,0.998103,0.0540215,-0.0537897,0.998515,-0.0299425,0.00698648,0.00192949,-0.00110793,-0.00183739,-0.171053,-0.163871,-0.00785368,0.151618,-0.115498,-0.0372126,-0.0514546,-0.024362,0.144102,0.186605,0.0216083,-0.0678963,-0.209098,0.115448,0.112524,-0.335916,0.303519,-0.0357826,-0.0831174,-0.129592,-0.04081,-0.135502,0.125628,-0.033543,-0.169231,-0.00456439,-0.0133757,0.000110547,-0.00024766,-0.00191383,0.00129414,0.00174164,0.00825677,-0.0033414,-0.00106818,-0.000800002,-0.000665345,-0.0084542,0.00242834,0.0156109,-9.88646e-05,-1.90289e-05,0.00251621,-0.00190451,0.000154256,0.000408448,-0.000884975,0.00215549,2.07364e-07,3.06793e-07,-0.262232,-0.265241,-0.0428171,0.969252,-0.995532,-0.17388,0.625853,0.933309,-1.04567,0.196688,0.293004,0.48617,1.48203,0.321204,-1.18115,-0.262427,-0.265905,-0.0427595,0.969393,-0.995334,-0.173108,0.625637,0.932753,-1.04653,0.196424,0.293012,0.48311,1.47996,0.320779,-1.17983,-0.231053,-0.223871,-0.00785368,0.151618,-0.115498,-0.0372126,-0.0514546,-0.024362,0.144102,0.186605,0.171608,-0.217896,-0.209098,0.235448,0.232524,-0.335916,0.303519,-0.0957826,-0.143117,-0.379592,-0.29081,-0.135502,0.125628,-0.033543,-0.169231,-0.191116,-0.19262,-0.00856342,0.19385,-0.199106,-0.0370147,-0.0511793,-0.0347761,0.125171,0.186662,0.228046,-0.285874,-0.209134,0.218344,0.266502,-0.33114,0.298972,0.183085,0.681013,-0.392669,-0.299425,0.0642407,-0.236229,-0.0335678,-0.169207,0.998212,0.00114622,0.0532787,0.0270886,-0.651067,-0.017953,-0.00767304,0.758769
-0.114725,-0.291819,-0.0516786,-0.0837612,-0.202379,-0.0370147,-0.0511793,0,-0.0561836,-0.0919379,0.228046,-0.285874,0,0.123875,0.332868,-0.33114,0.298972,-0.067636,0.100564,-0.392669,-0.299425,0.00693315,0.152668,-0.0335678,-0.169207,0,0,0,0,0,0,0,0,0,0,0,0,0,0,0,0,0,0,0,0,0,0,0,0,0,0,0,0,0.998105,0.0539806,-0.0537497,0.998518,-0.0299582,0.00695159,0.00180003,-0.00089542,-0.00187354,-0.171146,-0.164135,-0.00784795,0.151614,-0.115536,-0.0371878,-0.0514233,-0.024203,0.144035,0.186582,0.0215929,-0.0679093,-0.20927,0.115499,0.112829,-0.335918,0.303519,-0.0357363,-0.0831542,-0.129589,-0.0408029,-0.135521,0.125671,-0.033543,-0.169231,-0.00459586,-0.0129154,0.000418488,-0.000105159,-0.00187925,0.00122386,0.0014249,0.00755243,-0.00334097,-0.00127958,-0.000750025,-0.000630037,-0.00781275,0.00259359,0.0148191,-9.20417e-05,-2.10168e-05,0.00219726,-0.00173139,0.000151604,0.00033795,-0.000924574,0.00214361,4.73716e-07,6.41871e-07,-0.262427,-0.265905,-0.0427595,0.969393,-0.995334,-0.173108,0.625637,0.932753,-1.04653,0.196424,0.293012,0.48311,1.47996,0.320779,-1.17983,-0.262617,-0.266522,-0.0426932,0.969496,-0.995151,-0.172404,0.625393,0.932261,-1.04732,0.196207,0.293034,0.480431,1.47812,0.32036,-1.17865,-0.231146,-0.224135,-0.00784795,0.151614,-0.115536,-0.0371878,-0.0514233,-0.024203,0.144035,0.186582,0.171593,-0.217909,-0.20927,0.235499,0.232829,-0.335918,0.303519,-0.0957363,-0.143154,-0.379589,-0.290803,-0.135521,0.125671,-0.033543,-0.169231,-0.191214,-0.192952,-0.0085519,0.193879,-0.199067,-0.0370147,-0.0511793,-0.0346217,0.125127,0.186551,0.228046,-0.285874,-0.209306,0.218212,0.266506,-0.33114,0.298972,0.181555,0.679978,-0.392669,-0.299425,0.0641558,-0.235966,-0.0335678,-0.169207,0.998212,0.00116438,0.0532704,0.0270688,-0.651067,-0.017953,-0.00767304,0.758769
-0.114725,-0.291819,-0.0516786,-0.0837612,-0.202379,-0.0370147,-0.0511793,0,-0.0561836,-0.0919379,0.228046,-0.285874,0,0.123875,0.332868,-0.33114,0.298972,-0.067636,0.100564,-0.392669,-0.299425,0.00693315,0.152668,-0.0335678,-0.169207,0,0,0,0,0,0,0,0,0,0,0,0,0,0,0,0,0,0,0,0,0,0,0,0,0,0,0,0,0.998107,0.0539393,-0.0537093,0.99852,-0.0299699,0.00691984,0.00166633,-0.000676081,-0.00190471,-0.171239,-0.164389,-0.00783618,0.151614,-0.115573,-0.0371646,-0.0513983,-0.024059,0.143968,0.186554,0.0215785,-0.0679216,-0.209427,0.115553,0.113117,-0.33592,0.303518,-0.0356964,-0.0831873,-0.129586,-0.0407972,-0.135539,0.125714,-0.033543,-0.169231,-0.00461142,-0.0124104,0.000717,3.34091e-05,-0.00185481,0.00114471,0.0011057,0.00679146,-0.00333745,-0.00150839,-0.000698683,-0.000593811,-0.00710356,0.00273928,0.0139565,-8.50767e-05,-2.2897e-05,0.00187621,-0.00153624,0.000148094,0.000268509,-0.000960248,0.00213651,7.33233e-07,9.67606e-07,-0.262617,-0.266522,-0.0426932,0.969496,-0.995151,-0.172404,0.625393,0.932261,-1.04732,0.196207,0.293034,0.480431,1.47812,0.32036,-1.17865,-0.262802,-0.267088,-0.042618,0.969559,-0.994982,-0.171774,0.625124,0.931828,-1.04803,0.196036,0.293071,0.478137,1.47652,0.319951,-1.17762,-0.231239,-0.224389,-0.00783618,0.151614,-0.115573,-0.0371646,-0.0513983,-0.024059,0.143968,0.186554,0.171578,-0.217922,-0.209427,0.235553,0.233117,-0.33592,0.303518,-0.0956964,-0.143187,-0.379586,-0.290797,-0.135539,0.125714,-0.033543,-0.169231,-0.191308,-0.193261,-0.00853864,0.193899,-0.19903,-0.0370147,-0.0511793,-0.0344808,0.125079,0.186452,0.228046,-0.285874,-0.209464,0.218103,0.266517,-0.33114,0.298972,0.180215,0.67906,-0.392669,-0.299425,0.0640719,-0.235731,-0.0335678,-0.169207,0.998213,0.00118103,0.0532642,0.0270488,-0.651067,-0.017953,-0.00767304,0.758769
-0.114725,-0.291819,-0.0516786,-0.0837612,-0.202379,-0.0370147,-0.0511793,0,-0.0561836,-0.0919379,0.228046,-0.285874,0,0.123875,0.332868,-0.33114,0.298972,-0.067636,0.100564,-0.392669,-0.299425,0.00693315,0.152668,-0.0335678,-0.169207,0,0,0,0,0,0,0,0,0,0,0,0,0,0,0,0,0,0,0,0,0,0,0,0,0,0,0,0,0.998109,0.0538978,-0.0536686,0.998523,-0.0299775,0.00689129,0.00153006,-0.000452833,-0.00193016,-0.171332,-0.164632,-0.00781864,0.151616,-0.11561,-0.037143,-0.0513798,-0.0239308,0.143901,0.186521,0.0215651,-0.0679332,-0.209568,0.11561,0.113387,-0.335921,0.303518,-0.0356628,-0.0832162,-0.129583,-0.0407928,-0.135559,0.125757,-0.033543,-0.169231,-0.00460954,-0.0118649,0.00100051,0.00016615,-0.0018413,0.00105631,0.000787521,0.00600526,-0.00333109,-0.00175354,-0.000645796,-0.000556132,-0.00633328,0.0028629,0.0130321,-7.79957e-05,-2.47524e-05,0.00155669,-0.00132166,0.000143422,0.000200126,-0.000991618,0.00213425,9.54816e-07,1.25102e-06,-0.262802,-0.267088,-0.042618,0.969559,-0.994982,-0.171774,0.625124,0.931828,-1.04803,0.196036,0.293071,0.478137,1.47652,0.319951,-1.17762,-0.262983,-0.267602,-0.042534,0.969584,-0.994825,-0.17122,0.62483,0.931452,-1.04867,0.19591,0.293122,0.476232,1.47515,0.319557,-1.17673,-0.231332,-0.224632,-0.00781864,0.151616,-0.11561,-0.037143,-0.0513798,-0.0239308,0.143901,0.186521,0.171565,-0.217933,-0.209568,0.23561,0.233387,-0.335921,0.303518,-0.0956628,-0.143216,-0.379583,-0.290793,-0.135559,0.125757,-0.033543,-0.169231,-0.191401,-0.193544,-0.0085236,0.193912,-0.198996,-0.0370147,-0.0511793,-0.0343547,0.125025,0.186366,0.228046,-0.285874,-0.209607,0.218018,0.266536,-0.33114,0.298972,0.179068,0.678258,-0.392669,-0.299425,0.0639902,-0.235524,-0.0335678,-0.169207,0.998214,0.00119614,0.0532601,0.0270287,-0.651067,-0.017953,-0.00767304,0.758769
-0.114725,-0.291819,-0.0516786,-0.0837612,-0.202379,-0.0370147,-0.0511793,0,-0.0561836,-0.0919379,0.228046,-0.285874,0,0.123875,0.332868,-0.33114,0.298972,-0.067636,0.100564,-0.392669,-0.299425,0.00693315,0.152668,-0.0335678,-0.169207,0,0,0,0,0,0,0,0,0,0,0,0,0,0,0,0,0,0,0,0,0,0,0,0,0,0,0,0,0.998111,0.053852,-0.0536236,0.998525,-0.0299811,0.00686363,0.00137776,-0.000221633,-0.00195761,-0.171434,-0.164886,-0.0077931,0.151621,-0.11565,-0.0371213,-0.0513666,-0.0238084,0.143827,0.186479,0.0215517,-0.0679449,-0.209703,0.115675,0.113662,-0.335923,0.303517,-0.035633,-0.0832426,-0.12958,-0.0407895,-0.135581,0.125804,-0.033543,-0.169231,-0.0045399,-0.0111748,0.00129094,0.000306366,-0.00184239,0.000965277,0.000446827,0.00508673,-0.00329609,-0.00204562,-0.000587406,-0.000509385,-0.0051007,0.00294027,0.0119103,-6.94934e-05,-2.45787e-05,0.00122643,-0.00104508,0.000142825,0.000135383,-0.00102133,0.00213446,1.39449e-06,1.95329e-06,-0.262983,-0.267602,-0.042534,0.969584,-0.994825,-0.17122,0.62483,0.931452,-1.04867,0.19591,0.293122,0.476232,1.47515,0.319557,-1.17673,-0.263174,-0.268087,-0.0424293,0.969553,-0.994687,-0.170701,0.624463,0.931141,-1.04924,0.195832,0.293196,0.47469,1.474,0.319131,-1.176,-0.231434,-0.224886,-0.0077931,0.151621,-0.11565,-0.0371213,-0.0513666,-0.0238084,0.143827,0.186479,0.171552,-0.217945,-0.209703,0.235675,0.233662,-0.335923,0.303517,-0.095633,-0.143243,-0.37958,-0.290789,-0.135581,0.125804,-0.033543,-0.169231,-0.191492,-0.193801,-0.0085068,0.193917,-0.198965,-0.0370147,-0.0511793,-0.0342439,0.124966,0.18629,0.228046,-0.285874,-0.209733,0.217955,0.266561,-0.33114,0.298972,0.178116,0.677574,-0.392669,-0.299425,0.0639114,-0.235347,-0.0335678,-0.169207,0.998215,0.00121096,0.0532581,0.0270064,-0.651067,-0.017953,-0.00767304,0.758769
-0.114725,-0.291819,-0.0516786,-0.0837612,-0.202379,-0.0370147,-0.0511793,0,-0.0561836,-0.0919379,0.228046,-0.285874,0,0.123875,0.332868,-0.33114,0.298972,-0.067636,0.100564,-0.392669,-0.299425,0.00693315,0.152668,-0.0335678,-0.169207,0,0,0,0,0,0,0,0,0,0,0,0,0,0,0,0,0,0,0,0,0,0,0,0,0,0,0,0,0.998113,0.0538144,-0.0535866,0.998528,-0.0299807,0.00684393,0.00125135,-1.73539e-05,-0.00196474,-0.171516,-0.165082,-0.00776766,0.151628,-0.115684,-0.0371053,-0.0513613,-0.0237233,0.143767,0.18644,0.0215416,-0.0679538,-0.209792,0.115729,0.113868,-0.335924,0.303517,-0.035614,-0.0832595,-0.129578,-0.0407879,-0.1356,0.125843,-0.033543,-0.169231,-0.00453304,-0.0106467,0.00151009,0.000412725,-0.00184671,0.000846692,0.000174357,0.00442938,-0.00330651,-0.00229265,-0.000534851,-0.000473574,-0.00467459,0.00302443,0.0110081,-6.4805e-05,-2.96207e-05,0.000939423,-0.000831705,0.000130376,6.44529e-05,-0.00104351,0.00214286,8.08399e-07,8.87678e-07,-0.263174,-0.268087,-0.0424293,0.969553,-0.994687,-0.170701,0.624463,0.931141,-1.04924,0.195832,0.293196,0.47469,1.474,0.319131,-1.176,-0.263339,-0.268469,-0.0423421,0.96953,-0.994538,-0.170357,0.624172,0.930854,-1.04967,0.195775,0.293263,0.473555,1.47307,0.318821,-1.17538,-0.231516,-0.225082,-0.00776766,0.151628,-0.115684,-0.0371053,-0.0513613,-0.0237233,0.143767,0.18644,0.171542,-0.217954,-0.209792,0.235729,0.233868,-0.335924,0.303517,-0.095614,-0.143259,-0.379578,-0.290788,-0.1356,0.125843,-0.033543,-0.169231,-0.191587,-0.194043,-0.00848585,0.193911,-0.198937,-0.0370147,-0.0511793,-0.0341403,0.124893,0.186228,0.228046,-0.285874,-0.209848,0.217916,0.266598,-0.33114,0.298972,0.177345,0.676999,-0.392669,-0.299425,0.0638261,-0.235199,-0.0335678,-0.169207,0.998215,0.00122167,0.0532581,0.026988,-0.651067,-0.017953,-0.00767304,0.758769
-0.114725,-0.291819,-0.0516786,-0.0837612,-0.202379,-0.0370147,-0.0511793,0,-0.0561836,-0.0919379,0.228046,-0.285874,0,0.123875,0.332868,-0.33114,0.298972,-0.067636,0.100564,-0.392669,-0.299425,0.00693315,0.152668,-0.0335678,-0.169207,0,0,0,0,0,0,0,0,0,0,0,0,0,0,0,0,0,0,0,0,0,0,0,0,0,0,0,0,0.998115,0.053773,-0.0535458,0.99853,-0.0299758,0.0068251,0.00111745,0.000224784,-0.00195674,-0.171607,-0.16529,-0.0077352,0.151637,-0.115721,-0.0370901,-0.0513612,-0.023643,0.143701,0.186391,0.0215316,-0.0679628,-0.209885,0.11579,0.114077,-0.335925,0.303516,-0.0355988,-0.0832738,-0.129575,-0.0407875,-0.135621,0.125886,-0.0335429,-0.169231,-0.0045072,-0.0100443,0.0017187,0.000515311,-0.00186692,0.000717818,-0.000123266,0.00363853,-0.00331129,-0.00257729,-0.000473714,-0.000429798,-0.0041109,0.00307944,0.00997914,-5.53316e-05,-3.12214e-05,0.000642929,-0.000584553,0.000112004,-3.76573e-06,-0.00105859,0.00215573,1.524e-06,2.0105e-06,-0.263339,-0.268469,-0.0423421,0.96953,-0.994538,-0.170357,0.624172,0.930854,-1.04967,0.195775,0.293263,0.473555,1.47307,0.318821,-1.17538,-0.263504,-0.268817,-0.0422267,0.969438,-0.9944,-0.170038,0.623824,0.930613,-1.05004,0.195786,0.293356,0.472799,1.47239,0.318501,-1.17489,-0.231607,-0.22529,-0.0077352,0.151637,-0.115721,-0.0370901,-0.0513612,-0.023643,0.143701,0.186391,0.171532,-0.217963,-0.209885,0.23579,0.234077,-0.335925,0.303516,-0.0955988,-0.143274,-0.379575,-0.290788,-0.135621,0.125886,-0.0335429,-0.169231,-0.19167,-0.194235,-0.00846842,0.193906,-0.198908,-0.0370147,-0.0511793,-0.0340715,0.124834,0.186171,0.228046,-0.285874,-0.209933,0.217888,0.266631,-0.33114,0.298972,0.176777,0.676536,-0.392669,-0.299425,0.0637642,-0.235076,-0.0335678,-0.169207,0.998216,0.0012321,0.0532603,0.0269678,-0.651067,-0.017953,-0.00767304,0.758769
-0.114725,-0.291819,-0.0516786,-0.0837612,-0.202379,-0.0370147,-0.0511793,0,-0.0561836,-0.0919379,0.228046,-0.285874,0,0.123875,0.332868,-0.33114,0.298972,-0.067636,0.100564,-0.392669,-0.299425,0.00693315,0.152668,-0.0335678,-0.169207,0,0,0,0,0,0,0,0,0,0,0,0,0,0,0,0,0,0,0,0,0,0,0,0,0,0,0,0,0.998118,0.0537321,-0.0535054,0.998532,-0.0299666,0.00680935,0.000987207,0.00045021,-0.00195277,-0.171698,-0.165484,-0.00769884,0.151648,-0.115758,-0.0370776,-0.0513668,-0.0235785,0.143634,0.186336,0.0215229,-0.0679709,-0.209961,0.115853,0.114266,-0.335927,0.303515,-0.0355893,-0.0832829,-0.129573,-0.0407885,-0.135642,0.125929,-0.0335429,-0.169231,-0.00444944,-0.00941083,0.00190907,0.000610218,-0.00189759,0.000584047,-0.000403677,0.0028827,-0.00330047,-0.00286248,-0.000412092,-0.000382879,-0.00319669,0.00311225,0.00892373,-4.67639e-05,-3.16625e-05,0.000357395,-0.000324937,9.80279e-05,-6.32815e-05,-0.00107034,0.0021715,1.56627e-06,2.10078e-06,-0.263504,-0.268817,-0.0422267,0.969438,-0.9944,-0.170038,0.623824,0.930613,-1.05004,0.195786,0.293356,0.472799,1.47239,0.318501,-1.17489,-0.263669,-0.269112,-0.0421039,0.969318,-0.994274,-0.169791,0.623443,0.930426,-1.05034,0.195827,0.293457,0.472401,1.47193,0.318196,-1.17455,-0.231698,-0.225484,-0.00769884,0.151648,-0.115758,-0.0370776,-0.0513668,-0.0235784,0.143634,0.186336,0.171523,-0.217971,-0.209961,0.235853,0.234266,-0.335926,0.303515,-0.0955893,-0.143283,-0.379573,-0.290788,-0.135642,0.125929,-0.0335429,-0.169231,-0.191752,-0.194409,-0.00844534,0.193888,-0.19888,-0.0370147,-0.0511793,-0.0340076,0.124765,0.186123,0.228046,-0.285874,-0.210008,0.217893,0.266678,-0.33114,0.298972,0.176399,0.676196,-0.392669,-0.299425,0.0637002,-0.234979,-0.0335678,-0.169207,0.998216,0.00124103,0.0532648,0.0269477,-0.651067,-0.017953,-0.00767304,0.758769
-0.114725,-0.291819,-0.0516786,-0.0837612,-0.202379,-0.0370147,-0.0511793,0,-0.0561836,-0.0919379,0.228046,-0.285874,0,0.123875,0.332868,-0.33114,0.298972,-0.067636,0.100564,-0.392669,-0.299425,0.00693315,0.152668,-0.0335678,-0.169207,0,0,0,0,0,0,0,0,0,0,0,0,0,0,0,0,0,0,0,0,0,0,0,0,0,0,0,0,0.99812,0.0536915,-0.0534654,0.998534,-0.0299533,0.0067966,0.000859631,0.000666145,-0.00194572,-0.171787,-0.165666,-0.00765894,0.151661,-0.115797,-0.0370678,-0.0513778,-0.0235286,0.143567,0.186276,0.0215154,-0.0679781,-0.210017,0.115916,0.114433,-0.335927,0.303515,-0.0355853,-0.0832867,-0.129572,-0.0407905,-0.135664,0.125973,-0.0335429,-0.169231,-0.00437079,-0.00875877,0.00207835,0.000696747,-0.00193698,0.000438505,-0.000661253,0.00218435,-0.0032846,-0.00315147,-0.000349405,-0.000333296,-0.00224827,0.00311999,0.00784969,-3.83356e-05,-3.22494e-05,8.49736e-05,-5.6889e-05,8.29185e-05,-0.000119064,-0.00107917,0.00219049,1.48715e-06,2.06314e-06,-0.263669,-0.269112,-0.0421039,0.969318,-0.994274,-0.169791,0.623443,0.930426,-1.05034,0.195827,0.293457,0.472401,1.47193,0.318196,-1.17455,-0.263831,-0.26935,-0.0419733,0.969166,-0.994156,-0.169621,0.623044,0.93028,-1.05054,0.195902,0.293569,0.472349,1.47167,0.317914,-1.17434,-0.231787,-0.225666,-0.00765894,0.151661,-0.115797,-0.0370678,-0.0513778,-0.0235286,0.143567,0.186276,0.171515,-0.217978,-0.210017,0.235916,0.234433,-0.335927,0.303515,-0.0955853,-0.143287,-0.379572,-0.290791,-0.135664,0.125973,-0.0335429,-0.169231,-0.191834,-0.194556,-0.00842078,0.193864,-0.198855,-0.0370147,-0.0511793,-0.0339582,0.124689,0.186085,0.228046,-0.285874,-0.210067,0.217913,0.266729,-0.33114,0.298972,0.176201,0.675965,-0.392669,-0.299425,0.0636393,-0.23491,-0.0335678,-0.169207,0.998216,0.00124851,0.0532713,0.0269278,-0.651067,-0.017953,-0.00767304,0.758769
-0.114725,-0.291819,-0.0516786,-0.0837612,-0.202379,-0.0370147,-0.0511793,0,-0.0561836,-0.0919379,0.228046,-0.285874,0,0.123875,0.332868,-0.33114,0.298972,-0.067636,0.100564,-0.392669,-0.299425,0.00693315,0.152668,-0.0335678,-0.169207,0,0,0,0,0,0,0,0,0,0,0,0,0,0,0,0,0,0,0,0,0,0,0,0,0,0,0,0,0.998123,0.0536515,-0.0534258,0.998537,-0.0299361,0.00678677,0.000735287,0.00087397,-0.00193283,-0.171874,-0.165834,-0.00761596,0.151676,-0.115836,-0.037061,-0.0513937,-0.0234926,0.143501,0.186209,0.0215092,-0.0679841,-0.210054,0.115978,0.114579,-0.335928,0.303514,-0.0355865,-0.083285,-0.12957,-0.0407936,-0.135685,0.126017,-0.0335429,-0.169231,-0.00427502,-0.00809533,0.00222408,0.000774136,-0.00198455,0.000282264,-0.00089383,0.00151717,-0.00326634,-0.00344431,-0.00028548,-0.000281177,-0.00138855,0.00310166,0.00676502,-2.94314e-05,-3.25855e-05,-0.000171808,0.000217284,6.41771e-05,-0.00017107,-0.00108459,0.00221252,1.46675e-06,2.07957e-06,-0.263831,-0.26935,-0.0419733,0.969166,-0.994156,-0.169621,0.623044,0.93028,-1.05054,0.195902,0.293569,0.472349,1.47167,0.317914,-1.17434,-0.26399,-0.269535,-0.0418339,0.968984,-0.994041,-0.169524,0.622627,0.930166,-1.05066,0.19601,0.293691,0.47263,1.47161,0.317656,-1.17425,-0.231874,-0.225834,-0.00761596,0.151676,-0.115836,-0.037061,-0.0513937,-0.0234926,0.143501,0.186209,0.171509,-0.217984,-0.210054,0.235978,0.234579,-0.335928,0.303514,-0.0955865,-0.143285,-0.37957,-0.290794,-0.135685,0.126017,-0.0335429,-0.169231,-0.191915,-0.194675,-0.00839465,0.193833,-0.198831,-0.0370147,-0.0511793,-0.0339242,0.124609,0.186056,0.228046,-0.285874,-0.210109,0.217951,0.266785,-0.33114,0.298972,0.176174,0.675837,-0.392669,-0.299425,0.0635828,-0.234867,-0.0335678,-0.169207,0.998216,0.00125457,0.0532799,0.0269081,-0.651067,-0.017953,-0.00767304,0.758769
-0.114725,-0.291819,-0.0516786,-0.0837612,-0.202379,-0.0370147,-0.0511793,0,-0.0561836,-0.0919379,0.228046,-0.285874,0,0.123875,0.332868,-0.33114,0.298972,-0.067636,0.100564,-0.392669,-0.299425,0.00693315,0.152668,-0.0335678,-0.169207,0,0,0,0,0,0,0,0,0,0,0,0,0,0,0,0,0,0,0,0,0,0,0,0,0,0,0,0,0.998126,0.0536121,-0.0533868,0.998539,-0.0299151,0.00677975,0.000614936,0.001075,-0.00191119,-0.171959,-0.165989,-0.00757042,0.151692,-0.115876,-0.0370574,-0.0514139,-0.02347,0.143435,0.186137,0.0215042,-0.0679892,-0.210074,0.11604,0.114702,-0.335929,0.303513,-0.0355926,-0.0832778,-0.129569,-0.0407977,-0.135707,0.126061,-0.0335429,-0.169231,-0.00416879,-0.00742969,0.00234261,0.000841604,-0.00203964,0.000116486,-0.00110135,0.000855507,-0.00325074,-0.00374118,-0.000220126,-0.000226669,-0.00062125,0.00306003,0.00568049,-1.98835e-05,-3.23886e-05,-0.000411069,0.000494677,4.10592e-05,-0.000218751,-0.00108635,0.00223732,1.47738e-06,2.12178e-06,-0.26399,-0.269535,-0.0418339,0.968984,-0.994041,-0.169524,0.622627,0.930166,-1.05066,0.19601,0.293691,0.47263,1.47161,0.317656,-1.17425,-0.264147,-0.269668,-0.0416857,0.968773,-0.993929,-0.169497,0.622194,0.93008,-1.0507,0.19615,0.293822,0.473228,1.47174,0.317425,-1.17427,-0.231959,-0.225989,-0.00757042,0.151692,-0.115876,-0.0370574,-0.0514139,-0.02347,0.143435,0.186137,0.171504,-0.217989,-0.210074,0.23604,0.234702,-0.335929,0.303513,-0.0955926,-0.143278,-0.379569,-0.290798,-0.135707,0.126061,-0.0335429,-0.169231,-0.191995,-0.194767,-0.00836677,0.193797,-0.198808,-0.0370147,-0.0511793,-0.0339048,0.124525,0.186033,0.228046,-0.285874,-0.210133,0.218005,0.266846,-0.33114,0.298972,0.176315,0.675806,-0.392669,-0.299425,0.0635313,-0.234849,-0.0335678,-0.169207,0.998216,0.00125927,0.0532903,0.0268887,-0.651067,-0.017953,-0.00767304,0.758769
-0.114725,-0.291819,-0.0516786,-0.0837612,-0.202379,-0.0370147,-0.0511793,0,-0.0561836,-0.0919379,0.228046,-0.285874,0,0.123875,0.332868,-0.33114,0.298972,-0.067636,0.100564,-0.392669,-0.299425,0.00693315,0.152668,-0.0335678,-0.169207,0,0,0,0,0,0,0,0,0,0,0,0,0,0,0,0,0,0,0,0,0,0,0,0,0,0,0,0,0.998128,0.0535734,-0.0533485,0.998541,-0.0298904,0.00677542,0.000499621,0.00126927,-0.00188203,-0.172042,-0.166131,-0.00752285,0.15171,-0.115917,-0.0370573,-0.051438,-0.0234608,0.14337,0.186058,0.0215006,-0.0679931,-0.210079,0.116101,0.114804,-0.335929,0.303513,-0.0356032,-0.083265,-0.129569,-0.0408027,-0.135729,0.126106,-0.0335429,-0.169231,-0.00405548,-0.00677006,0.00243482,0.000899212,-0.00210102,-5.67464e-05,-0.00128445,0.000188551,-0.00323739,-0.00403758,-0.000153841,-0.000170401,9.73552e-05,0.00299803,0.00460671,-9.81667e-06,-3.14871e-05,-0.000632156,0.000772635,1.44164e-05,-0.000261243,-0.00108461,0.00226447,1.4967e-06,2.17359e-06,-0.264147,-0.269668,-0.0416857,0.968773,-0.993929,-0.169497,0.622194,0.93008,-1.0507,0.19615,0.293822,0.473228,1.47174,0.317425,-1.17427,-0.2643,-0.26975,-0.0415304,0.968535,-0.993821,-0.169536,0.621748,0.930017,-1.05066,0.196319,0.293961,0.474123,1.47204,0.317221,-1.1744,-0.232042,-0.226131,-0.00752285,0.15171,-0.115917,-0.0370573,-0.051438,-0.0234608,0.14337,0.186058,0.171501,-0.217993,-0.210079,0.236101,0.234804,-0.335929,0.303513,-0.0956032,-0.143265,-0.379569,-0.290803,-0.135729,0.126106,-0.0335429,-0.169231,-0.192073,-0.194834,-0.00833715,0.193755,-0.198786,-0.0370147,-0.0511793,-0.0338994,0.124439,0.186016,0.228046,-0.285874,-0.21014,0.218075,0.266911,-0.33114,0.298972,0.176614,0.675869,-0.392669,-0.299425,0.063485,-0.234854,-0.0335678,-0.169207,0.998216,0.00126265,0.0533027,0.0268696,-0.651067,-0.017953,-0.00767304,0.758769
-0.114725,-0.291819,-0.0516786,-0.0837612,-0.202379,-0.0370147,-0.0511793,0,-0.0561836,-0.0919379,0.228046,-0.285874,0,0.123875,0.332868,-0.33114,0.298972,-0.067636,0.100564,-0.392669,-0.299425,0.00693315,0.152668,-0.0335678,-0.169207,0,0,0,0,0,0,0,0,0,0,0,0,0,0,0,0,0,0,0,0,0,0,0,0,0,0,0,0,0.998131,0.0535357,-0.0533111,0.998543,-0.0298622,0.00677363,0.00038992,0.00145509,-0.00184625,-0.172122,-0.16626,-0.00747378,0.151728,-0.11596,-0.0370606,-0.0514656,-0.0234652,0.143304,0.185974,0.0214984,-0.0679958,-0.210068,0.116161,0.114885,-0.335929,0.303512,-0.035618,-0.0832465,-0.129569,-0.0408084,-0.13575,0.126152,-0.0335428,-0.169231,-0.00393632,-0.00612083,0.00250093,0.00094743,-0.00216765,-0.000234411,-0.00144373,-0.000475879,-0.00322623,-0.00433105,-8.73678e-05,-0.00011304,0.000798767,0.00291869,0.00355203,5.5036e-07,-2.98099e-05,-0.000834987,0.00104872,-1.42984e-05,-0.000297713,-0.00107973,0.00229351,1.50059e-06,2.2128e-06,-0.2643,-0.26975,-0.0415304,0.968535,-0.993821,-0.169536,0.621748,0.930017,-1.05066,0.196319,0.293961,0.474123,1.47204,0.317221,-1.1744,-0.26445,-0.269783,-0.0413689,0.968272,-0.993718,-0.169639,0.62129,0.929975,-1.05055,0.196514,0.294106,0.475297,1.4725,0.317042,-1.17463,-0.232122,-0.22626,-0.00747378,0.151728,-0.11596,-0.0370606,-0.0514656,-0.0234652,0.143304,0.185974,0.171498,-0.217996,-0.210068,0.236161,0.234885,-0.335929,0.303512,-0.095618,-0.143247,-0.379569,-0.290808,-0.13575,0.126152,-0.0335428,-0.169231,-0.19215,-0.194875,-0.00830609,0.193707,-0.198764,-0.0370147,-0.0511793,-0.0339072,0.12435,0.186003,0.228046,-0.285874,-0.210133,0.21816,0.266981,-0.33114,0.298972,0.177062,0.676019,-0.392669,-0.299425,0.0634441,-0.234879,-0.0335678,-0.169207,0.998216,0.00126479,0.0533168,0.0268509,-0.651067,-0.017953,-0.00767304,0.758769
-0.114725,-0.291819,-0.0516786,-0.0837612,-0.202379,-0.0370147,-0.0511793,0,-0.0561836,-0.0919379,0.228046,-0.285874,0,0.123875,0.332868,-0.33114,0.298972,-0.067636,0.100564,-0.392669,-0.299425,0.00693315,0.152668,-0.0335678,-0.169207,0,0,0,0,0,0,0,0,0,0,0,0,0,0,0,0,0,0,0,0,0,0,0,0,0,0,0,0,0.998134,0.0534991,-0.0532747,0.998545,-0.0298307,0.00677425,0.000286685,0.00163052,-0.00180597,-0.1722,-0.166376,-0.00742371,0.151748,-0.116004,-0.0370676,-0.051496,-0.0234828,0.143239,0.185884,0.0214974,-0.0679974,-0.210043,0.116218,0.114945,-0.335929,0.303511,-0.0356366,-0.0832226,-0.12957,-0.0408148,-0.135772,0.126198,-0.0335428,-0.169231,-0.00381048,-0.00548589,0.0025429,0.00098637,-0.00223877,-0.000413205,-0.00157986,-0.00112393,-0.00321493,-0.00461785,-2.1876e-05,-5.56795e-05,0.00149009,0.00282246,0.00252366,1.09436e-05,-2.75341e-05,-0.00101854,0.001321,-4.38e-05,-0.00032816,-0.00107202,0.00232405,1.48965e-06,2.23602e-06,-0.26445,-0.269783,-0.0413689,0.968272,-0.993718,-0.169639,0.62129,0.929975,-1.05055,0.196514,0.294106,0.475297,1.4725,0.317042,-1.17463,-0.264597,-0.26977,-0.0412028,0.967987,-0.993619,-0.169805,0.620823,0.929949,-1.05036,0.196731,0.294257,0.476728,1.47311,0.31689,-1.17495,-0.2322,-0.226376,-0.00742371,0.151748,-0.116004,-0.0370676,-0.051496,-0.0234828,0.143239,0.185884,0.171497,-0.217997,-0.210043,0.236218,0.234945,-0.335929,0.303511,-0.0956366,-0.143223,-0.37957,-0.290815,-0.135772,0.126198,-0.0335428,-0.169231,-0.192225,-0.194892,-0.00827378,0.193654,-0.198744,-0.0370147,-0.0511793,-0.0339278,0.124258,0.185995,0.228046,-0.285874,-0.21011,0.218257,0.267053,-0.33114,0.298972,0.177648,0.67625,-0.392669,-0.299425,0.0634085,-0.234925,-0.0335678,-0.169207,0.998215,0.00126575,0.0533327,0.0268327,-0.651067,-0.017953,-0.00767304,0.758769
-0.114725,-0.291819,-0.0516786,-0.0837612,-0.202379,-0.0370147,-0.0511793,0,-0.0561836,-0.0919379,0.228046,-0.285874,0,0.123875,0.332868,-0.33114,0.298972,-0.067636,0.100564,-0.392669,-0.299425,0.00693315,0.152668,-0.0335678,-0.169207,0,0,0,0,0,0,0,0,0,0,0,0,0,0,0,0,0,0,0,0,0,0,0,0,0,0,0,0,0.998137,0.0534634,-0.0532393,0.998547,-0.0297959,0.0067771,0.000190488,0.00179442,-0.00176246,-0.172276,-0.166479,-0.00737311,0.151768,-0.11605,-0.037078,-0.0515289,-0.0235133,0.143174,0.185788,0.0214978,-0.0679978,-0.210003,0.116274,0.114985,-0.335928,0.303511,-0.0356587,-0.0831932,-0.129571,-0.0408218,-0.135793,0.126245,-0.0335428,-0.169231,-0.0036792,-0.00486985,0.00256177,0.00101642,-0.00231334,-0.000589944,-0.00169434,-0.00174489,-0.0032029,-0.00489521,4.18313e-05,7.62848e-07,0.0021677,0.0027112,0.00152873,2.12077e-05,-2.48378e-05,-0.00118233,0.00158764,-7.34963e-05,-0.000353089,-0.0010618,0.00235561,1.46492e-06,2.23927e-06,-0.264597,-0.26977,-0.0412028,0.967987,-0.993619,-0.169805,0.620823,0.929949,-1.05036,0.196731,0.294257,0.476728,1.47311,0.31689,-1.17495,-0.264743,-0.269712,-0.0410331,0.967681,-0.993524,-0.17003,0.620348,0.929935,-1.05011,0.196966,0.294413,0.478396,1.47386,0.316762,-1.17536,-0.232276,-0.226479,-0.00737311,0.151768,-0.11605,-0.037078,-0.0515289,-0.0235133,0.143174,0.185788,0.171498,-0.217998,-0.210003,0.236274,0.234985,-0.335928,0.303511,-0.0956587,-0.143193,-0.379571,-0.290822,-0.135793,0.126245,-0.0335428,-0.169231,-0.192299,-0.194885,-0.00824055,0.193597,-0.198724,-0.0370147,-0.0511793,-0.033961,0.124165,0.18599,0.228046,-0.285874,-0.210073,0.218365,0.267129,-0.33114,0.298972,0.178364,0.676556,-0.392669,-0.299425,0.0633779,-0.23499,-0.0335678,-0.169207,0.998215,0.00126561,0.0533501,0.026815,-0.651067,-0.017953,-0.00767304,0.758769
-0.114725,-0.291819,-0.0516786,-0.0837612,-0.202379,-0.0370147,-0.0511793,0,-0.0561836,-0.0919379,0.228046,-0.285874,0,0.123875,0.332868,-0.33114,0.298972,-0.067636,0.100564,-0.392669,-0.299425,0.00693315,0.152668,-0.0335678,-0.169207,0,0,0,0,0,0,0,0,0,0,0,0,0,0,0,0,0,0,0,0,0,0,0,0,0,0,0,0,0.99814,0.0534289,-0.053205,0.998549,-0.0297583,0.006782,0.000101792,0.00194504,-0.001715,-0.172349,-0.16657,-0.00732244,0.151788,-0.116097,-0.0370919,-0.0515639,-0.023556,0.143109,0.185686,0.0214994,-0.0679971,-0.209949,0.116327,0.115005,-0.335928,0.30351,-0.0356837,-0.0831586,-0.129573,-0.0408291,-0.135814,0.126292,-0.0335428,-0.169231,-0.00354192,-0.00427469,0.00255722,0.00103732,-0.00239117,-0.000761389,-0.00178786,-0.00232786,-0.00319097,-0.00516331,0.000102868,5.5425e-05,0.00281262,0.00258478,0.000573025,3.10432e-05,-2.19259e-05,-0.0013251,0.00184657,-0.000102442,-0.000372933,-0.00104931,0.00238792,1.42007e-06,2.21636e-06,-0.264743,-0.269712,-0.0410331,0.967681,-0.993524,-0.17003,0.620348,0.929935,-1.05011,0.196966,0.294413,0.478396,1.47386,0.316762,-1.17536,-0.264887,-0.269611,-0.0408602,0.967358,-0.993432,-0.17031,0.619869,0.929927,-1.04979,0.197219,0.294572,0.480276,1.47472,0.31666,-1.17584,-0.232349,-0.22657,-0.00732244,0.151788,-0.116097,-0.0370919,-0.0515639,-0.023556,0.143109,0.185686,0.171499,-0.217997,-0.209949,0.236327,0.235005,-0.335928,0.30351,-0.0956837,-0.143159,-0.379573,-0.290829,-0.135814,0.126292,-0.0335428,-0.169231,-0.192371,-0.194856,-0.00820661,0.193536,-0.198705,-0.0370147,-0.0511793,-0.034006,0.12407,0.185987,0.228046,-0.285874,-0.210022,0.218483,0.267206,-0.33114,0.298972,0.179198,0.676929,-0.392669,-0.299425,0.0633525,-0.235071,-0.0335678,-0.169207,0.998214,0.00126446,0.053369,0.0267979,-0.651067,-0.017953,-0.00767304,0.758769
-0.114725,-0.291819,-0.0516786,-0.0837612,-0.202379,-0.0370147,-0.0511793,0,-0.0561836,-0.0919379,0.228046,-0.285874,0,0.123875,0.332868,-0.33114,0.298972,-0.067636,0.100564,-0.392669,-0.299425,0.00693315,0.152668,-0.0335678,-0.169207,0,0,0,0,0,0,0,0,0,0,0,0,0,0,0,0,0,0,0,0,0,0,0,0,0,0,0,0,0.998143,0.0533956,-0.0531718,0.99855,-0.029718,0.00678877,2.07696e-05,0.00208125,-0.00166248,-0.172419,-0.166649,-0.00727218,0.151809,-0.116146,-0.0371092,-0.0516005,-0.02361,0.143045,0.185579,0.0215022,-0.0679954,-0.209882,0.116378,0.115006,-0.335927,0.30351,-0.0357113,-0.0831188,-0.129575,-0.0408368,-0.135835,0.12634,-0.0335428,-0.169231,-0.00340023,-0.00370348,0.00252961,0.00104928,-0.00247156,-0.000925358,-0.00186122,-0.00286551,-0.003181,-0.00542229,0.000160557,0.000107482,0.00341782,0.00244542,-0.000337225,4.02433e-05,-1.89764e-05,-0.00144672,0.00209572,-0.000130169,-0.0003883,-0.00103477,0.00242057,1.34638e-06,2.15543e-06,-0.264887,-0.269611,-0.0408602,0.967358,-0.993432,-0.17031,0.619869,0.929927,-1.04979,0.197219,0.294572,0.480276,1.47472,0.31666,-1.17584,-0.26503,-0.269473,-0.0406854,0.96702,-0.993342,-0.170642,0.619386,0.929921,-1.04941,0.197484,0.294734,0.482345,1.47569,0.316583,-1.17639,-0.232419,-0.226649,-0.00727218,0.151809,-0.116146,-0.0371092,-0.0516005,-0.02361,0.143045,0.185579,0.171502,-0.217995,-0.209882,0.236378,0.235006,-0.335927,0.30351,-0.0957113,-0.143119,-0.379575,-0.290837,-0.135835,0.12634,-0.0335428,-0.169231,-0.192444,-0.194806,-0.00817204,0.193472,-0.198686,-0.0370147,-0.0511793,-0.0340621,0.123974,0.185985,0.228046,-0.285874,-0.209958,0.218609,0.267286,-0.33114,0.298972,0.180138,0.677362,-0.392669,-0.299425,0.063332,-0.235168,-0.0335678,-0.169207,0.998214,0.00126238,0.0533893,0.0267813,-0.651067,-0.017953,-0.00767304,0.758769
-0.114725,-0.291819,-0.0516786,-0.0837612,-0.202379,-0.0370147,-0.0511793,0,-0.0561836,-0.0919379,0.228046,-0.285874,0,0.123875,0.332868,-0.33114,0.298972,-0.067636,0.100564,-0.392669,-0.299425,0.00693315,0.152668,-0.0335678,-0.169207,0,0,0,0,0,0,0,0,0,0,0,0,0,0,0,0,0,0,0,0,0,0,0,0,0,0,0,0,0.998146,0.0533636,-0.0531399,0.998552,-0.0296754,0.0067972,-5.24616e-05,0.00220262,-0.00160418,-0.172486,-0.166717,-0.00722276,0.15183,-0.116196,-0.0371296,-0.0516384,-0.0236743,0.14298,0.185467,0.0215061,-0.0679926,-0.209802,0.116425,0.11499,-0.335926,0.303509,-0.035741,-0.0830742,-0.129578,-0.0408448,-0.135856,0.126389,-0.0335428,-0.169231,-0.00325605,-0.00315982,0.00248012,0.00105261,-0.00255368,-0.00108013,-0.00191535,-0.00335423,-0.00317451,-0.00567174,0.000214308,0.000156183,0.00396898,0.00229479,-0.00119627,4.87064e-05,-1.6125e-05,-0.0015469,0.00233324,-0.000156476,-0.000399743,-0.00101847,0.00245311,1.25495e-06,2.06998e-06,-0.26503,-0.269473,-0.0406854,0.96702,-0.993342,-0.170642,0.619386,0.929921,-1.04941,0.197484,0.294734,0.482345,1.47569,0.316583,-1.17639,-0.265171,-0.269298,-0.0405093,0.966668,-0.993253,-0.17102,0.618901,0.929912,-1.04897,0.197761,0.294897,0.484576,1.47675,0.316529,-1.177,-0.232486,-0.226717,-0.00722276,0.15183,-0.116196,-0.0371296,-0.0516384,-0.0236743,0.14298,0.185467,0.171506,-0.217993,-0.209802,0.236425,0.23499,-0.335926,0.303509,-0.095741,-0.143074,-0.379578,-0.290845,-0.135856,0.126389,-0.0335428,-0.169231,-0.192515,-0.194736,-0.00813708,0.193404,-0.198668,-0.0370147,-0.0511793,-0.0341284,0.123877,0.185984,0.228046,-0.285874,-0.209882,0.218742,0.267367,-0.33114,0.298972,0.181172,0.677847,-0.392669,-0.299425,0.0633166,-0.235278,-0.0335678,-0.169207,0.998213,0.00125948,0.0534108,0.0267653,-0.651067,-0.017953,-0.00767304,0.758769
-0.114725,-0.291819,-0.0516786,-0.0837612,-0.202379,-0.0370147,-0.0511793,0,-0.0561836,-0.0919379,0.228046,-0.285874,0,0.123875,0.332868,-0.33114,0.298972,-0.067636,0.100564,-0.392669,-0.299425,0.00693315,0.152668,-0.0335678,-0.169207,0,0,0,0,0,0,0,0,0,0,0,0,0,0,0,0,0,0,0,0,0,0,0,0,0,0,0,0,0.998149,0.053333,-0.0531094,0.998554,-0.0296306,0.0068071,-0.000117518,0.00230833,-0.00154099,-0.17255,-0.166774,-0.00717459,0.151851,-0.116248,-0.037153,-0.0516771,-0.0237479,0.142915,0.185351,0.021511,-0.0679889,-0.209712,0.116469,0.114957,-0.335925,0.303509,-0.0357725,-0.0830249,-0.129582,-0.0408529,-0.135876,0.126438,-0.0335428,-0.169231,-0.00311021,-0.00264711,0.00241187,0.00104768,-0.00263675,-0.00122402,-0.00195119,-0.0037906,-0.00317097,-0.0059096,0.000263364,0.000200636,0.00446596,0.00213515,-0.00199789,5.62952e-05,-1.34254e-05,-0.00162617,0.00255696,-0.000180951,-0.000407447,-0.00100076,0.00248527,1.15588e-06,1.97138e-06,-0.265171,-0.269298,-0.0405093,0.966668,-0.993253,-0.17102,0.618901,0.929912,-1.04897,0.197761,0.294897,0.484576,1.47675,0.316529,-1.177,-0.265311,-0.269093,-0.0403331,0.966307,-0.993166,-0.171439,0.618415,0.929896,-1.04849,0.198045,0.295061,0.486945,1.47788,0.316498,-1.17766,-0.23255,-0.226774,-0.00717459,0.151851,-0.116248,-0.037153,-0.0516771,-0.0237479,0.142915,0.185351,0.171511,-0.217989,-0.209712,0.236469,0.234957,-0.335925,0.303509,-0.0957725,-0.143025,-0.379582,-0.290853,-0.135876,0.126438,-0.0335428,-0.169231,-0.192585,-0.194649,-0.00810186,0.193334,-0.198651,-0.0370147,-0.0511793,-0.0342041,0.12378,0.185982,0.228046,-0.285874,-0.209794,0.21888,0.267449,-0.33114,0.298972,0.182288,0.678375,-0.392669,-0.299425,0.0633057,-0.2354,-0.0335678,-0.169207,0.998212,0.00125584,0.0534333,0.02675,-0.651067,-0.017953,-0.00767304,0.758769
-0.114725,-0.291819,-0.0516786,-0.0837612,-0.202379,-0.0370147,-0.0511793,0,-0.0561836,-0.0919379,0.228046,-0.285874,0,0.123875,0.332868,-0.33114,0.298972,-0.067636,0.100564,-0.392669,-0.299425,0.00693315,0.152668,-0.0335678,-0.169207,0,0,0,0,0,0,0,0,0,0,0,0,0,0,0,0,0,0,0,0,0,0,0,0,0,0,0,0,0.998152,0.0533038,-0.0530802,0.998555,-0.029584,0.00681825,-0.00017432,0.00239863,-0.00147278,-0.172611,-0.166822,-0.00712802,0.151872,-0.116302,-0.0371791,-0.0517164,-0.0238298,0.142851,0.185229,0.0215169,-0.0679843,-0.209612,0.116511,0.114909,-0.335924,0.303509,-0.0358054,-0.0829714,-0.129586,-0.0408611,-0.135896,0.126488,-0.0335427,-0.169231,-0.00296585,-0.00216957,0.00232709,0.00103501,-0.00271978,-0.00135613,-0.00197003,-0.00417353,-0.00317192,-0.00613492,0.00030732,0.000240222,0.00490024,0.00196963,-0.0027365,6.30134e-05,-1.09558e-05,-0.00168515,0.00276503,-0.00020371,-0.0004118,-0.000981841,0.00251668,1.04528e-06,1.85617e-06,-0.265311,-0.269093,-0.0403331,0.966307,-0.993166,-0.171439,0.618415,0.929896,-1.04849,0.198045,0.295061,0.486945,1.47788,0.316498,-1.17766,-0.265449,-0.26886,-0.0401578,0.965938,-0.99308,-0.171893,0.617929,0.929869,-1.04795,0.198334,0.295224,0.489423,1.47906,0.316487,-1.17835,-0.232611,-0.226822,-0.00712802,0.151872,-0.116302,-0.0371791,-0.0517164,-0.0238298,0.142851,0.185229,0.171517,-0.217984,-0.209612,0.236511,0.234909,-0.335924,0.303509,-0.0958054,-0.142971,-0.379586,-0.290861,-0.135896,0.126488,-0.0335427,-0.169231,-0.192656,-0.194547,-0.00806662,0.193261,-0.198633,-0.0370147,-0.0511793,-0.0342879,0.123683,0.185979,0.228046,-0.285874,-0.209697,0.219022,0.267531,-0.33114,0.298972,0.183472,0.67894,-0.392669,-0.299425,0.0632996,-0.235531,-0.0335678,-0.169207,0.998211,0.00125156,0.0534568,0.0267354,-0.651067,-0.017953,-0.00767304,0.758769
0.134297,-0.105778,-0.0761324,0.0568957,-0.166323,-0.0682712,-0.0154967,0,0.236946,-0.328733,0.363095,-0.282167,0,0.141964,0.343394,-0.960675,0.671529,-0.255657,-0.209878,-0.572906,-0.477744,-0.014687,0.0824788,-0.0210912,-0.0505939,0,0,0,0,0,0,0,0,0,0,0,0,0,0,0,0,0,0,0,0,0,0,0,0,0,0,0,0,0.999522,0.000274198,1.08164e-16,0.999961,0.0309176,-0.00886444,-0.000364101,0.00246437,-0.00138507,-0.172669,-0.16686,-0.00708334,0.151892,-0.116357,-0.0372077,-0.0517558,-0.0239188,0.142786,0.185103,0.0215236,-0.067979,-0.209504,0.116548,0.114846,-0.335923,0.303509,-0.0358391,-0.0829138,-0.12959,-0.0408694,-0.135915,0.126539,-0.0335427,-0.169231,-0.00282345,-0.00172893,0.00222842,0.00101521,-0.00280201,-0.00147493,-0.00197288,-0.00449893,-0.00317741,-0.00634694,0.000345719,0.000274509,0.00528091,0.00180028,-0.00340795,6.88064e-05,-8.68206e-06,-0.00172457,0.00295578,-0.000224356,-0.000412645,-0.000962145,0.00254697,9.35159e-07,1.73998e-06,-0.265449,-0.26886,-0.0401578,0.965938,-0.99308,-0.171893,0.617929,0.929869,-1.04795,0.198334,0.295224,0.489423,1.47906,0.316487,-1.17835,-0.353028,0.127196,-0.187733,1.28484,-1.43478,-0.250336,0.725363,0.560092,-0.888321,-0.0446036,0.434783,0.479311,1.33197,0.270019,-1.31965,-0.232669,-0.22686,-0.00708334,0.151892,-0.116357,-0.0372077,-0.0517558,-0.0239188,0.142786,0.185103,0.171524,-0.217979,-0.209504,0.236548,0.234846,-0.335923,0.303509,-0.0958391,-0.142914,-0.37959,-0.290869,-0.135915,0.126539,-0.0335427,-0.169231,-0.192725,-0.19443,-0.00803155,0.193188,-0.198616,-0.0370147,-0.0511793,-0.0343786,0.123586,0.185974,0.228046,-0.285874,-0.209591,0.219167,0.267612,-0.33114,0.298972,0.184711,0.679532,-0.392669,-0.299425,0.0632974,-0.23567,-0.0335678,-0.169207,0.99821,0.00124674,0.053481,0.0267215,0.796227,-0.0128816,-0.00963066,-0.604784
0.134531,-0.126064,-0.0786891,0.0481928,-0.179902,-0.067696,-0.013167,0,0.235838,-0.323925,0.365124,-0.282498,0,0.13455,0.381762,-0.95957,0.668107,-0.253201,-0.228758,-0.577867,-0.480214,-0.0163865,0.0811487,-0.0201273,-0.0482239,0.00350922,-0.304291,-0.0383507,-0.130544,-0.203676,0.00862833,0.0349456,0,-0.0166257,0.0721313,0.0304301,-0.00495449,0,-0.111208,0.575517,0.0165743,-0.0513276,0.0368536,-0.2832,-0.0744197,-0.0370565,-0.0254929,-0.0199517,0.0144582,0.0355501,0,0,0,0.999719,0.00525773,-0.00528971,0.999985,0.0230947,0.00144522,-0.0505276,-0.237813,0.661996,-0.169066,-0.15963,-0.0139111,0.150782,-0.118057,-0.0357311,-0.0449016,-0.021726,0.136199,0.174703,0.0366939,-0.0734451,-0.194155,0.112819,0.112316,-0.433767,0.360141,-0.0338502,-0.0836957,-0.150749,-0.0624671,-0.136102,0.126327,-0.0239815,-0.113898,0.361366,0.68324,-0.623913,-0.105099,-0.155223,0.104718,0.602796,0.203722,-0.592984,-0.949663,1.30215,-0.459491,1.33234,-0.361201,-0.231724,-8.08896,4.71202,0.187258,-0.0703412,-1.8691,-1.87211,-0.0152582,-0.0208101,0.420077,3.20487,-0.353028,0.127196,-0.187733,1.28484,-1.43478,-0.250336,0.725363,0.560092,-0.888321,-0.0446036,0.434783,0.479311,1.33197,0.270019,-1.31965,0.0545391,-0.112221,-0.384852,1.22844,-1.01538,0.13468,0.670185,0.347693,-0.815359,0.43825,0.445793,1.10801,1.59676,-0.360005,-1.3956,-0.229066,-0.21963,-0.0139111,0.150782,-0.118057,-0.0357311,-0.0449016,-0.021726,0.136199,0.174703,0.186694,-0.223445,-0.194155,0.232819,0.232316,-0.433767,0.360141,-0.0938502,-0.143696,-0.400749,-0.312467,-0.136102,0.126327,-0.0239815,-0.113898,-0.236514,0.00359822,-0.0375466,0.256968,-0.286956,-0.0682712,-0.0154967,-0.0500671,0.145073,0.112018,0.363095,-0.282167,-0.177664,0.0976982,0.337392,-0.960675,0.671529,0.179655,0.605986,-0.572906,-0.477744,0.0540037,-0.263931,-0.0210912,-0.0505939,0.998178,0.0011931,0.0523798,0.0299299,0.79665,-0.00695042,-0.0106062,-0.604308
0.135018,-0.14751,-0.0816263,0.0372578,-0.196677,-0.0689313,-0.00995274,0,0.23377,-0.318669,0.367943,-0.282185,0,0.127731,0.424916,-0.961487,0.66377,-0.250493,-0.250516,-0.58076,-0.484621,-0.0181556,0.0790299,-0.0178586,-0.0584194,0.00976346,-0.534698,-0.0709035,-0.255405,-0.394202,-0.0124891,0.0726752,0,-0.0426591,0.129329,0.0635946,0.00121678,0,-0.18013,1.05018,-0.0171486,-0.100986,0.0664079,-0.52461,-0.0954839,-0.0920475,-0.0443819,-0.0457483,0.0441518,-0.128048,0,0,0,0.999674,0.0212179,-0.0212227,0.999775,0.0142146,0.000492065,-0.0826845,-0.617406,0.81295,-0.15707,-0.140443,-0.0286515,0.149388,-0.121102,-0.0337875,-0.0317194,0.00119445,0.123845,0.152244,0.0676215,-0.0832081,-0.160217,0.106452,0.108884,-0.608462,0.462152,-0.0311091,-0.0864917,-0.196591,-0.105901,-0.13724,0.125386,-0.0206297,-0.0704374,0.781276,1.14191,-0.769908,-0.025938,-0.132583,0.0745218,0.649374,1.95516,-0.574052,-1.17654,1.62661,-0.459288,1.70995,-0.232524,-0.0866683,-8.52388,4.97867,0.0618235,-0.204485,-2.44888,-2.24238,-0.0842119,-0.0677398,0.0227781,1.395,0.0545391,-0.112221,-0.384852,1.22844,-1.01538,0.13468,0.670185,0.347693,-0.815359,0.43825,0.445793,1.10801,1.59676,-0.360005,-1.3956,0.0202933,-0.324783,-0.414343,1.11775,-1.14605,0.309899,0.580319,0.338957,-0.729576,0.484081,0.375358,1.2716,1.77171,-0.31547,-1.43905,-0.21707,-0.200443,-0.0286515,0.149388,-0.121102,-0.0337875,-0.0317194,0.00119445,0.123845,0.152244,0.217621,-0.233208,-0.160217,0.226452,0.228884,-0.608462,0.462152,-0.0911091,-0.146492,-0.446591,-0.355901,-0.13724,0.125386,-0.0206297,-0.0704374,-0.0327305,-0.11611,-0.0769703,0.245689,-0.203076,-0.067696,-0.013167,0.026936,0.134037,0.0695386,0.365124,-0.282498,-0.163072,0.339125,0.342897,-0.95957,0.668107,0.494007,0.738378,-0.577867,-0.480214,-0.072001,-0.27912,-0.0201273,-0.0482239,0.99813,0.00107006,0.047936,0.0379179,0.79665,-0.00695042,-0.0106062,-0.604308
0.136132,-0.166735,-0.0851251,0.0262909,-0.213842,-0.0697067,-0.0068929,0,0.232035,-0.312682,0.371877,-0.281777,0,0.125185,0.46766,-0.96334,0.662013,-0.250763,-0.270781,-0.583481,-0.487091,-0.0196164,0.0789787,-0.0178834,-0.065363,0.0235517,-0.662666,-0.102115,-0.343287,-0.533419,-0.0203747,0.0967702,0,-0.0558806,0.180327,0.103529,0.00697568,0,-0.164279,1.37628,-0.0398087,-0.0970485,0.042435,-0.671194,-0.10766,-0.101473,-0.0529792,-0.032791,0.0305337,-0.193788,0,0,0,0.999498,0.0314702,-0.0314112,0.999388,-0.00409013,0.0152763,-0.0703617,-0.716584,0.615596,-0.141469,-0.118775,-0.0428848,0.149644,-0.122949,-0.033992,-0.0210926,0.0526947,0.1142,0.131291,0.0983833,-0.0903961,-0.131015,0.105214,0.110582,-0.756268,0.547592,-0.0317679,-0.0917251,-0.243587,-0.148461,-0.138931,0.123852,-0.0200735,-0.0591606,0.734997,0.975836,-0.636717,0.0412977,-0.0578646,-0.0774391,0.419207,2.88914,-0.391481,-0.896201,1.41891,-0.260335,1.08017,0.0848457,0.234486,-6.3265,3.61857,-0.111332,-0.308022,-2.17749,-1.97001,-0.0819971,-0.0788214,0.0240202,0.184847,0.0202933,-0.324783,-0.414343,1.11775,-1.14605,0.309899,0.580319,0.338957,-0.729576,0.484081,0.375358,1.2716,1.77171,-0.31547,-1.43905,-0.103366,-0.354631,-0.312146,1.07984,-1.43413,0.283068,0.52724,0.324019,-0.679379,0.310208,0.267189,0.881,1.62249,-0.208302,-1.595,-0.201469,-0.178775,-0.0428848,0.149644,-0.122949,-0.033992,-0.0210926,0.0526947,0.1142,0.131291,0.248383,-0.240396,-0.131015,0.225214,0.230582,-0.756268,0.547592,-0.0917679,-0.151725,-0.493587,-0.398461,-0.138931,0.123852,-0.0200735,-0.0591606,-0.0498533,-0.222391,-0.0828685,0.223551,-0.229209,-0.0689313,-0.00995274,0.0619799,0.116064,0.0677915,0.367943,-0.282185,-0.145915,0.362041,0.307679,-0.961487,0.66377,0.575801,0.825854,-0.58076,-0.484621,-0.063094,-0.28781,-0.0178586,-0.0584194,0.998144,0.000978408,0.0408763,0.045126,0.797955,0.00070917,-0.0137547,-0.602559
0.137561,-0.18485,-0.0889048,0.015308,-0.231202,-0.0702523,-0.00391025,0,0.230467,-0.30633,0.376369,-0.281321,0,0.124776,0.510198,-0.965162,0.661546,-0.252522,-0.290299,-0.586117,-0.488591,-0.0209231,0.0799614,-0.0190551,-0.0706807,0.0379088,-0.735585,-0.128175,-0.405044,-0.633796,-0.0224461,0.112479,0,-0.0626351,0.221507,0.139843,0.0117266,0,-0.121134,1.60147,-0.0551987,-0.0749435,0.00332271,-0.762602,-0.114899,-0.0935372,-0.0566848,-0.00821374,0.00379919,-0.215416,0,0,0,0.999138,0.0382779,-0.0377408,0.998757,-0.0172601,0.0319233,-0.0227394,-0.572178,0.392349,-0.129319,-0.103122,-0.053392,0.150376,-0.123893,-0.037215,-0.014741,0.104088,0.107961,0.117068,0.122724,-0.0930748,-0.120375,0.108729,0.117094,-0.856679,0.603899,-0.0349004,-0.0983695,-0.280761,-0.182858,-0.140246,0.122791,-0.0197677,-0.0610289,0.491089,0.607762,-0.426221,0.0274283,-0.042901,-0.220339,0.240786,2.10694,-0.245682,-0.553955,1.04532,-0.0316359,0.0769348,0.228762,0.385867,-4.01033,2.20683,-0.177266,-0.341994,-1.57529,-1.49498,-0.0536309,-0.0280748,0.0136538,-0.164773,-0.103366,-0.354631,-0.312146,1.07984,-1.43413,0.283068,0.52724,0.324019,-0.679379,0.310208,0.267189,0.881,1.62249,-0.208302,-1.595,-0.264737,-0.250966,-0.201955,1.11765,-1.61565,0.314558,0.561265,0.261771,-0.672223,0.0574555,0.323429,0.302606,1.25666,-0.0403145,-1.63445,-0.189319,-0.163122,-0.053392,0.150376,-0.123893,-0.037215,-0.014741,0.104088,0.107961,0.117068,0.272724,-0.243075,-0.120375,0.228729,0.237094,-0.856679,0.603899,-0.0949004,-0.15837,-0.530761,-0.432858,-0.140246,0.122791,-0.0197677,-0.0610289,-0.111683,-0.237316,-0.0624291,0.215968,-0.286826,-0.0697067,-0.0068929,0.0566136,0.105448,0.0648039,0.371877,-0.281777,-0.135876,0.275104,0.253595,-0.96334,0.662013,0.3805,0.751243,-0.583481,-0.487091,-0.0416605,-0.319,-0.0178834,-0.065363,0.998159,0.00113156,0.0343092,0.049995,0.79893,0.00797016,-0.0191524,-0.601066
0.140879,-0.197577,-0.0916569,0.00858678,-0.24288,-0.0722698,0.000759634,0,0.22877,-0.301023,0.379984,-0.281183,0,0.124578,0.544999,-0.96819,0.661871,-0.255389,-0.306458,-0.58679,-0.490251,-0.0244507,0.0777635,-0.0201678,-0.0671953,0.0763095,-0.705815,-0.131004,-0.384349,-0.618827,-0.0459749,0.148783,0,-0.0693061,0.234666,0.152118,0.0102757,0,-0.087765,1.64305,-0.0840516,-0.0475842,-0.0406753,-0.776213,-0.0905259,-0.0903755,-0.092594,-0.0387174,-0.0140319,-0.0985105,0,0,0,0.998675,0.045014,-0.0442341,0.998541,-0.0263053,0.029833,0.0559735,-0.362824,0.303296,-0.121827,-0.095128,-0.0603204,0.149896,-0.125315,-0.0428583,-0.0106686,0.130105,0.103488,0.108161,0.139704,-0.091594,-0.127246,0.112445,0.12645,-0.916896,0.636129,-0.0378889,-0.105853,-0.305501,-0.20734,-0.140899,0.122685,-0.0199919,-0.0659437,0.286071,0.232496,-0.28641,-0.0719367,-0.0996934,-0.324547,0.180798,0.589246,-0.211302,-0.365205,0.697974,0.151596,-0.573616,0.131947,0.531107,-2.28687,1.19258,-0.110983,-0.393257,-0.973434,-1.00505,-0.0173422,0.0112876,-0.0125667,-0.225358,-0.264737,-0.250966,-0.201955,1.11765,-1.61565,0.314558,0.561265,0.261771,-0.672223,0.0574555,0.323429,0.302606,1.25666,-0.0403145,-1.63445,-0.275286,-0.133513,-0.120583,1.27083,-1.65405,0.447398,0.627057,0.226906,-0.76537,-0.0818554,0.362174,-0.292738,0.931976,-0.107245,-1.65347,-0.181827,-0.155128,-0.0603204,0.149896,-0.125315,-0.0428583,-0.0106686,0.130105,0.103488,0.108161,0.289704,-0.241594,-0.127246,0.232445,0.24645,-0.916896,0.636129,-0.0978889,-0.165853,-0.555501,-0.45734,-0.140899,0.122685,-0.0199919,-0.0659437,-0.192369,-0.185483,-0.0403909,0.22353,-0.323131,-0.0702523,-0.00391025,0.0629117,0.112253,0.0523541,0.376369,-0.281321,-0.134445,0.148728,0.281714,-0.965162,0.661546,0.0913031,0.568328,-0.586117,-0.488591,-0.00806289,-0.326891,-0.0190551,-0.0706807,0.998135,0.0017349,0.0297421,0.0532768,0.79893,0.00797016,-0.0191524,-0.601066
0.144123,-0.208547,-0.0944839,0.00234066,-0.253901,-0.0740098,0.00640644,0,0.226532,-0.296831,0.383471,-0.280951,0,0.124408,0.576741,-0.971055,0.661579,-0.258309,-0.322848,-0.586451,-0.492463,-0.0280613,0.0749514,-0.0207411,-0.0659133,0.102074,-0.658627,-0.134107,-0.362736,-0.598496,-0.0582813,0.18885,0,-0.0820792,0.227152,0.15878,0.0106785,0,-0.06398,1.62626,-0.101812,-0.037689,-0.0722745,-0.789198,-0.0582728,-0.0964471,-0.118976,-0.0692839,-0.0184212,-0.0497282,0,0,0,0.998444,0.0476164,-0.0464033,0.998076,-0.0309393,0.0397005,0.133072,-0.297812,0.222533,-0.11517,-0.0919365,-0.0638699,0.147413,-0.128137,-0.0497593,-0.00617923,0.13206,0.10078,0.102236,0.150515,-0.0872025,-0.1476,0.112515,0.137941,-0.950112,0.652845,-0.0391875,-0.114234,-0.319256,-0.222562,-0.141162,0.122911,-0.0205038,-0.06716,0.389636,0.122682,-0.0935729,-0.165686,-0.175313,-0.349828,0.263878,-0.228934,-0.0723407,-0.247924,0.425405,0.265488,-1.23156,-0.106062,0.601049,-1.22265,0.600146,-0.0204586,-0.432956,-0.481787,-0.57397,-0.00957352,0.00682399,-0.0215759,0.00383514,-0.275286,-0.133513,-0.120583,1.27083,-1.65405,0.447398,0.627057,0.226906,-0.76537,-0.0818554,0.362174,-0.292738,0.931976,-0.107245,-1.65347,-0.256072,-0.221597,-0.146219,1.37812,-1.49371,0.557974,0.737318,0.100099,-0.883829,-0.064513,0.354164,-0.633007,0.702639,-0.154482,-1.53304,-0.17517,-0.151936,-0.0638699,0.147413,-0.128137,-0.0497593,-0.00617923,0.13206,0.10078,0.102236,0.300515,-0.237202,-0.1476,0.232515,0.257941,-0.950112,0.652845,-0.0991875,-0.174234,-0.569256,-0.472562,-0.141162,0.122911,-0.0205038,-0.06716,-0.197643,-0.126756,-0.0241166,0.254167,-0.33081,-0.0722698,0.000759634,0.0894795,0.125411,0.0453812,0.379984,-0.281183,-0.153074,0.0790723,0.301087,-0.96819,0.661871,-0.206369,0.405988,-0.58679,-0.490251,-0.0214489,-0.330694,-0.0201678,-0.0671953,0.998078,0.00301002,0.0267053,0.0558479,0.79972,0.0127842,-0.02355,-0.599775
0.147218,-0.216004,-0.0974606,-0.00295526,-0.263609,-0.0751946,0.0140071,0,0.223214,-0.294868,0.386699,-0.280529,0,0.124296,0.602365,-0.973595,0.660053,-0.261336,-0.339699,-0.584085,-0.49578,-0.031838,0.0709108,-0.0202353,-0.0690383,0.117877,-0.572896,-0.138526,-0.333354,-0.564557,-0.0585687,0.246205,0,-0.107226,0.188441,0.159578,0.0137961,0,-0.0464773,1.52273,-0.109372,-0.049274,-0.0959952,-0.805203,-0.00531159,-0.117265,-0.139933,-0.109108,-0.00530872,-0.0816842,0,0,0,0.998142,0.0505694,-0.0493014,0.998093,-0.0358171,0.0354011,0.190094,-0.24967,0.092514,-0.106953,-0.0913445,-0.0633327,0.143575,-0.13208,-0.0567124,-0.000334389,0.124234,0.10133,0.0992778,0.157181,-0.0812029,-0.177825,0.109322,0.151524,-0.967154,0.661054,-0.0393618,-0.123476,-0.325461,-0.230739,-0.141357,0.122875,-0.0209134,-0.0664327,0.414667,-0.0440125,0.108387,-0.212163,-0.214282,-0.337038,0.305292,-0.464274,0.0928553,-0.0718762,0.272482,0.320988,-1.53142,-0.186038,0.739145,-0.596741,0.289248,0.000469382,-0.481961,-0.196186,-0.290557,-0.00937972,0.000891427,-0.0138611,0.0374066,-0.256072,-0.221597,-0.146219,1.37812,-1.49371,0.557974,0.737318,0.100099,-0.883829,-0.064513,0.354164,-0.633007,0.702639,-0.154482,-1.53304,-0.226809,-0.26463,-0.139672,1.37544,-1.35575,0.636436,0.782781,-0.0117742,-0.99839,-0.0310742,0.322033,-0.754729,0.537258,-0.191409,-1.40724,-0.166953,-0.151344,-0.0633327,0.143575,-0.13208,-0.0567124,-0.000334389,0.124234,0.10133,0.0992778,0.307181,-0.231203,-0.177825,0.229322,0.271524,-0.967154,0.661054,-0.0993618,-0.183476,-0.575461,-0.480739,-0.141357,0.122875,-0.0209134,-0.0664327,-0.188036,-0.170799,-0.0292438,0.275625,-0.298741,-0.0740098,0.00640644,0.111595,0.147464,0.0200198,0.383471,-0.280951,-0.176766,0.0877435,0.297082,-0.971055,0.661579,-0.376503,0.291319,-0.586451,-0.492463,-0.0308965,-0.306608,-0.0207411,-0.0659133,0.998048,0.00492733,0.0241649,0.057382,0.79972,0.0127842,-0.02355,-0.599775
0.150316,-0.218195,-0.100647,-0.00556121,-0.27003,-0.0761194,0.0216361,0,0.219837,-0.295799,0.389412,-0.280236,0,0.124225,0.618757,-0.972925,0.658281,-0.264497,-0.35618,-0.581607,-0.496405,-0.0370188,0.0679394,-0.0208823,-0.0700831,0.128991,-0.433891,-0.144763,-0.272437,-0.491515,-0.0548709,0.286779,0,-0.12572,0.117946,0.152387,0.014057,0,-0.0335961,1.3118,-0.0665075,-0.0610689,-0.114616,-0.810856,0.0334555,-0.0914646,-0.175665,-0.120947,-0.013421,-0.0728502,0,0,0,0.998175,0.0467716,-0.0450731,0.998006,-0.0401838,0.0423799,0.225294,-0.220629,0.0388791,-0.0989804,-0.0931955,-0.0599364,0.139069,-0.136676,-0.0631344,0.00630782,0.117745,0.10388,0.0987368,0.161735,-0.0745947,-0.207874,0.105943,0.167175,-0.975215,0.66477,-0.0395866,-0.133532,-0.327349,-0.234841,-0.141602,0.123307,-0.0207465,-0.0675194,0.380591,-0.120234,0.200715,-0.233833,-0.240259,-0.300302,0.348426,-0.166352,0.137454,-0.00442992,0.199901,0.333622,-1.30074,-0.14743,0.808265,-0.27186,0.121595,-0.0198379,-0.515774,-0.028513,-0.144323,-0.0142372,0.0388662,0.0150439,-0.0750305,-0.226809,-0.26463,-0.139672,1.37544,-1.35575,0.636436,0.782781,-0.0117742,-0.99839,-0.0310742,0.322033,-0.754729,0.537258,-0.191409,-1.40724,-0.188561,-0.314402,-0.175271,1.40859,-1.28732,0.661463,0.779079,-0.0966905,-1.0884,-0.0126114,0.282083,-0.820415,0.388959,-0.168875,-1.2954,-0.15898,-0.153195,-0.0599364,0.139069,-0.136676,-0.0631344,0.00630782,0.117745,0.10388,0.0987368,0.311735,-0.224595,-0.207874,0.225943,0.287175,-0.975215,0.66477,-0.0995866,-0.193532,-0.577349,-0.484841,-0.141602,0.123307,-0.0207465,-0.0675194,-0.173404,-0.192315,-0.0279344,0.275088,-0.27115,-0.0751946,0.0140071,0.127287,0.156556,-0.00235484,0.386699,-0.280529,-0.199678,0.104463,0.281017,-0.973595,0.660053,-0.437364,0.208629,-0.584085,-0.49578,-0.0382819,-0.281448,-0.0202353,-0.0690383,0.998047,0.00728303,0.022101,0.0579725,0.801195,0.0176277,-0.0268472,-0.597541
0.153416,-0.217753,-0.103938,-0.00682217,-0.274809,-0.0769143,0.0292794,0,0.21643,-0.298177,0.391865,-0.280007,0,0.124175,0.630535,-0.97065,0.656386,-0.267725,-0.372476,-0.579072,-0.495685,-0.0429016,0.0655025,-0.0221057,-0.0700877,0.136796,-0.297089,-0.150701,-0.20962,-0.415741,-0.0503328,0.315394,0,-0.139111,0.0469013,0.143477,0.0132785,0,-0.024265,1.09492,-0.0124241,-0.0711707,-0.128658,-0.812038,0.061441,-0.0532168,-0.211208,-0.121216,-0.027745,-0.0510649,0,0,0,0.997985,0.0477062,-0.0460756,0.998172,-0.0436209,0.0371082,0.229823,-0.202473,0.0798551,-0.0919516,-0.0957778,-0.0561595,0.134442,-0.141469,-0.0683168,0.0136106,0.119404,0.10607,0.0983309,0.165388,-0.0679687,-0.228649,0.103642,0.183684,-0.978351,0.66611,-0.0402266,-0.144099,-0.326799,-0.236671,-0.141967,0.123826,-0.0208265,-0.0690206,0.326752,-0.131662,0.166351,-0.224001,-0.233673,-0.220265,0.374254,0.282366,0.0806233,-0.0405599,0.173765,0.326006,-0.735998,-0.0909485,0.836494,-0.0801141,0.0357862,-0.0343957,-0.533611,0.0616712,-0.0532135,-0.022381,0.00433191,-0.00882388,-0.0603076,-0.188561,-0.314402,-0.175271,1.40859,-1.28732,0.661463,0.779079,-0.0966905,-1.0884,-0.0126114,0.282083,-0.820415,0.388959,-0.168875,-1.2954,-0.152688,-0.335499,-0.192906,1.40074,-1.26136,0.715469,0.782575,-0.125978,-1.13943,0.00201258,0.245899,-0.853679,0.25839,-0.194398,-1.25903,-0.151952,-0.155778,-0.0561595,0.134442,-0.141469,-0.0683168,0.0136106,0.119404,0.10607,0.0983309,0.315388,-0.217969,-0.228649,0.223642,0.303684,-0.978351,0.66611,-0.100227,-0.204099,-0.576799,-0.486671,-0.141967,0.123826,-0.0208265,-0.0690206,-0.154281,-0.217201,-0.0350542,0.281718,-0.257464,-0.0761194,0.0216361,0.132293,0.155816,-0.0193381,0.389412,-0.280236,-0.21768,0.113694,0.261042,-0.972925,0.658281,-0.470208,0.134479,-0.581607,-0.496405,-0.033775,-0.259081,-0.0208823,-0.0700831,0.998029,0.00980236,0.0202691,0.0585686,0.801195,0.0176277,-0.0268472,-0.597541
0.158611,-0.20906,-0.104351,-0.00197157,-0.272025,-0.0759064,0.0380502,0,0.213048,-0.303496,0.393445,-0.279986,0,0.124238,0.630793,-0.963648,0.657577,-0.271186,-0.386167,-0.57552,-0.493295,-0.0515443,0.0645767,-0.0260907,-0.0695339,0.173678,-0.077563,-0.11168,-0.0739753,-0.249262,-0.0201148,0.352339,0,-0.148103,-0.0469648,0.124136,0.0096074,0,-0.0160355,0.770318,0.0963214,-0.0319551,-0.141971,-0.773792,0.0962979,-0.00140316,-0.277486,-0.0987388,-0.0791964,-0.0274376,0,0,0,0.997971,0.0433435,-0.0413775,0.998247,-0.0484024,0.0402988,0.218526,-0.204344,0.142349,-0.08564,-0.0977421,-0.0535247,0.130241,-0.146009,-0.0715411,0.0214387,0.131018,0.10706,0.0966702,0.168712,-0.0617704,-0.236917,0.102388,0.200043,-0.978585,0.666229,-0.0411883,-0.154796,-0.324907,-0.237061,-0.142559,0.123732,-0.0215206,-0.0697533,0.307118,-0.0670883,0.102642,-0.197915,-0.220871,-0.111032,0.402845,0.797671,0.0224239,-0.118635,0.162037,0.292699,-0.148164,-0.0398339,0.795494,0.0307089,-0.00978701,-0.061436,-0.532564,0.113566,0.00392881,-0.0359407,-0.0084363,-0.0355126,-0.0221791,-0.152688,-0.335499,-0.192906,1.40074,-1.26136,0.715469,0.782575,-0.125978,-1.13943,0.00201258,0.245899,-0.853679,0.25839,-0.194398,-1.25903,-0.138281,-0.357174,-0.205538,1.43678,-1.24906,0.790594,0.796655,-0.157703,-1.13203,-0.0234407,0.238418,-0.875196,0.136996,-0.216513,-1.23452,-0.14564,-0.157742,-0.0535247,0.130241,-0.146009,-0.0715411,0.0214387,0.131018,0.10706,0.0966702,0.318712,-0.21177,-0.236917,0.222388,0.320043,-0.978585,0.666229,-0.101188,-0.214796,-0.574907,-0.487061,-0.142559,0.123732,-0.0215206,-0.0697533,-0.136344,-0.22775,-0.0385813,0.280148,-0.252271,-0.0769143,0.0292794,0.143094,0.156515,-0.0251956,0.391865,-0.280007,-0.227887,0.121006,0.24295,-0.97065,0.656386,-0.48684,0.069195,-0.579072,-0.495685,-0.0388796,-0.251806,-0.0221057,-0.0700877,0.997967,0.0122212,0.0184851,0.0597543,0.803183,0.0212722,-0.0286291,-0.594664
0.163829,-0.199873,-0.104376,0.00443282,-0.267286,-0.074063,0.0457721,0,0.210388,-0.309182,0.394762,-0.279963,0,0.124325,0.629387,-0.955206,0.660057,-0.274185,-0.398218,-0.572234,-0.489286,-0.0596067,0.0627736,-0.0299369,-0.0693325,0.199851,0.0834979,-0.0785524,0.0442832,-0.103397,0.0135703,0.362465,0,-0.143568,-0.118165,0.106638,0.00706895,0,-0.00993003,0.518142,0.194057,0.0148381,-0.144357,-0.722424,0.11669,0.0591498,-0.315177,-0.0961638,-0.113131,-0.0161859,0,0,0,0.997924,0.0402807,-0.0383834,0.998534,-0.0517139,0.0361609,0.2069,-0.202018,0.173068,-0.0793594,-0.098417,-0.0519752,0.12655,-0.150273,-0.0723477,0.0297035,0.152072,0.107246,0.0936949,0.171768,-0.0564948,-0.233031,0.101582,0.215375,-0.97651,0.666096,-0.042467,-0.16541,-0.322146,-0.236474,-0.143484,0.123434,-0.0239079,-0.0697443,0.317176,-0.0105161,0.0594882,-0.173651,-0.206164,0.0146323,0.420102,1.20853,-7.64364e-05,-0.169072,0.147106,0.237575,0.413382,-0.0433352,0.740235,0.146625,-0.00122933,-0.0647716,-0.525787,0.151675,0.0463088,-0.0538316,-0.0192241,-0.121941,0.00752733,-0.138281,-0.357174,-0.205538,1.43678,-1.24906,0.790594,0.796655,-0.157703,-1.13203,-0.0234407,0.238418,-0.875196,0.136996,-0.216513,-1.23452,-0.123723,-0.361248,-0.212477,1.44608,-1.24545,0.88306,0.818931,-0.177128,-1.07974,-0.0260614,0.235647,-0.853283,0.0624611,-0.269869,-1.24317,-0.139359,-0.158417,-0.0519752,0.12655,-0.150273,-0.0723477,0.0297035,0.152072,0.107246,0.0936949,0.321768,-0.206495,-0.233031,0.221582,0.335375,-0.97651,0.666096,-0.102467,-0.22541,-0.572146,-0.486474,-0.143484,0.123434,-0.0239079,-0.0697443,-0.129141,-0.238587,-0.0411077,0.287356,-0.249812,-0.0759064,0.0380502,0.158119,0.159331,-0.0315406,0.393445,-0.279986,-0.226406,0.10828,0.239209,-0.963648,0.657577,-0.497598,0.00849812,-0.57552,-0.493295,-0.0433025,-0.246904,-0.0260907,-0.0695339,0.997869,0.0144979,0.0166429,0.0613973,0.805006,0.021411,-0.0288153,-0.592179
0.169095,-0.189702,-0.103626,0.0139448,-0.258637,-0.0705487,0.0513958,0,0.209172,-0.315601,0.39555,-0.279936,0,0.124457,0.624655,-0.943882,0.665117,-0.276259,-0.40699,-0.569483,-0.48204,-0.0665086,0.0592159,-0.0335056,-0.0698361,0.218881,0.211024,-0.0437379,0.173678,0.0573674,0.0622146,0.338082,0,-0.118735,-0.178993,0.0864728,0.00535417,0,-0.00496596,0.291718,0.305701,0.0862798,-0.132164,-0.637274,0.122946,0.150101,-0.324151,-0.120679,-0.132722,-0.0188844,0,0,0,0.997602,0.0436446,-0.041867,0.998552,-0.0551219,0.0314488,0.193523,-0.194469,0.178463,-0.0727313,-0.0980036,-0.0510641,0.123382,-0.154205,-0.0706313,0.0382086,0.179707,0.107305,0.0899431,0.174508,-0.0524468,-0.21893,0.100469,0.229434,-0.972237,0.666533,-0.0437082,-0.175689,-0.318768,-0.234946,-0.144786,0.123008,-0.0273064,-0.0695485,0.338272,0.0418508,0.0373064,-0.144965,-0.186188,0.13761,0.429966,1.46119,0.00463749,-0.198131,0.130855,0.172505,0.830246,-0.0647294,0.671776,0.247168,0.0370793,-0.061704,-0.505857,0.177057,0.0963597,-0.0731369,-0.0263882,-0.150008,0.00860432,-0.123723,-0.361248,-0.212477,1.44608,-1.24545,0.88306,0.818931,-0.177128,-1.07974,-0.0260614,0.235647,-0.853283,0.0624611,-0.269869,-1.24317,-0.103183,-0.361437,-0.22702,1.45988,-1.23635,0.98494,0.870592,-0.159685,-1.00061,-0.0138801,0.242495,-0.757572,0.053164,-0.348205,-1.30477,-0.132731,-0.158004,-0.0510641,0.123382,-0.154205,-0.0706313,0.0382086,0.179707,0.107305,0.0899431,0.324508,-0.202447,-0.21893,0.220469,0.349434,-0.972237,0.666533,-0.103708,-0.235689,-0.568768,-0.484946,-0.144786,0.123008,-0.0273064,-0.0695485,-0.121861,-0.240624,-0.0424953,0.289215,-0.24909,-0.074063,0.0457721,0.176612,0.163786,-0.0354256,0.394762,-0.279963,-0.215949,0.106969,0.237824,-0.955206,0.660057,-0.486642,-0.0287695,-0.572234,-0.489286,-0.0539737,-0.248633,-0.0299369,-0.0693325,0.997753,0.0166398,0.0148327,0.0631896,0.805006,0.021411,-0.0288153,-0.592179
0.172866,-0.178249,-0.102015,0.0282128,-0.244062,-0.0654938,0.0549414,0,0.209429,-0.323096,0.396314,-0.279593,0,0.125195,0.613243,-0.931004,0.671553,-0.277518,-0.41124,-0.566651,-0.469871,-0.0752925,0.0548132,-0.0377031,-0.0657082,0.20978,0.319503,-0.00644751,0.335594,0.258775,0.119373,0.289841,0,-0.0792715,-0.237719,0.0719943,0.00889195,0,0.00759688,0.0330166,0.407169,0.156935,-0.1114,-0.509846,0.128541,0.287606,-0.358665,-0.150517,-0.155868,0.0486995,0,0,0,0.997364,0.0430135,-0.0415941,0.998814,-0.0594583,0.0227953,0.172305,-0.184012,0.123532,-0.0654931,-0.0968406,-0.0500131,0.120942,-0.157501,-0.0664224,0.0466041,0.210416,0.108236,0.0864895,0.17691,-0.0497169,-0.198896,0.0987812,0.242216,-0.965847,0.668173,-0.0447789,-0.185603,-0.315075,-0.231994,-0.146526,0.122233,-0.0308827,-0.0696996,0.374671,0.0666972,0.0670488,-0.102609,-0.146039,0.261617,0.413002,1.53114,0.0777387,-0.15095,0.113925,0.106688,1.00795,-0.0969598,0.611462,0.352889,0.108074,-0.052249,-0.485417,0.186223,0.180487,-0.0966475,-0.0468923,-0.150596,-0.0107089,-0.103183,-0.361437,-0.22702,1.45988,-1.23635,0.98494,0.870592,-0.159685,-1.00061,-0.0138801,0.242495,-0.757572,0.053164,-0.348205,-1.30477,-0.10211,-0.340424,-0.240169,1.48,-1.25564,1.0955,0.918723,-0.105405,-0.897928,0.00254127,0.255347,-0.535536,0.120052,-0.41431,-1.43373,-0.125493,-0.156841,-0.0500131,0.120942,-0.157501,-0.0664224,0.0466041,0.210416,0.108236,0.0864895,0.32691,-0.199717,-0.198896,0.218781,0.362216,-0.965847,0.668174,-0.104779,-0.245603,-0.565075,-0.481994,-0.146526,0.122233,-0.0308827,-0.0696996,-0.111592,-0.240719,-0.0454039,0.291975,-0.247269,-0.0705487,0.0513958,0.196988,0.174118,-0.031937,0.39555,-0.279936,-0.200123,0.11306,0.241248,-0.943882,0.665117,-0.438786,-0.033418,-0.569483,-0.48204,-0.0696411,-0.260954,-0.0335056,-0.0698361,0.997644,0.0186113,0.0131063,0.064718,0.806023,0.0198911,-0.0270388,-0.590931
0.175889,-0.166157,-0.0999726,0.0448587,-0.226525,-0.0596687,0.057448,0,0.210421,-0.331129,0.397066,-0.279092,0,0.126236,0.59849,-0.917348,0.678677,-0.278369,-0.41323,-0.563779,-0.45524,-0.0850175,0.0499879,-0.0422151,-0.0592645,0.192198,0.405044,0.0261161,0.484605,0.444196,0.170938,0.240487,0,-0.040606,-0.286899,0.0616782,0.0137386,0,0.0209348,-0.198176,0.489857,0.216717,-0.0907488,-0.386737,0.133066,0.420777,-0.396941,-0.177741,-0.176787,0.130745,0,0,0,0.996851,0.0430578,-0.0425088,0.99905,-0.0669374,0.00677974,0.141407,-0.163823,0.0571942,-0.0576582,-0.0953459,-0.0483646,0.119476,-0.159798,-0.0598419,0.0542501,0.240707,0.110662,0.0841862,0.179011,-0.0481475,-0.176668,0.0963927,0.253734,-0.957362,0.671359,-0.0453754,-0.195001,-0.311302,-0.226701,-0.148728,0.120984,-0.0347549,-0.0678464,0.396746,0.0782574,0.0925843,-0.0488366,-0.0890075,0.372722,0.361555,1.44243,0.148326,-0.0922755,0.100407,0.0548164,1.06902,-0.131998,0.545038,0.451851,0.18599,-0.0232875,-0.455844,0.187742,0.316546,-0.119758,-0.0724567,-0.166992,0.109483,-0.10211,-0.340424,-0.240169,1.48,-1.25564,1.0955,0.918723,-0.105405,-0.897928,0.00254127,0.255347,-0.535536,0.120052,-0.41431,-1.43373,-0.130031,-0.292547,-0.239932,1.50025,-1.32178,1.2006,0.988847,0.00388324,-0.785278,0.00689834,0.275265,-0.241865,0.261626,-0.464986,-1.627,-0.117658,-0.155346,-0.0483646,0.119476,-0.159798,-0.0598419,0.0542501,0.240707,0.110662,0.0841862,0.329011,-0.198147,-0.176668,0.216393,0.373734,-0.957362,0.671359,-0.105375,-0.255001,-0.561302,-0.476701,-0.148728,0.120984,-0.0347549,-0.0678464,-0.111055,-0.230212,-0.0480338,0.296,-0.251129,-0.0654938,0.0549414,0.2191,0.183745,-0.0210809,0.396314,-0.279593,-0.179586,0.121271,0.247674,-0.931004,0.671553,-0.327768,2.62359e-05,-0.566651,-0.469871,-0.082862,-0.286746,-0.0377031,-0.0657082,0.997573,0.0203413,0.0115385,0.0655821,0.806395,0.0162289,-0.0215676,-0.590762
0.141631,-0.148842,-0.101309,0.0801117,-0.196876,-0.054258,0.0575701,0,0.202703,-0.347322,0.398003,-0.278024,0,0.199142,0.569656,-0.905708,0.683039,-0.308917,-0.409771,-0.563499,-0.440821,-0.0931651,0.0438016,-0.0489275,-0.0602426,-0.379336,0.543249,-0.00177114,0.868019,0.755675,0.200817,0.170172,0,-0.144189,-0.443722,0.0572206,0.025632,0,1.10823,-0.571244,0.517489,0.217126,-0.52174,-0.218833,0.0973446,0.510833,-0.400071,-0.217213,-0.224438,0.0768497,0,0,0,0.996669,0.0431885,-0.0428168,0.999059,-0.0694095,0.00386277,0.106733,-0.129093,-0.0158312,-0.049552,-0.0937481,-0.0461476,0.119036,-0.160873,-0.0513372,0.0606136,0.267688,0.114216,0.0831702,0.18079,-0.0474929,-0.153635,0.0933313,0.263633,-0.947095,0.675976,-0.0461113,-0.203523,-0.307465,-0.218422,-0.151296,0.11924,-0.0389878,-0.0633292,0.403803,0.078515,0.123335,0.000362543,-0.0248152,0.454954,0.290023,1.22434,0.192251,-0.0249112,0.0825633,0.0131524,1.09459,-0.1666,0.452621,0.530494,0.250171,-0.0553134,-0.40291,0.191926,0.468306,-0.134871,-0.097293,-0.181748,0.219707,-0.130031,-0.292547,-0.239932,1.50025,-1.32178,1.2006,0.988847,0.00388324,-0.785278,0.00689834,0.275265,-0.241865,0.261626,-0.464986,-1.627,-0.171974,-0.28588,-0.298099,1.55786,-1.24359,1.23392,1.14841,0.195599,-0.643894,0.0468001,0.325249,0.238821,0.532293,-0.474764,-1.74377,-0.109552,-0.153748,-0.0461476,0.119036,-0.160873,-0.0513372,0.0606136,0.267688,0.114216,0.0831702,0.33079,-0.197493,-0.153635,0.213331,0.383633,-0.947095,0.675976,-0.106111,-0.263523,-0.557465,-0.468422,-0.151296,0.11924,-0.0389878,-0.0633292,-0.125015,-0.206273,-0.0479863,0.30005,-0.264355,-0.0596687,0.057448,0.240121,0.197769,0.000776649,0.397066,-0.279092,-0.157056,0.123449,0.257632,-0.917348,0.678677,-0.180933,0.0708129,-0.563779,-0.45524,-0.0929972,-0.325401,-0.0422151,-0.0592645,0.997547,0.0217484,0.0102513,0.065746,0.806395,0.0162289,-0.0215676,-0.590762
0.0990042,-0.129169,-0.102965,0.120678,-0.161816,-0.0498653,0.0569565,0,0.19084,-0.365142,0.399341,-0.27704,0,0.287733,0.534901,-0.896558,0.686311,-0.341055,-0.403779,-0.563774,-0.427587,-0.102719,0.0359393,-0.0567387,-0.0594099,-0.90494,0.67537,-0.0260674,1.2161,1.05488,0.206462,0.109916,0,-0.278884,-0.577905,0.0601281,0.0327022,0,2.10464,-0.921192,0.499499,0.201072,-0.847284,-0.0633095,0.0640169,0.556094,-0.423357,-0.269984,-0.274273,0.066286,0,0,0,0.996366,0.0301219,-0.0319994,0.999237,-0.0789305,-0.0248632,0.0590628,-0.0246023,-0.203632,-0.0423893,-0.0941729,-0.0424468,0.119922,-0.160163,-0.0414856,0.0646457,0.285959,0.119978,0.0855418,0.182485,-0.0475235,-0.127525,0.089874,0.272386,-0.935637,0.681281,-0.0470393,-0.210834,-0.304067,-0.2075,-0.154288,0.116922,-0.044446,-0.061049,0.306219,-0.108694,0.226937,0.0821961,0.0859423,0.510398,0.134602,0.616376,0.353165,0.224845,0.0900241,-0.0145727,1.34096,-0.170718,0.426315,0.573593,0.259394,-0.0428548,-0.338804,0.152182,0.57975,-0.161758,-0.129863,-0.246315,0.0562619,-0.171974,-0.28588,-0.298099,1.55786,-1.24359,1.23392,1.14841,0.195599,-0.643894,0.0468001,0.325249,0.238821,0.532293,-0.474764,-1.74377,-0.233026,-0.211383,-0.272955,1.55889,-1.14105,1.20968,1.25992,0.365895,-0.503587,0.106864,0.366721,0.739208,0.740253,-0.613709,-1.79171,-0.102389,-0.154173,-0.0424468,0.119922,-0.160163,-0.0414856,0.0646457,0.285959,0.119978,0.0855418,0.332485,-0.197524,-0.127525,0.209874,0.392386,-0.935637,0.681281,-0.107039,-0.270834,-0.554067,-0.4575,-0.154288,0.116922,-0.044446,-0.061049,-0.145987,-0.20294,-0.0596198,0.311572,-0.248719,-0.054258,0.0575701,0.246785,0.229682,0.0391198,0.398003,-0.278024,-0.128779,0.1434,0.282625,-0.905708,0.683039,0.0594104,0.206146,-0.563499,-0.440821,-0.0949528,-0.348753,-0.0489275,-0.0602426,0.997603,0.022743,0.00968898,0.0646323,0.80917,0.007445,-0.0101115,-0.587441
0.0396398,-0.104779,-0.105256,0.17187,-0.115933,-0.0475087,0.0548715,0,0.170685,-0.386216,0.401483,-0.276224,0,0.407697,0.488306,-0.892385,0.687404,-0.376372,-0.392722,-0.565159,-0.416723,-0.115085,0.0247249,-0.0667471,-0.0549555,-1.52392,0.838608,-0.0526256,1.61915,1.42666,0.179872,0.0456674,0,-0.497544,-0.720652,0.0742189,0.0351412,0,3.2727,-1.34376,0.41224,0.157153,-1.12286,0.12154,0.0240363,0.552222,-0.481845,-0.357204,-0.342118,0.113217,0,0,0,0.996634,0.0245664,-0.0264409,0.999385,-0.0775934,-0.0250139,-0.0109747,0.1089,-0.332792,-0.0382903,-0.0984167,-0.0372176,0.122855,-0.156905,-0.0312624,0.0656683,0.289131,0.127959,0.0921211,0.184548,-0.0478848,-0.0973311,0.0872968,0.280418,-0.924221,0.686175,-0.0479099,-0.216861,-0.301509,-0.195009,-0.157964,0.1139,-0.0512538,-0.0600577,0.115957,-0.284081,0.275287,0.202007,0.226072,0.498163,-0.00366209,-0.212515,0.412069,0.385286,0.115133,-0.0223399,1.4678,-0.0870132,0.375341,0.54142,0.222672,-0.0523807,-0.272391,0.112155,0.633295,-0.200718,-0.168082,-0.301733,0.0384412,-0.233026,-0.211383,-0.272955,1.55889,-1.14105,1.20968,1.25992,0.365895,-0.503587,0.106864,0.366721,0.739208,0.740253,-0.613709,-1.79171,-0.211645,-0.171798,-0.28164,1.62972,-0.869749,1.10266,1.41743,0.377195,-0.344242,0.221091,0.46087,1.3812,0.948963,-0.726298,-1.71828,-0.0982903,-0.158417,-0.0372176,0.122855,-0.156905,-0.0312624,0.0656683,0.289131,0.127959,0.0921211,0.334548,-0.197885,-0.0973311,0.207297,0.400418,-0.924221,0.686175,-0.10791,-0.276861,-0.551509,-0.445009,-0.157964,0.1139,-0.0512538,-0.0600577,-0.176513,-0.165691,-0.0545909,0.311778,-0.228209,-0.0498653,0.0569565,0.241936,0.251984,0.0731789,0.399341,-0.27704,-0.100717,0.173432,0.303361,-0.896558,0.686311,0.309604,0.310127,-0.563774,-0.427587,-0.122742,-0.358342,-0.0567387,-0.0594099,0.997762,0.0231003,0.0104252,0.0618791,0.80917,0.007445,-0.0101115,-0.587441
-0.0248777,-0.0755666,-0.10587,0.217477,-0.0694973,-0.0465625,0.0509363,0,0.137065,-0.403576,0.404862,-0.276856,0,0.537848,0.434951,-0.892671,0.688829,-0.388179,-0.377768,-0.568025,-0.410483,-0.130408,0.0135309,-0.0689244,-0.0514937,-2.03451,1.02521,-0.0460397,1.81752,1.69519,0.140104,-0.027061,0,-0.852582,-0.764851,0.102642,0.0151212,0,4.24316,-1.74096,0.284289,0.131372,-0.963112,0.309385,-0.0261632,0.480156,-0.567127,-0.417954,-0.272141,0.131178,0,0,0,0.996529,-0.00106624,-0.00452767,0.997744,-0.0831263,-0.0671268,-0.105228,0.207722,-0.416374,-0.0380859,-0.105566,-0.0314652,0.128679,-0.1505,-0.0216367,0.0641766,0.274442,0.136674,0.101082,0.187428,-0.0481362,-0.0649336,0.0872952,0.287585,-0.914453,0.690009,-0.0493821,-0.221656,-0.299723,-0.182094,-0.162621,0.109925,-0.0597702,-0.057434,-0.0709927,-0.398645,0.286746,0.366026,0.396802,0.459717,-0.120123,-1.1185,0.437836,0.476716,0.167993,-0.00631415,1.5657,0.0759325,0.339249,0.428957,0.163301,-0.101796,-0.21621,0.076463,0.631384,-0.256897,-0.22346,-0.381048,0.135584,-0.211645,-0.171798,-0.28164,1.62972,-0.869749,1.10266,1.41743,0.377195,-0.344242,0.221091,0.46087,1.3812,0.948963,-0.726298,-1.71828,-0.210119,-0.126233,-0.178434,1.61851,-0.856373,1.05709,1.38194,0.199544,-0.158097,0.286628,0.496919,1.70425,0.91467,-0.980463,-1.68482,-0.0980859,-0.165566,-0.0314652,0.128679,-0.1505,-0.0216367,0.0641766,0.274442,0.136674,0.101082,0.337428,-0.198136,-0.0649336,0.207295,0.407585,-0.914453,0.690009,-0.109382,-0.281656,-0.549723,-0.432094,-0.162621,0.109925,-0.0597702,-0.057434,-0.165822,-0.145899,-0.0563279,0.325943,-0.17395,-0.0475087,0.0548715,0.220532,0.283486,0.075439,0.401483,-0.276224,-0.0688484,0.230545,0.350435,-0.892385,0.687404,0.630598,0.414482,-0.565159,-0.416723,-0.14526,-0.343656,-0.0667471,-0.0549555,0.997977,0.0225407,0.0123156,0.0581568,0.813487,-0.00849305,0.00657851,-0.581484
-0.0919717,-0.0439428,-0.105644,0.260292,-0.0227857,-0.0463215,0.046076,0,0.0967121,-0.419078,0.40886,-0.278212,0,0.673093,0.378215,-0.895185,0.690418,-0.388231,-0.360866,-0.571631,-0.406555,-0.147208,0.00234698,-0.067186,-0.0485283,-2.43057,1.19201,-0.0288411,1.91449,1.88731,0.101688,-0.091848,0,-1.2021,-0.76793,0.131817,-0.00975612,0,4.99888,-2.0697,0.161288,0.115805,-0.674957,0.470101,-0.0724108,0.395032,-0.648994,-0.460326,-0.164423,0.136306,0,0,0,0.996699,-0.0225981,0.0143262,0.994364,-0.0799159,-0.103584,-0.199638,0.236556,-0.22454,-0.0416261,-0.112463,-0.0278423,0.137806,-0.141151,-0.0136216,0.0616073,0.246404,0.142478,0.107628,0.191535,-0.0479957,-0.0294927,0.0912581,0.293367,-0.907938,0.692704,-0.0522314,-0.225731,-0.298573,-0.170156,-0.168466,0.104885,-0.0654879,-0.0540882,-0.250107,-0.281404,0.094587,0.52948,0.522397,0.343051,-0.118545,-1.5347,0.159226,0.189143,0.23192,0.0148329,1.74934,0.293398,0.24437,0.244008,0.112096,-0.17995,-0.194808,0.0471318,0.552657,-0.316504,-0.275112,-0.197578,0.143468,-0.210119,-0.126233,-0.178434,1.61851,-0.856373,1.05709,1.38194,0.199544,-0.158097,0.286628,0.496919,1.70425,0.91467,-0.980463,-1.68482,-0.157657,-0.145655,-0.207874,1.60874,-0.95009,1.03559,1.33611,0.151111,0.00469594,0.375387,0.496298,1.93005,0.818415,-1.24673,-1.62757,-0.101626,-0.172463,-0.0278423,0.137806,-0.141151,-0.0136216,0.0616073,0.246404,0.142478,0.107628,0.341535,-0.197996,-0.0294927,0.211258,0.413367,-0.907938,0.692704,-0.112231,-0.285731,-0.548573,-0.420156,-0.168466,0.104885,-0.0654879,-0.0540882,-0.165059,-0.123117,-0.0356868,0.323703,-0.171275,-0.0465625,0.0509363,0.211417,0.276388,0.0399087,0.404862,-0.276856,-0.0316194,0.263314,0.368459,-0.892671,0.688829,0.792127,0.397335,-0.568025,-0.410483,-0.196093,-0.336964,-0.0689244,-0.0514937,0.998163,0.0209219,0.0146711,0.0549403,0.81673,-0.025244,0.0188256,-0.576161
-0.161816,-0.00869296,-0.101427,0.283394,0.0166603,-0.0460141,0.0384402,0,0.0494068,-0.426843,0.412088,-0.283182,0,0.80495,0.314937,-0.898389,0.694952,-0.356122,-0.339764,-0.575955,-0.411549,-0.144394,-0.00473253,-0.0630617,-0.0495185,-2.74906,1.36315,0.0430696,1.68667,1.91281,0.0757929,-0.17883,0,-1.55105,-0.654029,0.140698,-0.0813804,0,5.47708,-2.39796,0.0648358,0.149076,0.00916401,0.645613,-0.115539,0.201618,-0.412086,-0.428421,-0.053232,0.0805605,0,0,0,0.996978,-0.0237164,0.0162638,0.994877,-0.0759579,-0.0982683,-0.285475,0.190427,0.00228963,-0.0478348,-0.115994,-0.0282839,0.150035,-0.129615,-0.00791186,0.0594062,0.217335,0.142547,0.107893,0.196792,-0.0476724,0.00694796,0.099595,0.297435,-0.904976,0.694791,-0.0568898,-0.229694,-0.29815,-0.160219,-0.175459,0.0989179,-0.0669285,-0.0509212,-0.339655,-0.0887191,-0.0973279,0.676093,0.621039,0.236656,-0.0962409,-1.2935,-0.101994,-0.112148,0.281322,0.0129778,1.67555,0.506758,0.175065,0.081661,0.0964015,-0.277065,-0.201651,0.00565206,0.442664,-0.370964,-0.318013,-0.0181082,0.131553,-0.157657,-0.145655,-0.207874,1.60874,-0.95009,1.03559,1.33611,0.151111,0.00469594,0.375387,0.496298,1.93005,0.818415,-1.24673,-1.62757,-0.0128721,-0.295943,-0.161408,1.34729,-0.865364,0.986779,1.30683,-0.0295294,0.0748494,0.499084,0.452711,2.41957,0.615914,-1.50604,-1.41869,-0.107835,-0.175994,-0.0282839,0.150035,-0.129615,-0.00791186,0.0594062,0.217335,0.142547,0.107893,0.346792,-0.197672,0.00694796,0.219595,0.417435,-0.904976,0.694791,-0.11689,-0.289694,-0.54815,-0.410219,-0.175459,0.0989179,-0.0669285,-0.0509212,-0.138828,-0.132827,-0.0415747,0.321748,-0.190018,-0.0463215,0.046076,0.207117,0.267222,0.0302221,0.40886,-0.278212,0.000939187,0.307693,0.368149,-0.895185,0.690418,0.905024,0.349207,-0.571631,-0.406555,-0.249345,-0.325513,-0.067186,-0.0485283,0.998236,0.0182837,0.0166324,0.0539777,0.81673,-0.025244,0.0188256,-0.576161
-0.232381,0.0257489,-0.0956652,0.299711,0.0510142,-0.0440972,0.0297983,0,0.00825589,-0.431935,0.414647,-0.289418,0,0.934402,0.252838,-0.899774,0.700821,-0.328466,-0.319174,-0.581073,-0.418463,-0.115612,-0.00954143,-0.0595003,-0.0527184,-2.98282,1.47083,0.116574,1.42542,1.85427,0.0818073,-0.254809,0,-1.703,-0.53419,0.136872,-0.150505,0,5.77573,-2.61007,0.0246096,0.192384,0.42126,0.760773,-0.157653,0.0374244,0.143265,-0.372028,0.0161581,0.00839497,0,0,0,0.997168,-0.0318359,0.0233944,0.992342,-0.0714771,-0.119345,-0.335047,0.11201,0.00573522,-0.0542806,-0.116708,-0.0297454,0.164583,-0.116419,-0.00452138,0.0578586,0.196945,0.140591,0.105094,0.202456,-0.0481315,0.0313378,0.110992,0.301067,-0.904791,0.697134,-0.0629179,-0.23397,-0.298584,-0.153634,-0.183354,0.0922513,-0.0650542,-0.0498409,-0.291894,0.00159266,-0.03513,0.764133,0.689584,0.115518,-0.0623299,-0.755873,-0.0675224,-0.13987,0.277709,-0.0538153,0.720357,0.60606,0.193724,-0.0338443,0.126772,-0.322125,-0.224151,-0.0399704,0.239748,-0.408905,-0.346338,0.110063,0.0184879,-0.0128721,-0.295943,-0.161408,1.34729,-0.865364,0.986779,1.30683,-0.0295294,0.0748494,0.499084,0.452711,2.41957,0.615914,-1.50604,-1.41869,0.0847961,-0.377423,0.00278093,1.21811,-1.00459,0.991676,1.09575,-0.0775194,0.168727,0.694533,0.234355,2.57635,0.433373,-1.37763,-1.37041,-0.114281,-0.176708,-0.0297454,0.164583,-0.116419,-0.00452138,0.0578586,0.196945,0.140591,0.105094,0.352456,-0.198132,0.0313378,0.230992,0.421067,-0.904791,0.697134,-0.122918,-0.29397,-0.548584,-0.403634,-0.183354,0.0922513,-0.0650542,-0.0498409,-0.066436,-0.207971,-0.0322816,0.269458,-0.173073,-0.0460141,0.0384402,0.197356,0.261366,-0.00590588,0.412088,-0.283182,0.0149699,0.369542,0.346356,-0.898389,0.694952,1.14978,0.247957,-0.575955,-0.411549,-0.301208,-0.283739,-0.0630617,-0.0495185,0.998266,0.0149751,0.0177663,0.0540807,0.818365,-0.0375694,0.0258935,-0.572885
-0.304389,0.0585749,-0.0868146,0.302459,0.0751839,-0.0389616,0.0191441,0,-0.0205861,-0.431678,0.415867,-0.298185,0,1.05904,0.193096,-0.897521,0.709359,-0.309715,-0.299611,-0.587781,-0.429217,-0.0348951,-0.00980914,-0.0570648,-0.0603374,-3.16809,1.52197,0.214361,1.03901,1.66054,0.1343,-0.33818,0,-1.62473,-0.370089,0.11411,-0.236868,0,5.91262,-2.72318,0.0510333,0.262738,0.576151,0.825989,-0.21098,-0.135121,1.31104,-0.264435,0.0478432,-0.108409,0,0,0,0.997207,-0.031149,0.0232657,0.993211,-0.0709692,-0.112081,-0.389492,0.00696686,0.0323243,-0.0602066,-0.114303,-0.0295347,0.180888,-0.102032,-0.00395885,0.0575175,0.190614,0.139004,0.101149,0.207601,-0.0501559,0.0393973,0.125694,0.303479,-0.906154,0.700418,-0.0698864,-0.2381,-0.300043,-0.151108,-0.191621,0.0852353,-0.0619638,-0.0512836,-0.296708,0.220583,0.0543181,0.858452,0.746279,-0.0413842,0.0191545,0.0557284,-0.076834,-0.238505,0.234424,-0.136101,0.183832,0.840382,0.0568699,-0.0813361,0.182446,-0.36391,-0.18309,-0.0956211,0.0499798,-0.417729,-0.363317,0.136938,-0.0856372,0.0847961,-0.377423,0.00278093,1.21811,-1.00459,0.991676,1.09575,-0.0775194,0.168727,0.694533,0.234355,2.57635,0.433373,-1.37763,-1.37041,0.0922222,-0.394624,0.111135,1.22258,-1.36144,1.00755,0.826292,0.142944,0.204374,0.809182,0.116377,2.63073,0.444807,-0.940653,-1.59938,-0.120207,-0.174303,-0.0295347,0.180888,-0.102032,-0.00395885,0.0575175,0.190614,0.139004,0.101149,0.357601,-0.200156,0.0393973,0.245694,0.423479,-0.906154,0.700418,-0.129886,-0.2981,-0.550043,-0.401108,-0.191621,0.0852353,-0.0619638,-0.0512836,-0.0176019,-0.248711,0.000556186,0.243622,-0.200919,-0.0440972,0.0297983,0.198335,0.21915,-0.0155039,0.414647,-0.289418,0.0337453,0.467267,0.237177,-0.899774,0.700821,1.22817,0.156687,-0.581073,-0.418463,-0.275526,-0.274081,-0.0595003,-0.0527184,0.998311,0.0112969,0.0179338,0.054084,0.818365,-0.0375694,0.0258935,-0.572885
-0.358743,0.0800175,-0.0754976,0.290503,0.090743,-0.0323992,0.00676076,0,-0.0460687,-0.428336,0.416004,-0.30787,0,1.13572,0.156922,-0.894197,0.717316,-0.304967,-0.289572,-0.59196,-0.443503,-0.0125069,-0.0161784,-0.055209,-0.0660588,-3.03297,1.38702,0.319809,0.547978,1.39576,0.192445,-0.422476,0,-1.51955,-0.208932,0.0819225,-0.311082,0,5.28904,-2.44884,0.0855748,0.303272,0.474517,0.72877,-0.210359,-0.308875,1.25355,-0.280644,0.0613272,-0.161707,0,0,0,0.997309,-0.02666,0.0188362,0.993446,-0.0708547,-0.111151,-0.42815,-0.0751058,0.0450583,-0.0674086,-0.107563,-0.0272363,0.198792,-0.086741,-0.00633603,0.0584604,0.199946,0.13633,0.0955808,0.211383,-0.0540951,0.0410624,0.146351,0.302314,-0.907187,0.705258,-0.0770169,-0.240661,-0.302945,-0.152294,-0.199336,0.0777032,-0.0591473,-0.0561067,-0.409413,0.424473,0.176061,0.922436,0.776507,-0.174538,0.0614497,0.760831,-0.172684,-0.293845,0.146763,-0.241811,0.0349559,1.18442,-0.153607,-0.0231588,0.269536,-0.337902,-0.0804786,-0.179208,-0.128847,-0.37525,-0.384096,0.114166,-0.241448,0.0922222,-0.394624,0.111135,1.22258,-1.36144,1.00755,0.826292,0.142944,0.204374,0.809182,0.116377,2.63073,0.444807,-0.940653,-1.59938,0.0290662,-0.349633,-0.015268,1.19723,-1.80508,1.10719,0.661452,0.463245,0.185735,0.802116,0.0612044,2.51182,0.529785,-0.746665,-1.89474,-0.127409,-0.167563,-0.0272363,0.198792,-0.086741,-0.00633603,0.0584604,0.199946,0.13633,0.0955808,0.361383,-0.204095,0.0410624,0.266351,0.422314,-0.907187,0.705258,-0.137017,-0.300661,-0.552945,-0.402294,-0.199336,0.0777032,-0.0591473,-0.0561067,-0.0138889,-0.257312,0.022227,0.244515,-0.272288,-0.0389616,0.0191441,0.201509,0.165258,0.0285887,0.415867,-0.298185,0.0408748,0.524591,0.178189,-0.897521,0.709359,1.25537,0.162404,-0.587781,-0.429217,-0.188131,-0.319876,-0.0570648,-0.0603374,0.998353,0.00721649,0.0170724,0.0542942,0.817094,-0.0408063,0.0273058,-0.574409
-0.404269,0.0957685,-0.0629473,0.271196,0.101997,-0.0251235,-0.00648705,0,-0.0698714,-0.423451,0.415598,-0.318014,0,1.18842,0.132532,-0.890339,0.724983,-0.307222,-0.284296,-0.594873,-0.459555,-0.0192833,-0.0255985,-0.0536431,-0.0708314,-2.80598,1.20718,0.41212,0.0939809,1.14584,0.243848,-0.49445,0,-1.42072,-0.0729769,0.0512652,-0.369913,0,4.49284,-2.08003,0.117777,0.327289,0.298346,0.589281,-0.19095,-0.456988,0.775841,-0.337751,0.0664183,-0.184784,0,0,0,0.997122,-0.0152028,0.00745138,0.994596,-0.0754416,-0.102701,-0.421023,-0.128444,0.0624815,-0.0771079,-0.096918,-0.023993,0.217216,-0.0715389,-0.00969977,0.0587516,0.222583,0.130522,0.0889854,0.213,-0.060366,0.0395479,0.173211,0.29641,-0.906299,0.711808,-0.0823331,-0.240903,-0.307364,-0.156913,-0.206673,0.0699896,-0.0568652,-0.0618736,-0.534415,0.608895,0.15649,0.912881,0.741699,-0.151447,-0.0355323,1.37923,-0.360209,-0.339357,0.0235874,-0.366694,-0.149661,1.44991,-0.406693,0.0881105,0.347332,-0.191709,0.0433558,-0.244272,-0.294408,-0.369681,-0.382479,0.092511,-0.242653,0.0290662,-0.349633,-0.015268,1.19723,-1.80508,1.10719,0.661452,0.463245,0.185735,0.802116,0.0612044,2.51182,0.529785,-0.746665,-1.89474,-0.0333876,-0.334382,-0.118696,1.14089,-2.17533,1.19653,0.594316,0.694593,0.136428,0.781083,0.0187002,2.24601,0.578645,-0.700307,-2.18859,-0.137108,-0.156918,-0.023993,0.217216,-0.0715389,-0.00969977,0.0587516,0.222583,0.130522,0.0889854,0.363,-0.210366,0.0395479,0.293211,0.41641,-0.906299,0.711808,-0.142333,-0.300903,-0.557364,-0.406913,-0.206673,0.0699896,-0.0568652,-0.0618736,-0.0454669,-0.234816,-0.0030536,0.239445,-0.361017,-0.0323992,0.00676076,0.221438,0.13229,0.0926491,0.416004,-0.30787,0.037147,0.521058,0.150602,-0.894197,0.717316,1.19591,0.204893,-0.59196,-0.443503,-0.149333,-0.378947,-0.055209,-0.0660588,0.998383,0.0030514,0.0155331,0.0545974,0.814083,-0.0397604,0.0279493,-0.578712
-0.434458,0.105505,-0.0503688,0.231871,0.100281,-0.0161685,-0.0228452,0,-0.0826658,-0.413786,0.414724,-0.32785,0,1.19145,0.12935,-0.885566,0.727373,-0.294168,-0.291478,-0.595564,-0.477469,-0.0300505,-0.0269294,-0.0590855,-0.0747827,-2.41702,0.99108,0.477161,-0.524092,0.776346,0.305019,-0.591488,0,-1.18642,0.0938904,0.0227687,-0.406485,0,3.19038,-1.50375,0.15403,0.264956,0.404644,0.304765,-0.144035,-0.588608,0.381581,-0.25639,-0.0351432,-0.188619,0,0,0,0.996855,-0.0147457,0.00722785,0.995359,-0.0789183,-0.0950984,-0.372699,-0.131061,-0.0105492,-0.0889693,-0.0837912,-0.0213089,0.234706,-0.0575177,-0.0113871,0.0559299,0.253886,0.122329,0.0829121,0.211904,-0.0693694,0.0321327,0.203966,0.285887,-0.90335,0.719441,-0.083953,-0.238735,-0.312748,-0.164913,-0.214037,0.0625603,-0.0549778,-0.0671052,-0.6271,0.678625,0.129915,0.837353,0.664505,-0.0256591,-0.233811,1.63301,-0.417765,-0.249708,-0.119226,-0.510426,-0.501134,1.58505,-0.613476,0.177123,0.381726,0.0195692,0.159332,-0.278812,-0.462606,-0.36821,-0.358339,0.0775778,-0.212847,-0.0333876,-0.334382,-0.118696,1.14089,-2.17533,1.19653,0.594316,0.694593,0.136428,0.781083,0.0187002,2.24601,0.578645,-0.700307,-2.18859,-0.20585,-0.23832,-0.0558009,0.886206,-2.45974,1.28946,0.618052,0.890328,-0.00750825,0.823269,-0.00976184,1.69195,0.737988,-0.717339,-2.56747,-0.148969,-0.143791,-0.0213089,0.234706,-0.0575177,-0.0113871,0.0559299,0.253886,0.122329,0.0829121,0.361904,-0.219369,0.0321327,0.323966,0.405887,-0.90335,0.719441,-0.143953,-0.298735,-0.562748,-0.414913,-0.214037,0.0625603,-0.0549778,-0.0671052,-0.0766938,-0.227191,-0.0237392,0.228177,-0.435066,-0.0251235,-0.00648705,0.239307,0.118863,0.138919,0.415598,-0.318014,0.0272856,0.510541,0.12935,-0.890339,0.724983,1.063,0.229322,-0.594873,-0.459555,-0.140061,-0.437718,-0.0536431,-0.0708314,0.99841,-0.000761671,0.0137573,0.0546503,0.814083,-0.0397604,0.0279493,-0.578712
-0.461225,0.115335,-0.0386143,0.19826,0.0978027,-0.00814616,-0.0390544,0,-0.0856303,-0.404873,0.413521,-0.33749,0,1.18104,0.126408,-0.88219,0.726929,-0.282502,-0.298833,-0.594395,-0.497686,-0.042537,-0.0274193,-0.0627079,-0.0847059,-2.09341,0.841193,0.510331,-0.871038,0.506273,0.333848,-0.657179,0,-0.874963,0.199424,-0.0021002,-0.429129,0,2.07719,-1.09676,0.158469,0.178803,0.458249,0.103011,-0.0832843,-0.715275,0.0798095,-0.186821,-0.0789364,-0.280881,0,0,0,0.996738,0.00049066,-0.00666695,0.997065,-0.0804332,-0.0765643,-0.308088,-0.0655065,-0.0952574,-0.104324,-0.0704636,-0.0188272,0.250366,-0.0452977,-0.0110382,0.0491867,0.285548,0.113165,0.0790692,0.207836,-0.0812061,0.0093638,0.238568,0.271634,-0.899162,0.726417,-0.0814859,-0.234296,-0.318327,-0.176285,-0.220823,0.0557817,-0.0566994,-0.0715776,-0.875465,0.644906,0.13603,0.737146,0.565691,0.0504098,-0.422029,1.47118,-0.47095,-0.127588,-0.270049,-0.648103,-1.52067,1.83612,-0.784748,0.217852,0.305903,0.220407,0.270907,-0.272329,-0.624438,-0.317176,-0.318627,-0.121745,-0.180943,-0.20585,-0.23832,-0.0558009,0.886206,-2.45974,1.28946,0.618052,0.890328,-0.00750825,0.823269,-0.00976184,1.69195,0.737988,-0.717339,-2.56747,-0.34928,-0.124715,0.0458127,0.614961,-2.55809,1.29094,0.601702,1.11945,-0.206635,0.799652,-0.0124647,1.26257,0.905877,-0.664462,-2.97562,-0.164324,-0.130464,-0.0188272,0.250366,-0.0452977,-0.0110382,0.0491867,0.285548,0.113165,0.0790693,0.357836,-0.231206,0.0093638,0.358568,0.391634,-0.899162,0.726417,-0.141486,-0.294296,-0.568327,-0.426285,-0.220823,0.0557817,-0.0566994,-0.0715776,-0.162925,-0.17916,-0.0111602,0.177241,-0.491948,-0.0161685,-0.0228452,0.257891,0.12361,0.178066,0.414724,-0.32785,-0.00150165,0.531634,0.115119,-0.885566,0.727373,0.785976,0.308994,-0.595564,-0.477469,-0.143468,-0.513494,-0.0590855,-0.0747827,0.998463,-0.00396468,0.0123978,0.0538761,0.809846,-0.0345072,0.02384,-0.585142
-0.481146,0.125348,-0.0285076,0.176075,0.0938012,-0.00198931,-0.0549655,0,-0.0689349,-0.397463,0.411663,-0.346735,0,1.14378,0.123943,-0.881605,0.720815,-0.273609,-0.306534,-0.589504,-0.522507,-0.058462,-0.026227,-0.0626903,-0.106573,-1.76421,0.739036,0.508832,-0.94249,0.294368,0.326046,-0.698691,0,-0.362043,0.25075,-0.0293513,-0.439065,0,0.895009,-0.804697,0.119694,0.0334576,0.454166,-0.0434025,0.0150576,-0.87301,-0.183009,-0.112891,-0.0549919,-0.524621,0,0,0,0.996686,-0.002821,-0.0029791,0.997462,-0.0812876,-0.0711447,-0.239564,0.0337392,-0.237107,-0.124281,-0.0583745,-0.0150029,0.263837,-0.0351541,-0.00958217,0.0392865,0.30786,0.104021,0.0785593,0.200781,-0.0955958,-0.0355464,0.277308,0.254132,-0.894812,0.731157,-0.0746962,-0.227597,-0.323315,-0.190691,-0.225901,0.0498841,-0.0600597,-0.0785669,-1.07354,0.570022,0.246648,0.620763,0.456588,0.0959658,-0.555986,0.768807,-0.422975,0.0683966,-0.415161,-0.765335,-2.52406,1.98844,-0.94517,0.205477,0.1767,0.450024,0.385381,-0.228837,-0.762584,-0.212483,-0.270682,-0.147515,-0.334558,-0.34928,-0.124715,0.0458127,0.614961,-2.55809,1.29094,0.601702,1.11945,-0.206635,0.799652,-0.0124647,1.26257,0.905877,-0.664462,-2.97562,-0.641878,0.0486418,0.162009,0.380147,-2.73722,1.25545,0.504641,1.2754,-0.406457,0.789922,0.0182341,0.614418,1.2004,-0.656228,-3.35624,-0.184281,-0.118374,-0.0150029,0.263837,-0.0351541,-0.00958217,0.0392865,0.30786,0.104021,0.0785593,0.350781,-0.245596,-0.0355464,0.397308,0.374132,-0.894812,0.731157,-0.134696,-0.287597,-0.573315,-0.440691,-0.225901,0.0498841,-0.0600597,-0.0785669,-0.23464,-0.122357,0.00916253,0.122992,-0.511618,-0.00814616,-0.0390544,0.258189,0.12034,0.223889,0.413521,-0.33749,-0.0413269,0.519826,0.113768,-0.88219,0.726929,0.571283,0.392939,-0.594395,-0.497686,-0.132892,-0.595123,-0.0627079,-0.0847059,0.998554,-0.00651506,0.0119745,0.0520007,0.809846,-0.0345072,0.02384,-0.585142
-0.49652,0.133491,-0.0183043,0.161564,0.088869,0.00264881,-0.0731261,0,-0.0403737,-0.391579,0.409561,-0.356287,0,1.0857,0.122316,-0.885266,0.713633,-0.2628,-0.315058,-0.582463,-0.548996,-0.0630249,-0.0178741,-0.0625661,-0.119096,-1.46556,0.639474,0.509232,-0.87742,0.132075,0.297804,-0.761494,0,0.174988,0.263774,-0.0520623,-0.450628,0,-0.244702,-0.587694,0.0288714,-0.0843052,0.480056,-0.15824,0.116156,-1.00845,-0.19655,0.0462708,-0.0366303,-0.555086,0,0,0,0.996844,0.00825023,-0.012404,0.998556,-0.0784106,-0.0530779,-0.17051,0.203462,-0.0642607,-0.151353,-0.0479203,-0.0118351,0.274622,-0.0273766,-0.00825453,0.0273845,0.31036,0.0928432,0.0782403,0.191342,-0.111835,-0.0908843,0.320291,0.23291,-0.89135,0.732506,-0.0635093,-0.218625,-0.327116,-0.208055,-0.227744,0.0450286,-0.0618759,-0.0933173,-1.56717,0.484623,0.089756,0.478773,0.333978,0.0451828,-0.627093,-0.406554,-0.620893,-0.0853745,-0.511416,-0.836997,-2.59605,2.25648,-1.15411,0.143485,-0.0151708,0.682451,0.497638,-0.160365,-0.913964,-0.0418764,-0.217059,-0.0530154,-0.723141,-0.641878,0.0486418,0.162009,0.380147,-2.73722,1.25545,0.504641,1.2754,-0.406457,0.789922,0.0182341,0.614418,1.2004,-0.656228,-3.35624,-0.822951,0.26415,0.153948,0.356795,-2.7028,1.17784,0.489342,1.36275,-0.596718,0.645211,0.169001,0.0161069,1.4719,-0.731277,-3.59174,-0.211353,-0.10792,-0.0118351,0.274622,-0.0273766,-0.00825453,0.0273845,0.31036,0.0928432,0.0782403,0.341342,-0.261835,-0.0908843,0.440291,0.35291,-0.89135,0.732506,-0.123509,-0.278625,-0.577116,-0.458055,-0.227744,0.0450286,-0.0618759,-0.0933173,-0.380939,-0.0356791,0.0324019,0.0760294,-0.547444,-0.00198931,-0.0549655,0.25109,0.100928,0.25508,0.411663,-0.346735,-0.0812914,0.514961,0.129117,-0.881605,0.720815,0.247209,0.540202,-0.589504,-0.522507,-0.131246,-0.671248,-0.0626903,-0.106573,0.998619,-0.00851409,0.012969,0.0501994,0.806264,-0.0286743,0.0192252,-0.590548
-0.50962,0.140699,-0.00805262,0.150888,0.0834716,0.00652756,-0.0924116,0,-0.00587961,-0.38646,0.407339,-0.365993,0,1.01721,0.121108,-0.89105,0.705917,-0.251032,-0.323993,-0.574347,-0.57632,-0.0619068,-0.00594075,-0.0623884,-0.126948,-1.22239,0.555753,0.510238,-0.774328,0.0114906,0.266644,-0.822328,0,0.639902,0.261438,-0.0697772,-0.461025,0,-1.19859,-0.429511,-0.0665443,-0.174751,0.512554,-0.244798,0.203055,-1.11576,-0.120813,0.211389,-0.0229769,-0.506334,0,0,0,0.996767,0.026217,-0.0289276,0.998975,-0.074952,-0.0368991,-0.116964,0.314696,0.106897,-0.185035,-0.0385166,-0.011697,0.280972,-0.0218598,-0.00747949,0.0146019,0.289598,0.0757503,0.0747051,0.180652,-0.129218,-0.137335,0.364233,0.208212,-0.889341,0.730371,-0.0534143,-0.208039,-0.329238,-0.228089,-0.218958,0.0412039,-0.0620842,-0.108395,-1.71255,0.458296,0.000561224,0.129019,0.23214,0.00611721,-0.633974,-1.47704,-1.07038,-0.210269,-0.473114,-0.88743,-1.8664,2.00285,-1.27949,0.253644,-0.170475,0.652201,0.544084,-0.0847916,-1.0333,0.873756,-0.16727,0.138399,-0.613296,-0.822951,0.26415,0.153948,0.356795,-2.7028,1.17784,0.489342,1.36275,-0.596718,0.645211,0.169001,0.0161069,1.4719,-0.731277,-3.59174,-0.907986,0.365623,0.0391175,0.44999,-2.56187,1.08645,0.503097,1.2784,-0.769224,0.544202,0.32019,-0.0715264,1.78793,-0.703207,-3.71321,-0.245035,-0.0985166,-0.011697,0.280972,-0.0218598,-0.00747949,0.0146019,0.289598,0.0757503,0.0747051,0.330652,-0.279218,-0.137335,0.484233,0.328212,-0.889341,0.730371,-0.113414,-0.268039,-0.579238,-0.478089,-0.218958,0.0412039,-0.0620842,-0.108395,-0.471476,0.0720751,0.0307896,0.071359,-0.540559,0.00264881,-0.0731261,0.235567,0.0978684,0.27255,0.409561,-0.356287,-0.119344,0.442606,0.2045,-0.885266,0.713633,-0.0519465,0.675951,-0.582463,-0.548996,-0.146255,-0.718349,-0.0625661,-0.119096,0.998555,-0.0101911,0.0155368,0.0504312,0.801711,-0.0224782,0.0157733,-0.597081
-0.51029,0.148827,0.00134276,0.141916,0.0786215,0.00979095,-0.113861,0,0.0386567,-0.370718,0.404385,-0.376433,0,0.918921,0.123433,-0.899658,0.701089,-0.23276,-0.334885,-0.564345,-0.606096,-0.0598002,-0.00144357,-0.0608443,-0.126652,-0.865717,0.510941,0.498097,-0.676608,-0.064708,0.235602,-0.897365,0,1.11598,0.419135,-0.093155,-0.479326,0,-2.31333,-0.265785,-0.175703,-0.194746,0.632873,-0.334743,0.292172,-1.22768,-0.0529709,0.21543,0.0070787,-0.349992,0,0,0,0.99714,0.0293767,-0.0316666,0.998986,-0.0686166,-0.0341287,-0.0848166,0.339178,0.179545,-0.217313,-0.0293745,-0.010929,0.280407,-0.0178532,-0.010774,0.00286518,0.252399,0.0525758,0.0695683,0.178013,-0.146949,-0.168233,0.397393,0.18252,-0.875379,0.725582,-0.0472158,-0.197269,-0.333081,-0.25003,-0.199409,0.0380968,-0.054896,-0.119591,-1.50461,0.455316,0.0481297,-0.147754,0.168346,-0.261591,-0.590149,-2.07576,-1.12138,-0.277564,0.0343107,-0.881402,-1.16049,1.33135,-1.27571,0.7193,-0.266651,0.189345,0.524041,-0.265512,-1.10216,1.00264,-0.1397,0.291933,-0.430209,-0.907986,0.365623,0.0391175,0.44999,-2.56187,1.08645,0.503097,1.2784,-0.769224,0.544202,0.32019,-0.0715264,1.78793,-0.703207,-3.71321,-0.869172,0.358234,-0.0714875,0.547475,-2.39224,0.971827,0.542285,1.13054,-0.885829,0.519091,0.385724,-0.0981916,2.03497,-0.671565,-3.75789,-0.277313,-0.0893745,-0.010929,0.280407,-0.0178532,-0.010774,0.00286518,0.252399,0.0525758,0.0695683,0.328013,-0.296949,-0.168233,0.517393,0.30252,-0.875379,0.725582,-0.107216,-0.257269,-0.583081,-0.50003,-0.199409,0.0380968,-0.054896,-0.119591,-0.513993,0.122811,0.00782351,0.089998,-0.512374,0.00652756,-0.0924116,0.217291,0.100619,0.25568,0.407339,-0.365993,-0.153845,0.392101,0.280095,-0.89105,0.705917,-0.0957632,0.833966,-0.574347,-0.57632,-0.140641,-0.742642,-0.0623884,-0.126948,0.998417,-0.0116069,0.0187703,0.0517365,0.801711,-0.0224782,0.0157733,-0.597081
-0.508097,0.156647,0.0100637,0.131053,0.0744072,0.0130939,-0.135017,0,0.0812552,-0.356927,0.401047,-0.387021,0,0.812583,0.125317,-0.907112,0.697808,-0.209869,-0.345009,-0.554133,-0.635146,-0.0585279,0.0018692,-0.0596454,-0.127776,-0.573105,0.474958,0.479483,-0.636567,-0.10851,0.214465,-0.945507,0,1.42016,0.500251,-0.115288,-0.494345,0,-3.2144,-0.157785,-0.234792,-0.185544,0.786371,-0.386172,0.357692,-1.29513,-0.0179953,0.200493,0.0229387,-0.261853,0,0,0,0.996486,0.0516942,-0.052808,0.998488,-0.0650139,-0.0186974,-0.0570378,0.316491,0.14844,-0.242904,-0.0203173,-0.0102249,0.276135,-0.0151261,-0.0166808,-0.0102542,0.208451,0.0361764,0.0644445,0.180228,-0.164461,-0.185755,0.414911,0.158036,-0.866304,0.720329,-0.0453855,-0.187528,-0.337705,-0.273039,-0.180506,0.0356736,-0.0514367,-0.124545,-1.084,0.450507,0.0177357,-0.2601,0.111833,-0.300363,-0.728539,-2.19091,-0.528129,-0.229684,0.150092,-0.859166,-0.610061,0.438103,-1.16986,0.23248,-0.250369,0.156656,0.445524,-0.163765,-1.15352,0.951275,-0.101776,0.0470752,-0.138143,-0.869172,0.358234,-0.0714875,0.547475,-2.39224,0.971827,0.542285,1.13054,-0.885829,0.519091,0.385724,-0.0981916,2.03497,-0.671565,-3.75789,-0.793,0.358088,-0.0757504,0.595547,-2.29396,0.832092,0.604088,1.02915,-0.931326,0.502841,0.391793,-0.092079,2.15314,-0.675975,-3.72478,-0.302904,-0.0803173,-0.0102249,0.276135,-0.0151261,-0.0166808,-0.0102542,0.208451,0.0361764,0.0644445,0.330228,-0.314461,-0.185755,0.534911,0.278036,-0.866304,0.720329,-0.105385,-0.247528,-0.587705,-0.523039,-0.180506,0.0356736,-0.0514367,-0.124545,-0.494586,0.119117,-0.0142975,0.109495,-0.478449,0.00979095,-0.113861,0.194365,0.108457,0.226109,0.404385,-0.376433,-0.177166,0.379545,0.312862,-0.899658,0.701089,-0.109096,0.957485,-0.564345,-0.606096,-0.134313,-0.751577,-0.0608443,-0.126652,0.998256,-0.0127138,0.0220304,0.053276,0.796457,-0.0158468,0.0125596,-0.604357
-0.500178,0.163851,0.0174359,0.116409,0.0714645,0.0164758,-0.15559,0,0.119978,-0.34704,0.396939,-0.397903,0,0.690145,0.12632,-0.912256,0.69762,-0.177742,-0.353595,-0.543503,-0.662744,-0.0589241,0.00281314,-0.059137,-0.13174,-0.282394,0.44054,0.44622,-0.665262,-0.120097,0.200854,-0.970438,0,1.57496,0.498486,-0.142319,-0.509277,0,-4.08665,-0.0954033,-0.241516,-0.132705,1.03237,-0.399111,0.409837,-1.32056,-0.0185395,0.154504,0.0236829,-0.242756,0,0,0,0.996755,0.052953,-0.0538769,0.998453,-0.0598016,-0.0169298,-0.0416394,0.227737,-0.0164794,-0.257496,-0.0105775,-0.00935022,0.271263,-0.0134156,-0.0217363,-0.0265743,0.167117,0.0345867,0.0616785,0.182994,-0.18115,-0.192321,0.415471,0.135845,-0.866746,0.715802,-0.0460108,-0.179576,-0.337029,-0.297028,-0.166621,0.0340891,-0.0522493,-0.126586,-0.454195,0.518142,0.0398875,-0.240936,0.0651383,-0.183088,-0.903704,-1.89075,0.277912,-0.0752291,0.1048,-0.801342,-0.103911,-0.376837,-1.05554,-0.267568,-0.204713,0.0325559,0.350424,0.238881,-1.20157,0.621183,-0.0561237,-0.21995,-0.0703152,-0.793,0.358088,-0.0757504,0.595547,-2.29396,0.832092,0.604088,1.02915,-0.931326,0.502841,0.391793,-0.092079,2.15314,-0.675975,-3.72478,-0.797595,0.377194,0.0338437,0.611112,-2.25533,0.709347,0.71815,0.831601,-0.919332,0.47933,0.416595,-0.0683861,2.211,-0.702167,-3.61935,-0.317496,-0.0705775,-0.00935022,0.271263,-0.0134156,-0.0217363,-0.0265743,0.167117,0.0345867,0.0616785,0.332994,-0.33115,-0.192321,0.535471,0.255845,-0.866746,0.715802,-0.106011,-0.239576,-0.587029,-0.547028,-0.166621,0.0340891,-0.0522493,-0.126586,-0.4565,0.119044,-0.0151501,0.119109,-0.458793,0.0130939,-0.135017,0.166418,0.120818,0.205829,0.401047,-0.387021,-0.186265,0.371421,0.315896,-0.907112,0.697808,-0.106039,1.01657,-0.554133,-0.635146,-0.135195,-0.744956,-0.0596454,-0.127776,0.998157,-0.013506,0.0246907,0.0537561,0.796457,-0.0158468,0.0125596,-0.604357
-0.48733,0.171743,0.0236528,0.0970086,0.0700793,0.0196389,-0.173554,0,0.153314,-0.339574,0.392497,-0.408016,0,0.555858,0.126916,-0.918338,0.697004,-0.129773,-0.363363,-0.53118,-0.688242,-0.0594542,0.00484186,-0.0638684,-0.138964,-0.00494898,0.426755,0.405608,-0.756689,-0.104846,0.188044,-0.948779,0,1.6025,0.460924,-0.166252,-0.508183,0,-4.87496,-0.0578403,-0.260299,-0.102132,1.4422,-0.425894,0.471734,-1.30686,-0.0209285,0.138584,-0.0543933,-0.278297,0,0,0,0.995763,0.0675538,-0.0678002,0.997697,-0.0621277,-0.00606001,-0.0366019,0.137567,-0.109181,-0.260035,0.000563566,-0.00849497,0.267591,-0.0125276,-0.023475,-0.046036,0.133948,0.0475357,0.0611623,0.184118,-0.196271,-0.188533,0.404116,0.11611,-0.875009,0.712282,-0.0520004,-0.173705,-0.328354,-0.322099,-0.16224,0.0333086,-0.0540103,-0.129344,0.120557,0.586744,0.0489428,-0.133329,0.0316317,-0.0552936,-1.00724,-1.41722,0.885252,-0.008109,0.0320011,-0.705931,0.358344,-0.625032,-0.928084,-0.340747,-0.164131,-0.735102,0.246314,0.477536,-1.26163,-0.179998,-0.0313542,0.135879,-0.132439,-0.797595,0.377194,0.0338437,0.611112,-2.25533,0.709347,0.71815,0.831601,-0.919332,0.47933,0.416595,-0.0683861,2.211,-0.702167,-3.61935,-0.74616,0.353154,0.0644836,0.610424,-2.22655,0.595761,0.887152,0.748566,-0.891214,0.426708,0.408864,-0.0214303,2.09325,-0.717613,-3.51407,-0.320035,-0.0594364,-0.00849497,0.267591,-0.0125276,-0.023475,-0.046036,0.133948,0.0475357,0.0611623,0.334118,-0.346271,-0.188533,0.524116,0.23611,-0.875009,0.712282,-0.112,-0.233705,-0.578354,-0.572099,-0.16224,0.0333086,-0.0540103,-0.129344,-0.458798,0.128597,0.00676874,0.122222,-0.451065,0.0164758,-0.15559,0.141869,0.14363,0.16632,0.396939,-0.397903,-0.183866,0.359665,0.328298,-0.912256,0.69762,-0.094193,1.0455,-0.543503,-0.662744,-0.140433,-0.723871,-0.059137,-0.13174,0.998156,-0.0140403,0.0263774,0.0528367,0.791728,-0.0100287,0.0116045,-0.610681
-0.472016,0.179979,0.029292,0.0752302,0.0694728,0.0226925,-0.190216,0,0.183956,-0.33332,0.387888,-0.417744,0,0.415646,0.127309,-0.92489,0.696174,-0.0738823,-0.373721,-0.51801,-0.712689,-0.0600512,0.00741296,-0.0712197,-0.147819,0.226234,0.42226,0.368514,-0.856358,-0.0824903,0.177435,-0.914062,0,1.58138,0.416467,-0.18551,-0.501644,0,-5.51566,-0.0345987,-0.280485,-0.0839376,1.84789,-0.453505,0.527762,-1.28151,-0.023605,0.135575,-0.148345,-0.327629,0,0,0,0.994766,0.076233,-0.0759975,0.99709,-0.0683016,0.000844597,-0.0308319,0.0708397,-0.188168,-0.252117,0.0122681,-0.00748265,0.265352,-0.0122249,-0.0233119,-0.0670436,0.1103,0.07323,0.0616024,0.183896,-0.209458,-0.178459,0.383794,0.0998523,-0.88359,0.709519,-0.0604433,-0.170514,-0.31635,-0.348186,-0.165847,0.0331457,-0.0569036,-0.134496,0.613696,0.580509,0.0502509,-0.0844029,0.00394538,0.0559333,-1.07851,-0.975076,1.51512,0.0401015,-0.0421371,-0.606309,0.534075,-1.15347,-0.720587,-0.430968,-0.12746,-0.48823,0.0935305,0.65511,-1.30298,-0.328091,0.00291807,-0.116835,-0.246788,-0.74616,0.353154,0.0644836,0.610424,-2.22655,0.595761,0.887152,0.748566,-0.891214,0.426708,0.408864,-0.0214303,2.09325,-0.717613,-3.51407,-0.64967,0.314934,0.0484455,0.566699,-2.1165,0.518614,1.09275,0.689575,-0.912955,0.385538,0.344751,-0.0233649,1.78007,-0.738363,-3.29414,-0.312117,-0.0477319,-0.00748265,0.265352,-0.0122249,-0.0233119,-0.0670436,0.1103,0.07323,0.0616024,0.333896,-0.359458,-0.178459,0.503794,0.219852,-0.88359,0.709519,-0.120443,-0.230514,-0.56635,-0.598186,-0.165847,0.0331457,-0.0569036,-0.134496,-0.43308,0.116577,0.0128967,0.122085,-0.44531,0.0196389,-0.173554,0.119152,0.17743,0.149713,0.392497,-0.408016,-0.178243,0.333354,0.324432,-0.918338,0.697004,-0.0707151,0.986625,-0.53118,-0.688242,-0.143523,-0.702813,-0.0638684,-0.138964,0.998208,-0.0144382,0.0272653,0.0512785,0.788236,-0.00509807,0.0127167,-0.61522
-0.44184,0.191141,0.0399008,0.0580483,0.0774676,0.0267444,-0.205606,0,0.2143,-0.318687,0.383583,-0.425684,0,0.25612,0.127016,-0.927818,0.692933,0.00432185,-0.38417,-0.508929,-0.733904,-0.0714809,0.011663,-0.0689922,-0.155463,0.611004,0.463017,0.417091,-0.85718,0.0621786,0.184983,-0.870701,0,1.56214,0.511011,-0.194429,-0.470258,0,-6.25385,-0.0286099,-0.240256,-0.107368,2.46659,-0.47419,0.505644,-1.21529,-0.187969,0.158654,-0.0704288,-0.343997,0,0,0,0.995096,0.0723351,-0.0720454,0.997379,-0.0677707,0.00182734,-0.0360176,0.0132519,-0.194757,-0.234134,0.0239885,-0.0064578,0.263965,-0.0124223,-0.0206749,-0.0888858,0.0954564,0.110396,0.0627763,0.182211,-0.220507,-0.173738,0.355383,0.0876384,-0.893187,0.707363,-0.0697281,-0.170421,-0.301741,-0.374731,-0.173238,0.0336007,-0.0631238,-0.141847,1.10899,0.588885,0.0338041,-0.0614006,-0.0158775,0.189251,-1.0962,-0.553382,2.04297,0.0501347,-0.109185,-0.495412,-0.055408,-1.53266,-0.525628,-0.468368,-0.101777,-0.650427,-0.0601179,0.749256,-1.3128,-0.468159,0.0263207,-0.242848,-0.332984,-0.64967,0.314934,0.0484455,0.566699,-2.1165,0.518614,1.09275,0.689575,-0.912955,0.385538,0.344751,-0.0233649,1.78007,-0.738363,-3.29414,-0.539334,0.267724,0.0249971,0.513349,-1.91821,0.473503,1.25748,0.603772,-0.978772,0.35319,0.266199,0.0241112,1.48363,-0.768984,-2.998,-0.294134,-0.0360115,-0.0064578,0.263965,-0.0124223,-0.0206749,-0.0888858,0.0954564,0.110396,0.0627763,0.332211,-0.370507,-0.173738,0.475383,0.207638,-0.893187,0.707363,-0.129728,-0.230421,-0.551741,-0.624731,-0.173238,0.0336007,-0.0631238,-0.141847,-0.384835,0.0974672,0.0096891,0.11334,-0.423299,0.0226925,-0.190216,0.103723,0.21855,0.137915,0.387888,-0.417744,-0.182591,0.312769,0.292376,-0.92489,0.696174,-0.0716824,0.830033,-0.51801,-0.712689,-0.147673,-0.658829,-0.0712197,-0.147819,0.998296,-0.0147506,0.0275394,0.0492911,0.788236,-0.00509807,0.0127167,-0.61522
-0.429803,0.203579,0.0525834,0.0485909,0.0880174,0.0312691,-0.220384,0,0.240008,-0.30159,0.379897,-0.432553,0,0.141168,0.126715,-0.930355,0.689912,0.0601367,-0.394206,-0.501773,-0.753499,-0.0904547,0.0159805,-0.0680176,-0.162397,0.608267,0.510687,0.482202,-0.741886,0.201772,0.19736,-0.831163,0,1.47911,0.614167,-0.191387,-0.432208,0,-6.10197,-0.0245388,-0.206239,-0.120483,2.56383,-0.482462,0.461292,-1.14462,-0.416185,0.175819,-0.0346816,-0.344816,0,0,0,0.993085,0.0914462,-0.0914628,0.995803,-0.0735999,-0.00360271,-0.054433,-0.0355862,-0.109323,-0.207047,0.0362409,-0.00678689,0.262583,-0.0127454,-0.0150929,-0.11051,0.0883784,0.155192,0.0628164,0.179497,-0.229079,-0.186308,0.320919,0.0787157,-0.903084,0.70527,-0.082157,-0.173126,-0.286395,-0.400914,-0.182966,0.0343383,-0.0665153,-0.149633,1.50923,0.624804,-0.0853528,-0.0915942,-0.00868148,0.353364,-1.06726,-0.212779,2.30808,-0.0663563,-0.149409,-0.36539,-0.993564,-1.85671,-0.383369,-0.505292,-0.111872,-0.613943,-0.191805,0.76222,-1.27668,-0.47132,0.037483,-0.107943,-0.329457,-0.539334,0.267724,0.0249971,0.513349,-1.91821,0.473503,1.25748,0.603772,-0.978772,0.35319,0.266199,0.0241112,1.48363,-0.768984,-2.998,-0.44573,0.180712,0.0414192,0.4387,-1.66963,0.484176,1.45949,0.534045,-1.04974,0.361581,0.235835,0.230534,1.38583,-0.80006,-2.74431,-0.267047,-0.0237591,-0.00678689,0.262583,-0.0127454,-0.0150929,-0.11051,0.0883784,0.155192,0.0628164,0.329497,-0.379079,-0.186308,0.440919,0.198716,-0.903084,0.70527,-0.142157,-0.233126,-0.536395,-0.650914,-0.182966,0.0343383,-0.0665153,-0.149633,-0.329667,0.0738622,0.00499942,0.10267,-0.383642,0.0267444,-0.205606,0.0947006,0.251496,0.120754,0.383583,-0.425684,-0.195754,0.296595,0.2531,-0.927818,0.692933,-0.0479444,0.681816,-0.508929,-0.733904,-0.153797,-0.599599,-0.0689922,-0.155463,0.998377,-0.0151205,0.0272677,0.0476529,0.781124,-0.00550199,0.016212,-0.624141
-0.454042,0.21857,0.0694137,0.0545828,0.103677,0.0367397,-0.233938,0,0.256441,-0.279563,0.377449,-0.437277,0,0.115365,0.126398,-0.932112,0.687328,0.071173,-0.403413,-0.498467,-0.769853,-0.124517,0.0204326,-0.069549,-0.167914,0.0621995,0.582337,0.589997,-0.429443,0.376139,0.220211,-0.785116,0,1.28188,0.760331,-0.170689,-0.373415,0,-4.65843,-0.0219312,-0.170715,-0.123091,1.96023,-0.475837,0.372504,-1.04655,-0.802259,0.189855,-0.0472473,-0.324116,0,0,0,0.993114,0.0905604,-0.0904755,0.995888,-0.0744164,-0.00224043,-0.0880995,-0.00340562,0.00524009,-0.174146,0.0476809,-0.00932151,0.262299,-0.0124343,-0.00696703,-0.131307,0.0868854,0.205972,0.0607101,0.176505,-0.234923,-0.211953,0.28354,0.0732983,-0.912445,0.702738,-0.0987276,-0.178395,-0.271662,-0.426187,-0.190971,0.0350618,-0.0675225,-0.15699,1.69383,0.50637,-0.17575,0.000755144,0.0387587,0.44247,-1.02247,0.01075,2.5445,-0.149136,-0.147261,-0.230682,-1.3146,-1.90628,-0.172397,-0.451513,-0.137928,-1.12079,-0.323294,0.690154,-1.22856,-0.0219057,0.0339137,-0.0324473,-0.306997,-0.44573,0.180712,0.0414192,0.4387,-1.66963,0.484176,1.45949,0.534045,-1.04974,0.361581,0.235835,0.230534,1.38583,-0.80006,-2.74431,-0.33835,0.151331,0.141976,0.368359,-1.57646,0.530459,1.55712,0.386889,-1.13999,0.508447,0.25251,0.895217,1.43674,-0.836585,-2.51481,-0.234146,-0.0123191,-0.00932151,0.262299,-0.0124343,-0.00696703,-0.131307,0.0868854,0.205972,0.06071,0.326505,-0.384923,-0.211953,0.40354,0.193298,-0.912445,0.702738,-0.158728,-0.238395,-0.521662,-0.676187,-0.190971,0.0350618,-0.0675226,-0.15699,-0.282865,0.030356,0.00828385,0.0877399,-0.333927,0.0312691,-0.220384,0.0968353,0.291898,0.106809,0.379897,-0.432553,-0.209948,0.30079,0.237917,-0.930355,0.689912,0.055267,0.632913,-0.501773,-0.753499,-0.160012,-0.548862,-0.0680176,-0.162397,0.9984,-0.0158003,0.0269186,0.0471592,0.781124,-0.00550199,0.016212,-0.624141
-0.478544,0.235917,0.084325,0.0594585,0.115228,0.0418095,-0.245067,0,0.264558,-0.258107,0.375619,-0.441106,0,0.106352,0.126442,-0.932844,0.685258,0.0602838,-0.412709,-0.497698,-0.781966,-0.150842,0.0266418,-0.0700628,-0.169693,-0.323991,0.667851,0.636667,-0.227474,0.436559,0.230193,-0.716528,0,1.01906,0.854069,-0.146937,-0.318815,0,-3.3961,-0.0147052,-0.130494,-0.117215,1.20882,-0.472529,0.272285,-0.914277,-0.956461,0.226036,-0.0407806,-0.25357,0,0,0,0.988954,0.126268,-0.127451,0.99179,-0.0756739,-0.0202386,-0.101888,0.0664696,0.0997359,-0.142138,0.0556538,-0.0128047,0.260755,-0.0114326,0.00154124,-0.150992,0.0912999,0.249747,0.0572522,0.173351,-0.238422,-0.23713,0.245432,0.0726667,-0.920669,0.699731,-0.118773,-0.186187,-0.259095,-0.449932,-0.182546,0.035443,-0.0683178,-0.16338,1.37857,0.30257,-0.126724,-0.119563,0.0227144,0.371128,-0.967718,0.419544,1.59564,-0.130408,-0.184995,-0.0968049,-1.00307,-1.63629,0.0520014,-0.288161,-0.166752,-0.819771,-0.387858,0.593677,-1.10266,0.029665,-0.156193,0.120376,-0.253576,-0.33835,0.151331,0.141976,0.368359,-1.57646,0.530459,1.55712,0.386889,-1.13999,0.508447,0.25251,0.895217,1.43674,-0.836585,-2.51481,-0.22533,0.0667761,0.229643,0.30458,-1.53147,0.570586,1.72673,0.541539,-1.24653,0.825551,0.135238,1.78536,1.53488,-0.862299,-2.38463,-0.202138,-0.00434617,-0.0128047,0.260755,-0.0114326,0.00154124,-0.150992,0.0912999,0.249747,0.0572522,0.323351,-0.388422,-0.23713,0.365432,0.192667,-0.920669,0.699731,-0.178773,-0.246187,-0.509095,-0.699932,-0.182546,0.035443,-0.0683178,-0.16338,-0.229175,0.0156657,0.0283951,0.0736718,-0.315292,0.0367397,-0.233938,0.106092,0.311423,0.0773777,0.377449,-0.437277,-0.227999,0.374223,0.246255,-0.932112,0.687328,0.387608,0.658368,-0.498467,-0.769853,-0.167317,-0.502961,-0.069549,-0.167914,0.998342,-0.0168468,0.0272013,0.0478397,0.76973,-0.0119637,0.0223074,-0.637868
-0.503177,0.254444,0.0982768,0.0637762,0.124724,0.0466787,-0.254985,0,0.268516,-0.236937,0.374098,-0.444486,0,0.105733,0.126665,-0.933065,0.683445,0.0384319,-0.42205,-0.498198,-0.791959,-0.173299,0.0337294,-0.0700679,-0.169603,-0.596296,0.745391,0.654945,-0.0944668,0.448033,0.234174,-0.650338,0,0.772718,0.915398,-0.125678,-0.273873,0,-2.38655,-0.00694691,-0.0946594,-0.109251,0.518396,-0.470876,0.183098,-0.789878,-1.00638,0.26454,-0.0286223,-0.17616,0,0,0,0.985085,0.15387,-0.156063,0.987473,-0.0724669,-0.0349509,0.186712,0.188031,-0.396678,-0.125959,0.0591345,-0.00829536,0.25683,-0.0146595,0.00501497,-0.170734,0.105627,0.269281,0.0617685,0.168435,-0.238734,-0.252827,0.22936,0.07256,-0.920494,0.696144,-0.121307,-0.190835,-0.248749,-0.470345,-0.18346,0.0273455,-0.0642071,-0.16727,0.49656,0.0853827,0.494607,-0.229766,-0.292439,0.0363623,-0.988134,0.87217,0.803093,0.452167,-0.243985,-0.000374142,-0.628318,-0.293974,-0.0486017,0.153688,-0.170547,-0.0076535,-0.178206,0.39833,-0.994703,-0.0572079,-0.296368,0.117608,-0.140428,-0.22533,0.0667761,0.229643,0.30458,-1.53147,0.570586,1.72673,0.541539,-1.24653,0.825551,0.135238,1.78536,1.53488,-0.862299,-2.38463,-0.35578,0.202483,0.372328,0.256743,-1.26526,0.625473,1.90028,1.11621,-1.23533,1.28377,0.318647,2.25982,1.73667,-0.713951,-2.66584,-0.185959,-0.000865491,-0.00829536,0.25683,-0.0146595,0.00501497,-0.170734,0.105627,0.269281,0.0617685,0.318435,-0.388734,-0.252827,0.34936,0.19256,-0.920494,0.696144,-0.181307,-0.250835,-0.498749,-0.720345,-0.18346,0.0273455,-0.0642071,-0.16727,-0.172665,-0.0266119,0.0459285,0.060916,-0.306295,0.0418095,-0.245067,0.114117,0.345345,0.108308,0.375619,-0.441106,-0.249307,0.532776,0.187619,-0.932844,0.685258,0.83268,0.707439,-0.497698,-0.781966,-0.17246,-0.476927,-0.0700628,-0.169693,0.998398,-0.016111,0.0285199,0.0461444,0.759255,-0.0166061,0.0259994,-0.650061
-0.503859,0.277649,0.112531,0.0753309,0.138091,0.0503942,-0.260083,0,0.277571,-0.211466,0.373569,-0.446029,0,0.10633,0.127005,-0.93476,0.682726,-0.00825829,-0.427695,-0.498833,-0.796862,-0.217995,0.0393287,-0.0696458,-0.168659,-0.427637,0.86985,0.672276,0.107194,0.514122,0.219654,-0.531704,0,0.676721,1.02283,-0.0959038,-0.214863,0,-1.66163,0.000246774,-0.0916764,-0.0872567,-0.337475,-0.414295,0.118643,-0.626473,-1.3749,0.269167,-0.0137048,-0.109139,0,0,0,0.987603,0.13992,-0.142164,0.989461,-0.0665531,-0.0372807,0.235386,0.345204,-0.930207,-0.125573,0.0558776,0.00933249,0.255006,-0.0217722,0.00255292,-0.190844,0.125311,0.288288,0.0787537,0.164929,-0.238853,-0.257781,0.240331,0.0744845,-0.917327,0.693198,-0.124635,-0.195092,-0.244594,-0.489748,-0.183851,0.0295298,-0.0633783,-0.168927,-0.389938,-0.355386,1.1569,0.0415253,-0.390737,-0.267802,-1.00973,1.05696,1.05276,1.12038,-0.10743,-0.00382976,0.0804111,1.26122,0.222634,0.227595,-0.130818,-0.301251,-0.242443,0.0383208,-0.923525,-0.00390896,0.440171,0.106533,-0.0469225,-0.35578,0.202483,0.372328,0.256743,-1.26526,0.625473,1.90028,1.11621,-1.23533,1.28377,0.318647,2.25982,1.73667,-0.713951,-2.66584,-0.415599,0.305708,0.40917,0.255187,-1.3721,0.602512,1.77147,1.38629,-1.13878,1.294,0.355905,2.35072,1.99381,-0.639265,-2.86673,-0.185573,-0.00412243,0.00933249,0.255006,-0.0217722,0.00255292,-0.190844,0.125311,0.288288,0.0787537,0.314929,-0.388853,-0.257781,0.360331,0.194484,-0.917327,0.693198,-0.184635,-0.255092,-0.494594,-0.739748,-0.183851,0.0295298,-0.0633783,-0.168927,-0.23789,0.0412414,0.0744657,0.0513485,-0.253052,0.0466787,-0.254985,0.125095,0.380056,0.223242,0.374098,-0.444486,-0.247067,0.761884,0.279324,-0.933065,0.683445,1.06991,0.808335,-0.498198,-0.791959,-0.14279,-0.533169,-0.0700679,-0.169603,0.998653,-0.0139459,0.0311486,0.0390955,0.759255,-0.0166061,0.0259994,-0.650061
-0.50017,0.298443,0.12247,0.0796771,0.14619,0.051928,-0.263231,0,0.279751,-0.191491,0.373162,-0.447026,0,0.106904,0.127451,-0.937292,0.682247,-0.0373466,-0.430976,-0.49822,-0.799667,-0.239701,0.0439937,-0.07015,-0.168044,-0.243998,0.920814,0.619673,0.140229,0.481382,0.176765,-0.419407,0,0.506413,1.01562,-0.0732356,-0.165363,0,-1.15454,0.00685614,-0.102164,-0.0682653,-0.672557,-0.339212,0.0922459,-0.4806,-1.28803,0.258392,-0.0171567,-0.0671784,0,0,0,0.986479,0.151949,-0.155142,0.986571,-0.0528187,-0.0599048,0.23217,0.388297,-1.10058,-0.142029,0.0468133,0.0356988,0.258759,-0.0297478,-0.00528305,-0.210374,0.146155,0.306095,0.104012,0.164535,-0.238256,-0.241149,0.280343,0.0801897,-0.911962,0.691013,-0.131352,-0.20032,-0.246844,-0.505998,-0.184463,0.0415945,-0.0611715,-0.168963,-1.12776,-0.484385,1.38819,0.312895,-0.362337,-0.461815,-0.919136,1.01441,0.687194,1.2921,0.0431166,0.0819415,1.30271,2.52671,0.34251,0.253868,-0.091473,-0.27112,-0.325181,-0.179511,-0.686677,-0.0646415,0.416163,0.0466313,0.0135733,-0.415599,0.305708,0.40917,0.255187,-1.3721,0.602512,1.77147,1.38629,-1.13878,1.294,0.355905,2.35072,1.99381,-0.639265,-2.86673,-0.590396,0.385079,0.328551,0.110073,-1.56524,0.645974,1.57074,1.84145,-1.00281,1.37515,0.33588,2.03651,2.55819,-0.554122,-3.1643,-0.202029,-0.0131867,0.0356988,0.258759,-0.0297478,-0.00528305,-0.210374,0.146155,0.306095,0.104012,0.314535,-0.388256,-0.241149,0.400343,0.20019,-0.911962,0.691013,-0.191352,-0.26032,-0.496844,-0.755998,-0.184463,0.0415945,-0.0611715,-0.168963,-0.2678,0.0928539,0.0818341,0.0510375,-0.274421,0.0503942,-0.260083,0.120502,0.354294,0.277258,0.373569,-0.446029,-0.227755,0.767001,0.297953,-0.93476,0.682726,1.11536,0.936907,-0.498833,-0.796862,-0.127853,-0.573346,-0.0696458,-0.168659,0.998926,-0.0116247,0.0346944,0.0284222,0.747747,-0.0255847,0.030206,-0.662802
-0.487736,0.314417,0.123777,0.0696063,0.143757,0.0490986,-0.262478,0,0.268184,-0.182503,0.372999,-0.446931,0,0.10743,0.128106,-0.941502,0.682247,-0.031231,-0.429526,-0.495111,-0.798273,-0.215429,0.04679,-0.0725068,-0.16809,0.0157017,0.884177,0.45338,-0.0529018,0.30046,0.0812946,-0.282295,0,0.180976,0.845746,-0.0537164,-0.114326,0,-0.800274,0.0146303,-0.134655,-0.0477768,-0.379057,-0.2157,0.111209,-0.315508,-0.537539,0.22282,-0.0473617,-0.0477144,0,0,0,0.989823,0.13213,-0.134973,0.989353,-0.045078,-0.0610019,0.179981,0.389175,-0.91536,-0.173613,0.0379193,0.0615609,0.267835,-0.035715,-0.0150687,-0.227369,0.163957,0.310056,0.127531,0.166986,-0.235177,-0.203654,0.343358,0.0856425,-0.907382,0.689703,-0.132113,-0.206018,-0.25123,-0.516941,-0.186053,0.0442948,-0.0605195,-0.168457,-1.90742,-0.38403,1.21603,0.550154,-0.266568,-0.513131,-0.780071,0.767948,-0.1754,1.07389,0.194288,0.195753,2.05945,3.59804,0.178336,0.285013,-0.0463055,0.198647,-0.228613,-0.264716,-0.454497,-0.097894,0.0103439,0.160201,0.0234179,-0.590396,0.385079,0.328551,0.110073,-1.56524,0.645974,1.57074,1.84145,-1.00281,1.37515,0.33588,2.03651,2.55819,-0.554122,-3.1643,-1.02223,0.699441,0.281455,-0.0589795,-1.96394,0.730747,1.25131,2.22432,-0.864394,1.02929,0.455523,0.785051,3.32057,-0.712277,-3.51263,-0.233613,-0.0220807,0.0615609,0.267835,-0.035715,-0.0150687,-0.227369,0.163957,0.310056,0.127531,0.316986,-0.385177,-0.203654,0.463358,0.205643,-0.907382,0.689703,-0.192113,-0.266018,-0.50123,-0.766941,-0.186053,0.0442948,-0.0605195,-0.168457,-0.355198,0.13254,0.0657103,0.0220145,-0.313048,0.051928,-0.263231,0.129195,0.314149,0.36829,0.373162,-0.447026,-0.200562,0.807573,0.28794,-0.937292,0.682247,0.958254,1.21909,-0.49822,-0.799667,-0.110824,-0.63286,-0.07015,-0.168044,0.999054,-0.00969675,0.0382762,0.0182242,0.747747,-0.0255847,0.030206,-0.662802
-0.476439,0.329085,0.120962,0.0473361,0.126406,0.0449466,-0.258885,0,0.261494,-0.181135,0.372143,-0.444633,0,0.107955,0.129652,-0.942086,0.683452,-0.010334,-0.421631,-0.491521,-0.791107,-0.153117,0.0509466,-0.072109,-0.167247,0.180454,0.838944,0.275141,-0.371084,-0.0499343,-0.00537452,-0.143715,0,0.026339,0.612543,-0.0504354,-0.0455599,0,-0.552316,0.0334253,-0.103023,-0.0153782,0.0481158,-0.0325654,0.131691,-0.113369,0.558399,0.218322,-0.0271856,-0.0207566,0,0,0,0.989948,0.131665,-0.134361,0.989528,-0.0441607,-0.0591561,0.14859,0.357556,-0.22612,-0.21882,0.0338815,0.0777716,0.277758,-0.0408677,-0.0249132,-0.240627,0.176279,0.29056,0.140257,0.172061,-0.230901,-0.162392,0.419859,0.0854019,-0.903743,0.689139,-0.121282,-0.209861,-0.255851,-0.524517,-0.189571,0.0437722,-0.0615078,-0.168194,-2.46726,-0.0419814,0.494365,0.426644,-0.261687,-0.445001,-0.559024,0.490781,-1.54427,0.293321,0.275406,0.218225,1.79831,3.89209,-0.165307,0.0310429,-0.0109557,0.903242,-0.169543,-0.162822,-0.320776,-0.390761,-0.0252479,-0.269327,0.00718423,-1.02223,0.699441,0.281455,-0.0589795,-1.96394,0.730747,1.25131,2.22432,-0.864394,1.02929,0.455523,0.785051,3.32057,-0.712277,-3.51263,-1.1443,0.816919,0.137159,-0.161834,-1.83669,0.69243,0.99429,2.55018,-0.850483,0.693973,0.529113,-0.534332,3.99592,-0.945335,-3.60541,-0.27882,-0.0261185,0.0777716,0.277758,-0.0408677,-0.0249132,-0.240627,0.176279,0.29056,0.140257,0.322061,-0.380901,-0.162392,0.539859,0.205402,-0.903743,0.689139,-0.181282,-0.269861,-0.505851,-0.774517,-0.189571,0.0437722,-0.0615078,-0.168194,-0.571114,0.289721,0.056291,-0.0117959,-0.392787,0.0490986,-0.262478,0.146149,0.250262,0.444863,0.372999,-0.446931,-0.172879,0.634644,0.347761,-0.941502,0.682247,0.332526,1.22255,-0.495111,-0.798273,-0.142455,-0.702526,-0.0725068,-0.16809,0.999014,-0.00811,0.0418342,0.0124864,0.744197,-0.0220322,0.0316535,-0.666846
-0.465709,0.3431,0.116086,0.0189663,0.101598,0.0401332,-0.253873,0,0.257243,-0.183577,0.370941,-0.441234,0,0.10848,0.131643,-0.940858,0.685258,0.0179538,-0.410513,-0.487691,-0.781055,-0.0717856,0.0557832,-0.0703338,-0.16596,0.287262,0.797486,0.119457,-0.685306,-0.407085,-0.0759627,-0.0254095,0,-0.0453237,0.392156,-0.0533301,0.0190964,0,-0.378758,0.0532583,-0.0536921,0.0163283,0.457998,0.143968,0.149633,0.0714176,1.61086,0.225374,0.00759749,0.00478072,0,0,0,0.989255,0.136549,-0.137818,0.990224,-0.0487835,-0.0284692,0.152039,0.289537,0.0903683,-0.267484,0.036117,0.0826885,0.27549,-0.0468792,-0.030744,-0.249688,0.180683,0.238801,0.141964,0.175765,-0.22707,-0.1442,0.486799,0.0800009,-0.906336,0.68962,-0.122068,-0.213379,-0.256003,-0.528835,-0.194223,0.0438604,-0.0663286,-0.167703,-2.30301,0.220398,0.115698,-0.574565,-0.339231,-0.128923,-0.369579,-0.0154413,-3.22143,0.000563486,0.101243,0.164947,0.106151,2.74637,-0.332053,-0.273047,0.0500597,-0.761565,-0.185464,0.099357,-0.134113,-0.0416155,0.0417421,-0.258412,0.026102,-1.1443,0.816919,0.137159,-0.161834,-1.83669,0.69243,0.99429,2.55018,-0.850483,0.693973,0.529113,-0.534332,3.99592,-0.945335,-3.60541,-1.12616,0.841637,0.0160755,-0.151551,-1.33112,0.596852,0.942697,2.50234,-0.965794,0.622844,0.644947,-0.593811,4.14702,-0.804463,-3.23645,-0.327484,-0.023883,0.0826885,0.27549,-0.0468792,-0.030744,-0.249688,0.180683,0.238801,0.141964,0.325765,-0.37707,-0.1442,0.606799,0.200001,-0.906336,0.68962,-0.182068,-0.273379,-0.506003,-0.778835,-0.194223,0.0438604,-0.0663286,-0.167703,-0.632152,0.34846,0.0274318,-0.0323667,-0.367339,0.0449466,-0.258885,0.138486,0.198858,0.510036,0.372143,-0.444633,-0.170097,0.466987,0.384557,-0.942086,0.683452,-0.327166,1.22166,-0.491521,-0.791107,-0.189067,-0.721082,-0.072109,-0.167247,0.998889,-0.00658056,0.0450235,0.0122903,0.743115,-0.00601383,0.0250023,-0.66867
-0.446034,0.34793,0.113606,-0.0125107,0.0588555,0.0389668,-0.246807,0,0.273828,-0.180604,0.366023,-0.428808,0,0.10829,0.16669,-0.933488,0.695004,0.0492646,-0.398633,-0.479696,-0.754631,0.00899935,0.0700266,-0.0721148,-0.161573,0.496203,0.63069,0.0464266,-0.951869,-0.926091,-0.07067,0.0881993,0,0.217046,0.319097,-0.111114,0.199757,0,-0.267969,0.562985,0.0729646,0.157619,0.79026,0.278976,0.224672,0.446358,2.33937,0.371414,-0.0213956,0.0691509,0,0,0,0.989363,0.1375,-0.138764,0.990024,-0.0436574,-0.030755,0.145154,0.181469,-0.0105305,-0.306601,0.0419116,0.0838122,0.256889,-0.053963,-0.0282216,-0.255424,0.172522,0.171966,0.142663,0.176092,-0.223727,-0.16857,0.524414,0.0745353,-0.913753,0.691218,-0.14778,-0.218344,-0.25217,-0.528874,-0.188818,0.0453988,-0.0691965,-0.166735,-1.62402,0.334305,0.0462534,-1.13447,-0.360262,0.340433,-0.218382,-0.714845,-3.23699,0.110428,-0.0450747,0.172771,-2.04898,1.16134,-0.200862,-0.410212,0.0987097,-1.56785,-0.309646,0.247595,0.0910842,0.470601,0.101742,-0.0727054,0.0462105,-1.12616,0.841637,0.0160755,-0.151551,-1.33112,0.596852,0.942697,2.50234,-0.965794,0.622844,0.644947,-0.593811,4.14702,-0.804463,-3.23645,-1.19681,0.799042,0.0933809,-0.484009,-1.16318,0.612538,0.915894,2.31159,-1.18332,0.76807,0.618796,-0.509036,4.7017,-0.621168,-2.51032,-0.366601,-0.0180884,0.0838122,0.256889,-0.053963,-0.0282216,-0.255424,0.172522,0.171966,0.142663,0.326092,-0.373727,-0.16857,0.644414,0.194535,-0.913753,0.691218,-0.20778,-0.278344,-0.50217,-0.778874,-0.188818,0.0453988,-0.0691965,-0.166735,-0.623078,0.360818,0.0032151,-0.0303102,-0.266223,0.0401332,-0.253873,0.11937,0.188539,0.500467,0.370941,-0.441234,-0.193159,0.431422,0.442474,-0.940858,0.685258,-0.356906,1.21735,-0.487691,-0.781055,-0.160893,-0.64729,-0.0703338,-0.16596,0.998784,-0.00502772,0.0473467,0.0127704,0.743115,-0.00601383,0.0250023,-0.66867
-0.422035,0.341941,0.113607,-0.0367791,0.0161888,0.0373237,-0.238224,0,0.298109,-0.171792,0.360776,-0.415441,0,0.107971,0.227607,-0.92681,0.705778,0.0777907,-0.390349,-0.469646,-0.7257,0.0579666,0.0843821,-0.0747167,-0.155556,0.707339,0.351648,0.0325043,-1.03033,-1.28826,-0.0741158,0.190477,0,0.516138,0.355556,-0.156482,0.34034,0,-0.192372,1.30785,0.151249,0.271945,0.981073,0.319541,0.308017,0.746416,2.37207,0.475322,-0.0540055,0.138653,0,0,0,0.987154,0.154131,-0.153289,0.987924,-0.0450437,0.0158297,0.127858,0.108014,-0.124928,-0.334041,0.049104,0.0842372,0.231004,-0.0614182,-0.0176391,-0.258303,0.152932,0.111487,0.145266,0.173511,-0.22012,-0.229886,0.535399,0.072177,-0.920827,0.694021,-0.176469,-0.226226,-0.245715,-0.523215,-0.172601,0.0494688,-0.0709056,-0.164052,-1.17594,0.37612,0.0162343,-1.36924,-0.375046,0.670646,-0.0740587,-1.12642,-2.75608,0.159134,-0.191378,0.186537,-3.42144,0.101927,-0.0430486,-0.303374,0.167277,-1.25811,-0.465864,0.369822,0.420981,1.01111,0.250339,-0.0724017,0.136713,-1.19681,0.799042,0.0933809,-0.484009,-1.16318,0.612538,0.915894,2.31159,-1.18332,0.76807,0.618796,-0.509036,4.7017,-0.621168,-2.51032,-1.00465,0.629232,-0.0125683,-0.379407,-1.33765,0.465351,0.674709,2.35828,-1.37407,0.658934,0.65337,-0.554112,5.25293,-0.421772,-1.43772,-0.394041,-0.010896,0.0842372,0.231004,-0.0614182,-0.0176391,-0.258303,0.152932,0.111487,0.145266,0.323511,-0.37012,-0.229886,0.655399,0.192177,-0.920827,0.694021,-0.236469,-0.286226,-0.495715,-0.773215,-0.172601,0.0494688,-0.0709056,-0.164052,-0.658405,0.339521,0.0186762,-0.0968017,-0.232636,0.0389668,-0.246807,0.122508,0.183179,0.462317,0.366023,-0.428808,-0.236664,0.504035,0.429398,-0.933488,0.695004,-0.314518,1.20617,-0.479696,-0.754631,-0.124234,-0.502063,-0.0721148,-0.161573,0.998736,-0.00366726,0.0486903,0.0119183,0.737468,0.0137046,0.0101492,-0.675167
-0.389385,0.314315,0.118567,-0.0466305,-0.0263269,0.0347271,-0.226608,0,0.33778,-0.151299,0.354873,-0.400191,0,0.10739,0.340266,-0.921515,0.718609,0.100747,-0.389258,-0.455487,-0.691756,0.0432986,0.0989616,-0.0789605,-0.146281,0.984888,-0.168247,0.0971574,-0.869005,-1.53952,-0.0908294,0.307574,0,0.956368,0.556275,-0.19808,0.466989,0,-0.143367,2.60538,0.185295,0.382823,1.0311,0.240056,0.427992,1.03165,1.44043,0.551418,-0.101462,0.236189,0,0,0,0.988341,0.146646,-0.145915,0.989088,-0.0434857,0.0141064,0.147372,0.0270124,-0.606632,-0.349223,0.0547863,0.0877314,0.203004,-0.0693783,-0.000363688,-0.259093,0.125359,0.0658212,0.154127,0.167518,-0.215942,-0.295104,0.522944,0.0762803,-0.924933,0.698804,-0.199266,-0.238195,-0.236656,-0.510071,-0.146981,0.0549929,-0.0730292,-0.15941,-0.409063,0.204834,0.308911,-1.39568,-0.415533,1.01782,-0.00588094,-1.54272,-1.87931,0.689308,-0.378056,0.225961,-2.68717,-1.21157,0.421812,-0.144886,0.283232,-1.05157,-0.710396,0.499462,0.807442,1.41473,0.278905,-0.0937726,0.217474,-1.00465,0.629232,-0.0125683,-0.379407,-1.33765,0.465351,0.674709,2.35828,-1.37407,0.658934,0.65337,-0.554112,5.25293,-0.421772,-1.43772,-0.64351,0.17159,-0.0930949,0.3251,-1.07242,0.419737,0.691617,1.93344,-1.58459,0.353211,0.73019,-0.450994,5.55741,-0.268997,-0.58549,-0.409223,-0.00521366,0.0877314,0.203004,-0.0693783,-0.000363688,-0.259093,0.125359,0.0658212,0.154127,0.317518,-0.365942,-0.295104,0.642944,0.19628,-0.924933,0.698804,-0.259266,-0.298195,-0.486656,-0.760071,-0.146981,0.0549929,-0.0730292,-0.15941,-0.562323,0.254616,-0.00251366,-0.0758813,-0.26753,0.0373237,-0.238224,0.0930702,0.134942,0.471655,0.360776,-0.415441,-0.274815,0.449467,0.446685,-0.92681,0.705778,-0.337056,1.19048,-0.469646,-0.7257,-0.0843543,-0.287544,-0.0747167,-0.155556,0.998749,-0.00245392,0.0492617,0.00820215,0.737468,0.0137046,0.0101492,-0.675167
-0.35682,0.28458,0.116777,-0.0726505,-0.0718714,0.0291971,-0.210844,0,0.355236,-0.12946,0.34995,-0.384061,0,0.107591,0.458192,-0.919158,0.730303,0.098889,-0.36441,-0.440588,-0.659275,0.0561417,0.126214,-0.0848052,-0.134899,1.17789,-0.563791,0.0411612,-0.998603,-1.76083,-0.146531,0.451772,0,0.931299,0.716987,-0.212497,0.568836,0,-0.0973543,3.59266,0.165059,0.443383,0.693895,0.540757,0.523085,1.20937,1.20095,0.794775,-0.158693,0.336063,0,0,0,0.986873,0.158547,-0.156688,0.98608,-0.0391112,0.0500885,0.161472,-2.30081e-05,-1.5686,-0.344737,0.0517353,0.101863,0.180451,-0.0773931,0.0232695,-0.259774,0.0921639,0.0486038,0.180836,0.158305,-0.21038,-0.336866,0.475547,0.095923,-0.926379,0.705935,-0.208868,-0.257106,-0.225224,-0.489584,-0.11653,0.060909,-0.0761883,-0.152208,0.711787,-0.44114,0.973645,-0.907098,-0.371283,1.30253,-0.0502672,-1.68007,-0.0987344,1.8185,-0.504682,0.319642,-1.45824,-3.31083,1.44434,-0.0369237,0.395366,-0.0660739,-1.15095,0.601506,1.14074,1.53704,0.298925,-0.145296,0.335414,-0.64351,0.17159,-0.0930949,0.3251,-1.07242,0.419737,0.691617,1.93344,-1.58459,0.353211,0.73019,-0.450994,5.55741,-0.268997,-0.58549,-0.322054,-0.17245,0.0535102,0.748877,-1.25968,0.416267,0.870712,1.09102,-1.6957,0.33705,0.782207,-0.212737,5.39556,-0.0583789,-0.223793,-0.404737,-0.00826468,0.101863,0.180451,-0.0773931,0.0232695,-0.259774,0.0921639,0.0486038,0.180836,0.308305,-0.36038,-0.336866,0.595547,0.215923,-0.926379,0.705935,-0.268868,-0.317106,-0.475224,-0.739584,-0.11653,0.060909,-0.0761883,-0.152208,-0.381755,0.0257952,-0.018619,0.06502,-0.214484,0.0347271,-0.226608,0.0839473,0.138323,0.386688,0.354873,-0.400191,-0.316919,0.296606,0.485095,-0.921515,0.718609,-0.285497,1.16629,-0.455487,-0.691756,-0.0537995,-0.117098,-0.0789605,-0.146281,0.998786,-0.00133018,0.049145,-0.00310431,0.725729,0.0258671,-0.00453716,-0.68748
-0.324298,0.253792,0.111612,-0.106755,-0.11893,0.0222004,-0.193005,0,0.361585,-0.106946,0.345518,-0.367492,0,0.108181,0.578752,-0.91827,0.741428,0.0846229,-0.327684,-0.425318,-0.627526,0.0827403,0.159802,-0.0914501,-0.122463,1.31235,-0.85648,-0.0486628,-1.21059,-1.93847,-0.207522,0.583826,0,0.747135,0.839588,-0.215238,0.646727,0,-0.0592903,4.32325,0.128859,0.477249,0.271735,0.929418,0.595206,1.32279,1.23964,1.06017,-0.210759,0.421775,0,0,0,0.990574,0.135897,-0.133428,0.985655,-0.0309954,0.100077,0.205506,-0.082602,-2.2705,-0.319584,0.0366258,0.126246,0.169623,-0.0838469,0.0504917,-0.260157,0.0643858,0.0652792,0.225384,0.147383,-0.202658,-0.353726,0.398818,0.136856,-0.927278,0.714411,-0.192997,-0.284992,-0.211411,-0.463688,-0.101099,0.06711,-0.0807674,-0.142522,1.522,-0.943357,1.33109,-0.0580682,-0.327816,1.3718,0.0249446,-0.958539,1.46349,2.41917,-0.601975,0.512057,-0.267075,-2.52167,2.43823,-0.076565,0.418993,0.86096,-1.34739,0.832463,1.4416,-1.72768,0.306208,-0.20655,0.445759,-0.322054,-0.17245,0.0535102,0.748877,-1.25968,0.416267,0.870712,1.09102,-1.6957,0.33705,0.782207,-0.212737,5.39556,-0.0583789,-0.223793,-0.272759,-0.212427,0.273185,1.11268,-1.65323,0.261813,1.18222,0.480787,-1.64651,0.368371,0.613389,0.108296,4.78182,0.591185,-0.00264706,-0.379584,-0.0233742,0.126246,0.169623,-0.0838469,0.0504917,-0.260157,0.0643858,0.0652792,0.225384,0.297383,-0.352658,-0.353726,0.518818,0.256856,-0.927278,0.714411,-0.252997,-0.344992,-0.461411,-0.713688,-0.101099,0.06711,-0.0807674,-0.142522,-0.221027,-0.146225,0.010702,0.149775,-0.251935,0.0291971,-0.210844,0.0832534,0.174142,0.218203,0.34995,-0.384061,-0.339141,0.288525,0.511103,-0.919158,0.730303,-0.166369,1.12535,-0.440588,-0.659275,-0.0116758,-0.0447587,-0.0848052,-0.134899,0.998566,-0.000480028,0.0484546,-0.0227359,0.719637,0.0405678,-0.0254439,-0.692697
-0.288875,0.213623,0.103498,-0.127715,-0.144086,0.0100162,-0.172678,0,0.36398,-0.0764303,0.343137,-0.353577,0,0.109125,0.704765,-0.927598,0.755918,0.0620768,-0.26022,-0.414713,-0.601127,0.0921662,0.192543,-0.0971313,-0.111151,1.44999,-1.20206,-0.155772,-1.16181,-1.73426,-0.328029,0.71358,0,0.558921,1.04546,-0.186381,0.661429,0,-0.0273478,4.91648,-0.0497114,0.551427,-0.147976,1.66255,0.575718,1.32195,1.00914,1.23323,-0.232749,0.464922,0,0,0,0.995128,0.0955518,-0.0927452,0.990841,-0.0334399,0.0954117,0.566241,-0.120876,-1.78831,-0.294671,0.0187769,0.14684,0.169164,-0.0943857,0.0744304,-0.256911,0.0548778,0.105306,0.261501,0.132448,-0.189365,-0.340377,0.391658,0.185784,-0.930007,0.72234,-0.197749,-0.301697,-0.190243,-0.430949,-0.119743,0.0744583,-0.0865545,-0.131043,1.16588,-0.79856,0.775734,-0.158349,-0.673296,1.07618,0.314258,-0.186824,2.10777,1.26043,-0.801258,0.700764,1.2064,0.415709,2.40091,-0.16168,0.386895,-0.667548,-0.563921,1.08107,1.64908,-0.4407,0.394466,-0.260776,0.495285,-0.272759,-0.212427,0.273185,1.11268,-1.65323,0.261813,1.18222,0.480787,-1.64651,0.368371,0.613389,0.108296,4.78182,0.591185,-0.00264706,-0.284931,-0.101794,0.0762385,1.4563,-1.51711,0.314483,1.02117,0.661018,-1.48741,0.267345,0.710215,0.340611,5.53572,1.03445,-0.274234,-0.354671,-0.0412231,0.14684,0.169164,-0.0943857,0.0744304,-0.256911,0.0548778,0.105306,0.261501,0.282448,-0.339365,-0.340377,0.511658,0.305784,-0.930007,0.72234,-0.257749,-0.361697,-0.440243,-0.680949,-0.119743,0.0744583,-0.0865545,-0.131043,-0.196379,-0.166214,0.054637,0.222536,-0.330645,0.0222004,-0.193005,0.0523625,0.236443,0.0961575,0.345518,-0.367492,-0.329303,0.304185,0.426694,-0.91827,0.741428,-0.00585183,1.08764,-0.425318,-0.627526,0.118237,-0.000529412,-0.0914501,-0.122463,0.997977,0.00278123,0.0466355,-0.0431127,0.719637,0.0405678,-0.0254439,-0.692697
-0.254459,0.167469,0.0942692,-0.146819,-0.166241,-0.00343522,-0.153963,0,0.366609,-0.0453602,0.341086,-0.342261,0,0.109997,0.834686,-0.934826,0.773946,0.0412195,-0.190617,-0.408147,-0.577767,0.103672,0.221973,-0.100128,-0.101045,1.53123,-1.53376,-0.247476,-1.09983,-1.54631,-0.431391,0.780228,0,0.430682,1.19787,-0.16122,0.632745,0,-0.00606196,5.39035,-0.143228,0.65641,-0.416443,2.20783,0.501496,1.27576,0.878985,1.30472,-0.207875,0.477034,0,0,0,0.996634,0.0803144,-0.0779532,0.990504,-0.0253727,0.111582,0.72478,-0.219746,-1.06408,-0.26888,0.00680387,0.15345,0.160768,-0.110119,0.0939286,-0.246974,0.0590915,0.143014,0.273559,0.117306,-0.175035,-0.301752,0.398564,0.232807,-0.934567,0.731398,-0.211579,-0.308158,-0.170667,-0.39851,-0.122763,0.0828618,-0.0924641,-0.119628,1.41562,-0.435918,-0.0294742,-0.628033,-0.880442,0.889276,0.657502,0.504704,1.66632,0.0320139,-0.697687,0.709169,2.21392,0.152883,2.3013,-0.265915,0.491552,-0.647003,-0.106293,0.862039,1.54643,0.0136051,0.620745,-0.250136,0.481498,-0.284931,-0.101794,0.0762385,1.4563,-1.51711,0.314483,1.02117,0.661018,-1.48741,0.267345,0.710215,0.340611,5.53572,1.03445,-0.274234,-0.250306,-0.132046,-0.0260319,1.86386,-1.34921,0.379572,0.990586,0.717326,-1.30191,0.288914,0.967929,0.545706,5.99414,1.03036,-0.24643,-0.32888,-0.0531961,0.15345,0.160768,-0.110119,0.0939286,-0.246974,0.0590915,0.143014,0.273559,0.267306,-0.325035,-0.301752,0.518564,0.352807,-0.934567,0.731398,-0.271579,-0.368158,-0.420667,-0.64851,-0.122763,0.0828618,-0.0924641,-0.119628,-0.202466,-0.110897,0.0152477,0.29126,-0.303422,0.0100162,-0.172678,0.0628966,0.204235,0.132204,0.343137,-0.353577,-0.297481,0.253673,0.475108,-0.927598,0.755918,0.110306,1.11011,-0.414713,-0.601127,0.206891,-0.0548468,-0.0971313,-0.111151,0.99737,0.00851287,0.0436297,-0.0572479,0.714499,0.0459071,-0.0394495,-0.697013
-0.222057,0.109343,0.0828099,-0.16221,-0.182397,-0.0194209,-0.138472,0,0.369706,-0.0131825,0.339698,-0.336141,0,0.110726,0.972424,-0.937858,0.799048,0.0237396,-0.116736,-0.409658,-0.560487,0.119338,0.244784,-0.0977557,-0.0933518,1.5579,-1.94551,-0.345123,-1.00075,-1.32475,-0.541758,0.778522,0,0.347937,1.32117,-0.133686,0.534714,0,0.00669065,5.83931,-0.145728,0.836017,-0.553708,2.6537,0.328382,1.15223,0.850275,1.25545,-0.109928,0.449329,0,0,0,0.997556,0.0653057,-0.0625198,0.993021,-0.0311862,0.0982034,0.760297,-0.26982,-0.51367,-0.238226,-0.0020645,0.146218,0.144884,-0.127525,0.108581,-0.230906,0.075344,0.171699,0.267763,0.105412,-0.161107,-0.252572,0.395841,0.283479,-0.940806,0.743173,-0.222587,-0.309862,-0.15614,-0.368876,-0.120701,0.0900708,-0.0969428,-0.108952,1.60491,-0.492224,-0.596353,-0.906205,-0.871991,0.590138,0.924847,1.008,1.25135,-0.598268,-0.50527,0.673491,2.32684,-0.355601,2.74366,-0.327603,0.639625,-0.472426,0.0483611,0.611412,1.39548,0.153108,0.454354,-0.173047,0.445748,-0.250306,-0.132046,-0.0260319,1.86386,-1.34921,0.379572,0.990586,0.717326,-1.30191,0.288914,0.967929,0.545706,5.99414,1.03036,-0.24643,-0.184591,-0.279794,-0.0165561,2.06522,-1.20322,0.44821,1.04217,0.548684,-1.09755,0.278451,1.02452,0.559597,6.21883,0.918249,-0.0286539,-0.298226,-0.0620645,0.146218,0.144884,-0.127525,0.108581,-0.230906,0.075344,0.1717,0.267763,0.255412,-0.311107,-0.252572,0.515841,0.403479,-0.940806,0.743173,-0.282587,-0.369862,-0.40614,-0.618876,-0.120701,0.0900708,-0.0969428,-0.108952,-0.185153,-0.126023,-0.00520638,0.372772,-0.269842,-0.00343522,-0.153963,0.0759144,0.198117,0.143465,0.341086,-0.342261,-0.260381,0.264457,0.603964,-0.934826,0.773946,0.212853,1.12653,-0.408147,-0.577767,0.206071,-0.0492861,-0.100128,-0.101045,0.997004,0.0150806,0.0395349,-0.0647528,0.714499,0.0459071,-0.0394495,-0.697013
-0.18922,0.0544645,0.0687261,-0.175271,-0.209843,-0.039868,-0.1236,0,0.369721,-0.00828414,0.340495,-0.334646,0,0.112051,1.09039,-0.951189,0.825942,0.00441666,-0.030971,-0.411955,-0.55109,0.130053,0.256152,-0.0926744,-0.0933112,1.58309,-2.18504,-0.452842,-0.896443,-1.33902,-0.685938,0.768044,0,0.243786,0.998297,-0.081621,0.396721,0,0.024565,5.85697,-0.301986,0.988633,-0.67744,3.14406,0.195413,0.947516,0.755917,1.04935,-0.000729427,0.315139,0,0,0,0.997113,0.0733617,-0.0709969,0.992246,-0.0269467,0.100328,0.726779,-0.227854,-0.204725,-0.20552,-0.0157052,0.131352,0.12533,-0.144472,0.115883,-0.21001,0.0975544,0.193852,0.251248,0.0975272,-0.148689,-0.207611,0.38408,0.344594,-0.947199,0.758641,-0.230066,-0.305323,-0.14673,-0.342852,-0.11718,0.0996096,-0.0978814,-0.099901,1.64026,-0.860182,-0.827705,-1.02024,-0.866054,0.173975,1.14498,1.12543,1.00518,-1.0978,-0.305087,0.569404,1.94558,-0.754096,3.28542,-0.294384,0.843383,-0.298786,0.562088,0.357707,1.2027,0.188644,0.886466,0.00221196,0.367168,-0.184591,-0.279794,-0.0165561,2.06522,-1.20322,0.44821,1.04217,0.548684,-1.09755,0.278451,1.02452,0.559597,6.21883,0.918249,-0.0286539,0.00477828,-0.449888,-0.114994,2.39596,-1.02868,0.465507,1.15437,0.292551,-0.95689,0.192907,1.15502,0.799333,5.95397,0.982627,0.0296677,-0.26552,-0.0757052,0.131352,0.12533,-0.144472,0.115883,-0.21001,0.0975544,0.193852,0.251248,0.247527,-0.298689,-0.207611,0.50408,0.464594,-0.947199,0.758641,-0.290066,-0.365323,-0.39673,-0.592852,-0.11718,0.0996096,-0.0978814,-0.099901,-0.152295,-0.199897,-0.00331121,0.413043,-0.240645,-0.0194209,-0.138472,0.089642,0.208435,0.109737,0.339698,-0.336141,-0.219511,0.259225,0.632262,-0.937858,0.799048,0.219799,1.13256,-0.409658,-0.560487,0.18365,-0.00573078,-0.0977557,-0.0933518,0.996809,0.0216479,0.035316,-0.0682307,0.708676,0.0480243,-0.0490803,-0.702184
-0.156165,0.00120907,0.0533302,-0.187167,-0.242934,-0.062546,-0.109038,0,0.368196,-0.0170255,0.342385,-0.335464,0,0.113675,1.19846,-0.969671,0.853733,-0.0158279,0.060736,-0.414645,-0.545634,0.138292,0.2618,-0.0862385,-0.0970971,1.60399,-2.32836,-0.547928,-0.805946,-1.43369,-0.820326,0.756067,0,0.147765,0.567687,-0.0287811,0.265439,0,0.0415508,5.72103,-0.488621,1.10891,-0.777876,3.57645,0.09644,0.745097,0.652736,0.81926,0.0960276,0.163808,0,0,0,0.997119,0.0750802,-0.0736658,0.992467,-0.0181078,0.09681,0.682215,-0.188263,-0.259611,-0.170927,-0.038925,0.115269,0.104715,-0.161335,0.114752,-0.185319,0.118537,0.214788,0.227007,0.0934857,-0.138442,-0.175916,0.363556,0.418012,-0.954103,0.778586,-0.233612,-0.288461,-0.141641,-0.320728,-0.113336,0.113738,-0.095221,-0.0955075,1.80594,-1.42461,-0.759863,-1.03474,-0.904766,-0.232284,1.30328,0.932871,1.10678,-1.48315,-0.124355,0.463592,1.15377,-1.24007,3.95187,-0.361403,1.07121,-0.0860856,1.39585,0.174654,1.0126,0.197991,1.21375,0.145978,0.131033,0.00477828,-0.449888,-0.114994,2.39596,-1.02868,0.465507,1.15437,0.292551,-0.95689,0.192907,1.15502,0.799333,5.95397,0.982627,0.0296677,0.0738212,-0.579648,-0.193827,2.84391,-0.830034,0.544631,1.10881,0.151892,-0.882965,0.114627,1.37205,1.19897,5.49562,1.36262,0.145897,-0.230927,-0.098925,0.115269,0.104715,-0.161335,0.114752,-0.185319,0.118537,0.214788,0.227007,0.243486,-0.288442,-0.175916,0.483556,0.538012,-0.954103,0.778586,-0.293612,-0.348461,-0.391641,-0.570728,-0.113336,0.113738,-0.095221,-0.0955075,-0.0576109,-0.284944,-0.0229989,0.479191,-0.205736,-0.039868,-0.1236,0.0931015,0.230874,0.0585101,0.340495,-0.334646,-0.191378,0.216454,0.697511,-0.951189,0.825942,0.339667,1.16278,-0.411955,-0.55109,0.196525,0.00593354,-0.0926744,-0.0933112,0.996608,0.0279274,0.0316393,-0.0706452,0.705724,0.0466588,-0.0575597,-0.704601
-0.122122,-0.0423711,0.0333241,-0.197438,-0.280532,-0.0931765,-0.0907939,0,0.357811,-0.0353905,0.347783,-0.339606,0,0.114592,1.27488,-0.986731,0.871641,-0.0380045,0.0766429,-0.419383,-0.544317,0.137876,0.2618,-0.0856295,-0.0990511,1.63342,-2.28356,-0.683641,-0.71822,-1.56755,-1.03369,0.802907,0,-0.0523406,0.121906,0.0608171,0.123681,0,0.0428399,5.15096,-0.597933,1.04484,-0.877163,2.74212,-0.00356605,0.541323,0.450666,0.573482,0.0763535,0.0853572,0,0,0,0.997549,0.0680966,-0.0664723,0.994066,-0.0218316,0.0848229,0.591907,-0.114322,-0.372119,-0.133998,-0.0758539,0.100566,0.084314,-0.178863,0.105408,-0.158563,0.133995,0.237493,0.196081,0.0932095,-0.130167,-0.162933,0.333583,0.505748,-0.963306,0.802652,-0.232546,-0.250534,-0.13977,-0.302724,-0.109443,0.12909,-0.0901885,-0.0959156,1.87249,-2.21339,-0.709757,-1.00393,-0.941206,-0.641969,1.35374,0.619025,1.16705,-1.8001,0.0711133,0.372035,0.230808,-1.69573,4.64294,-0.498648,1.25326,0.147402,2.75294,0.0290286,0.797513,0.16373,0.846367,0.231573,-0.061006,0.0738212,-0.579648,-0.193827,2.84391,-0.830034,0.544631,1.10881,0.151892,-0.882965,0.114627,1.37205,1.19897,5.49562,1.36262,0.145897,0.0510852,-0.698795,-0.0870223,3.41191,-0.841049,0.639338,0.883142,0.14864,-0.906729,-0.00253937,1.47932,1.60842,4.49544,1.93443,0.385325,-0.193998,-0.135854,0.100566,0.084314,-0.178863,0.105408,-0.158563,0.133995,0.237493,0.196081,0.24321,-0.280167,-0.162933,0.453583,0.625748,-0.963307,0.802652,-0.292546,-0.310534,-0.38977,-0.552724,-0.109443,0.12909,-0.0901885,-0.0959156,-0.0230894,-0.349824,-0.0387653,0.568783,-0.166007,-0.062546,-0.109038,0.108926,0.221762,0.0303783,0.342385,-0.335464,-0.176593,0.177313,0.806026,-0.969671,0.853733,0.539487,1.22133,-0.414645,-0.545634,0.272525,0.0291794,-0.0862385,-0.0970971,0.996276,0.0337275,0.0286939,-0.0739751,0.705724,0.0466588,-0.0575597,-0.704601
-0.0879019,-0.0844361,0.013206,-0.207981,-0.304128,-0.123977,-0.0706913,0,0.345735,-0.0397537,0.353733,-0.343729,0,0.115134,1.33915,-0.998129,0.88273,-0.0595859,0.0663423,-0.424864,-0.543096,0.138045,0.2618,-0.0836784,-0.101255,1.6567,-2.22946,-0.780321,-0.66091,-1.45122,-1.18559,0.863574,0,-0.21778,0.0198861,0.13183,0.0247291,0,0.0381171,4.56971,-0.589515,0.897732,-0.937735,1.76497,-0.0847006,0.397252,0.318005,0.401437,0.0827142,0.0266924,0,0,0,0.998666,0.0515374,-0.0511244,0.995513,-0.0072286,0.0793644,0.451171,0.0309212,-0.34154,-0.0975215,-0.12917,0.0862716,0.064621,-0.198356,0.086909,-0.130467,0.142766,0.259031,0.160423,0.0968943,-0.123959,-0.171043,0.294799,0.605405,-0.9751,0.827758,-0.226372,-0.180739,-0.14049,-0.289732,-0.106491,0.149609,-0.0870502,-0.0977068,1.7684,-3.02234,-0.73616,-0.963262,-1.0147,-1.14091,1.43459,0.29065,0.983373,-1.81263,0.274895,0.266273,-0.812673,-2.11979,5.05128,-0.613659,1.21514,0.432944,4.4199,-0.0888687,0.53615,0.117192,0.728346,0.0962306,-0.0772422,0.0510852,-0.698795,-0.0870223,3.41191,-0.841049,0.639338,0.883142,0.14864,-0.906729,-0.00253937,1.47932,1.60842,4.49544,1.93443,0.385325,0.228903,-0.789102,-0.00490271,4.04244,-0.957612,0.702965,0.616766,0.289864,-0.89901,0.213314,1.46068,2.22799,3.5419,2.63466,0.616551,-0.157521,-0.18917,0.0862716,0.064621,-0.198356,0.086909,-0.130467,0.142766,0.259031,0.160423,0.246894,-0.273959,-0.171043,0.414799,0.725405,-0.9751,0.827758,-0.286372,-0.240739,-0.39049,-0.539732,-0.106491,0.149609,-0.0870502,-0.0977068,-0.0344574,-0.409398,-0.0174045,0.682382,-0.16821,-0.0931765,-0.0907939,0.127868,0.176628,0.029728,0.347783,-0.339606,-0.181346,0.11873,0.859661,-0.986731,0.871641,0.744209,1.32711,-0.419383,-0.544317,0.386886,0.077065,-0.0856295,-0.0990511,0.995862,0.0386902,0.0271632,-0.0776094,0.708266,0.0424695,-0.0646457,-0.701696
-0.0533243,-0.123471,-0.00713627,-0.219072,-0.29972,-0.155117,-0.0468714,0,0.330277,-0.0161132,0.36079,-0.347815,0,0.114926,1.37912,-0.998201,0.880184,-0.0799768,0.00362658,-0.431828,-0.542065,0.139386,0.2618,-0.0790429,-0.103959,1.67836,-2.14614,-0.851359,-0.628989,-0.949725,-1.29702,0.9618,0,-0.384316,0.368528,0.198127,-0.0439794,0,0.0235619,3.79843,-0.41375,0.590226,-0.962278,0.294745,-0.163759,0.293542,0.242721,0.281006,0.127432,-0.0218716,0,0,0,0.99888,0.0472329,-0.0468973,0.996242,-0.00632199,0.0725972,0.244404,0.0860194,-0.00100121,-0.0638892,-0.19388,0.0695442,0.0471272,-0.217418,0.058979,-0.100197,0.148829,0.273916,0.12931,0.105169,-0.119195,-0.188293,0.251078,0.706557,-0.987945,0.850625,-0.215501,-0.0598076,-0.143401,-0.281168,-0.103749,0.165721,-0.0850493,-0.0997425,1.60699,-3.31073,-0.996827,-0.771209,-0.750432,-1.58297,1.58096,0.344437,0.464827,-1.16334,0.536077,0.241188,-0.734901,-2.20821,5.02479,-0.620463,1.06335,0.61548,6.46749,-0.182277,0.361823,0.128071,-0.257591,0.077836,-0.0883191,0.228903,-0.789102,-0.00490271,4.04244,-0.957612,0.702965,0.616766,0.289864,-0.89901,0.213314,1.46068,2.22799,3.5419,2.63466,0.616551,0.553023,-0.991603,0.12965,4.51852,-1.08294,0.693199,0.1792,0.652762,-0.811649,0.224906,1.58776,2.57605,0.756511,3.16487,0.687699,-0.123889,-0.25388,0.0695442,0.0471272,-0.217418,0.058979,-0.100197,0.148829,0.273916,0.12931,0.255169,-0.269195,-0.188293,0.371078,0.826557,-0.987945,0.850625,-0.275501,-0.119808,-0.393401,-0.531168,-0.103749,0.165721,-0.0850493,-0.0997425,0.0544516,-0.454551,-0.000980541,0.808487,-0.191522,-0.123977,-0.0706913,0.140593,0.123353,0.0579728,0.353733,-0.343729,-0.179802,0.226657,0.850339,-0.998129,0.88273,1.054,1.48026,-0.424864,-0.543096,0.526933,0.12331,-0.0836784,-0.101255,0.995575,0.0422652,0.027042,-0.0794589,0.708266,0.0424695,-0.0646457,-0.701696
-0.0239741,-0.164924,-0.028971,-0.224611,-0.30852,-0.184748,-0.0217386,0,0.312036,-0.0162666,0.369027,-0.349483,0,0.115209,1.39905,-0.986184,0.866702,-0.0991599,-0.0603717,-0.442217,-0.538068,0.138818,0.235926,-0.075666,-0.106589,1.6151,-2.12409,-0.923472,-0.523392,-0.796815,-1.35237,1.05025,0,-0.542633,0.255669,0.262243,-0.0557999,0,0.0207377,2.95784,-0.109359,0.210926,-0.961342,-0.753653,-0.270466,0.26543,0.16138,-0.19141,0.139856,-0.0547692,0,0,0,0.999491,0.0291585,-0.0300168,0.996957,0.0108141,0.0722998,0.150333,-0.0142564,0.0293668,-0.0300166,-0.259705,0.0514697,0.0332733,-0.231448,0.0240218,-0.0665371,0.157151,0.282757,0.113013,0.11823,-0.115199,-0.185011,0.205684,0.801208,-0.99873,0.868456,-0.203727,0.0719882,-0.148053,-0.276207,-0.102663,0.164679,-0.0819019,-0.102069,1.75456,-3.16768,-0.855572,-0.619147,-0.528769,-1.85445,1.7538,0.470924,0.4331,-0.521611,0.747381,0.191143,0.892416,-2.26812,4.38065,-0.448686,0.752121,0.578984,6.6669,-0.254706,0.186405,0.0195226,-0.340366,0.151013,-0.102454,0.553023,-0.991603,0.12965,4.51852,-1.08294,0.693199,0.1792,0.652762,-0.811649,0.224906,1.58776,2.57605,0.756511,3.16487,0.687699,0.583234,-1.25647,0.167682,4.70956,-1.68601,0.811649,0.0643934,0.835458,-0.640664,0.324507,1.72244,2.78789,0.0453159,3.09578,0.739045,-0.0900166,-0.319705,0.0514697,0.0332733,-0.231448,0.0240218,-0.0665371,0.157151,0.282757,0.113013,0.26823,-0.265199,-0.185011,0.325684,0.921208,-0.99873,0.868456,-0.263727,0.0119882,-0.398053,-0.526207,-0.102663,0.164679,-0.0819019,-0.102069,0.216511,-0.555801,0.02593,0.903703,-0.216587,-0.155117,-0.0468714,0.13864,0.03584,0.130552,0.36079,-0.347815,-0.16233,0.232453,0.913881,-0.998201,0.880184,1.22802,0.318255,-0.431828,-0.542065,0.632975,0.13754,-0.0790429,-0.103959,0.995536,0.044097,0.0268535,-0.0790145,0.714182,0.0376452,-0.0717555,-0.695254
0.00276232,-0.207586,-0.0515519,-0.227376,-0.323925,-0.213624,0.00405073,0,0.292404,-0.0283168,0.377854,-0.349941,0,0.115737,1.40896,-0.968121,0.847752,-0.117739,-0.125011,-0.454318,-0.532588,0.137295,0.197114,-0.0729184,-0.109183,1.53162,-2.1268,-0.985145,-0.407848,-0.788846,-1.3798,1.12202,0,-0.674325,-0.00178513,0.315978,-0.0459371,0,0.0224431,2.21909,0.194392,-0.136609,-0.951629,-1.49715,-0.370844,0.267996,0.0901189,-0.716159,0.139113,-0.0772489,0,0,0,0.999856,0.0045657,-0.00560382,0.997935,0.0160339,0.0640646,0.109177,-0.0420518,-0.034582,0.00324183,-0.322698,0.0300635,0.0221951,-0.237548,-0.010777,-0.0472634,0.170054,0.291722,0.109619,0.134747,-0.121984,-0.141109,0.163738,0.883193,-1.00251,0.841544,-0.193436,0.154796,-0.154477,-0.296666,-0.102354,0.157184,-0.0782826,-0.131128,1.56408,-3.1034,-1.26576,-0.484313,-0.14205,-1.68211,0.341772,0.776946,0.391073,-0.000810126,0.897036,-0.690426,2.8449,-1.92841,3.84561,-0.0255428,-2.20824,0.45053,2.02119,-0.346175,-1.80676,-0.00303325,-0.346751,0.152632,-1.37314,0.583234,-1.25647,0.167682,4.70956,-1.68601,0.811649,0.0643934,0.835458,-0.640664,0.324507,1.72244,2.78789,0.0453159,3.09578,0.739045,0.547644,-1.59776,0.0138561,4.41978,-2.00081,0.863043,-0.122368,0.84054,-0.450063,0.39706,1.75167,2.85437,-0.573426,2.67246,0.576421,-0.0567582,-0.382698,0.0300635,0.0221951,-0.237548,-0.010777,-0.0472634,0.170054,0.291722,0.109619,0.284747,-0.271984,-0.141109,0.283738,1.00319,-1.00251,0.841544,-0.253436,0.0947965,-0.404477,-0.546666,-0.102354,0.157184,-0.0782826,-0.131128,0.231617,-0.688235,0.0335364,0.941912,-0.337201,-0.184748,-0.0217386,0.16233,0.0128787,0.167092,0.369027,-0.349483,-0.128133,0.282254,0.981218,-0.986184,0.866702,1.26522,-0.037342,-0.442217,-0.538068,0.619155,0.147809,-0.075666,-0.106589,0.995485,0.0452291,0.026144,-0.0792477,0.722457,0.033185,-0.0719524,-0.68686
0.0226025,-0.255187,-0.0714479,-0.225407,-0.346202,-0.242388,0.0272196,0,0.275635,-0.0566603,0.388126,-0.34617,0,0.116409,1.39438,-0.944914,0.820043,-0.134161,-0.163679,-0.472356,-0.521961,0.13613,0.150598,-0.0707915,-0.100106,1.36974,-2.20277,-0.988041,-0.255955,-0.886349,-1.39732,1.13294,0,-0.723557,-0.426401,0.375268,0.0244167,0,0.0257927,1.33461,0.484175,-0.511256,-0.912463,-1.62802,-0.530161,0.347002,0.0456193,-1.19905,0.129283,0.0820848,0,0,0,0.999825,0.00643587,-0.00751644,0.998037,0.017126,0.0622996,0.0480545,0.208261,0.230909,0.0268857,-0.388249,0.000448649,0.0139699,-0.239818,-0.0466467,-0.0508356,0.181984,0.293878,0.108852,0.154136,-0.138536,-0.0779522,0.131855,0.955229,-0.998616,0.80174,-0.186599,0.126334,-0.16232,-0.335734,-0.10326,0.146865,-0.0752223,-0.143321,0.852211,-3.41603,-1.63769,-0.35689,-0.132399,-1.91461,-0.541023,0.416484,-0.143605,-0.115882,1.01225,-0.884876,2.92876,-1.30417,3.3352,0.331995,-1.69473,0.247054,-3.75436,-0.405765,-1.85178,-0.050635,-0.616279,0.123934,-0.129973,0.547644,-1.59776,0.0138561,4.41978,-2.00081,0.863043,-0.122368,0.84054,-0.450063,0.39706,1.75167,2.85437,-0.573426,2.67246,0.576421,0.318549,-1.42845,-0.0178849,3.80838,-2.08634,0.819896,0.332786,0.794309,-0.332782,0.330529,1.60643,2.57515,-0.584101,2.2974,0.518715,-0.0331143,-0.448249,0.000448649,0.0139699,-0.239818,-0.0466467,-0.0508356,0.181984,0.293878,0.108852,0.304136,-0.288536,-0.0779522,0.251855,1.07523,-0.998616,0.80174,-0.246599,0.0663342,-0.41232,-0.585734,-0.10326,0.146865,-0.0752223,-0.143321,0.213822,-0.858882,0.00277123,0.883956,-0.400161,-0.213624,0.00405073,0.172609,-0.0244735,0.168108,0.377854,-0.349941,-0.0900127,0.31853,0.995836,-0.968121,0.847752,1.26909,-0.346713,-0.454318,-0.532588,0.534492,0.115284,-0.0729184,-0.109183,0.995519,0.0460987,0.0265274,-0.0781903,0.722457,0.033185,-0.0719524,-0.68686
0.0423517,-0.299769,-0.0908339,-0.2226,-0.364281,-0.269795,0.048896,0,0.258419,-0.0844397,0.39884,-0.341437,0,0.117107,1.36887,-0.920869,0.794221,-0.150344,-0.199816,-0.492923,-0.509168,0.135196,0.111556,-0.0685787,-0.0908722,1.25505,-2.21068,-0.982419,-0.137062,-0.891627,-1.38922,1.11821,0,-0.764727,-0.715173,0.423393,0.0880858,0,0.0285171,0.551621,0.699595,-0.745211,-0.881469,-1.68167,-0.679612,0.434794,0.0179118,-1.42497,0.123691,0.195967,0,0,0,0.999766,-0.00827205,0.00724867,0.998686,0.0203869,0.0505698,0.0171594,0.428117,0.633604,0.0375105,-0.454948,-0.0349477,0.00815449,-0.244665,-0.0883926,-0.0654965,0.184524,0.284921,0.101675,0.174942,-0.155377,-0.0369328,0.112005,1.00659,-0.987956,0.772601,-0.183812,0.0296969,-0.171613,-0.36393,-0.104424,0.133623,-0.0728117,-0.135858,0.309286,-3.21916,-1.81208,-0.237078,-0.339981,-2.24835,-0.797611,-0.101115,-0.671063,-0.55285,1.04244,-0.771763,1.09558,-0.761927,1.85913,0.645167,-1.13037,0.0544936,-5.23069,-0.491572,-0.881293,-0.0652139,-0.656602,0.0967853,0.812714,0.318549,-1.42845,-0.0178849,3.80838,-2.08634,0.819896,0.332786,0.794309,-0.332782,0.330529,1.60643,2.57515,-0.584101,2.2974,0.518715,0.233423,-1.35102,-0.0726787,3.30891,-1.91989,0.732959,0.569626,0.745139,-0.328212,0.266685,1.53614,2.30321,-0.668744,1.81809,0.487363,-0.0224895,-0.514948,-0.0349477,0.00815449,-0.244665,-0.0883926,-0.0654965,0.184524,0.284921,0.101675,0.324942,-0.305377,-0.0369328,0.232005,1.12659,-0.987956,0.772601,-0.243812,-0.0303031,-0.421613,-0.61393,-0.104424,0.133623,-0.0728117,-0.135858,0.0992745,-0.774224,-0.00357697,0.761675,-0.417268,-0.242388,0.0272196,0.163979,0.0665572,0.158862,0.388126,-0.34617,-0.0665563,0.285265,0.923216,-0.944914,0.820043,1.22757,-0.35205,-0.472356,-0.521961,0.45948,0.103743,-0.0707915,-0.100106,0.99577,0.0471746,0.029124,-0.073271,0.730935,0.0303785,-0.0677824,-0.678392
0.0619186,-0.338316,-0.1092,-0.218117,-0.373963,-0.294486,0.0675874,0,0.240309,-0.111091,0.410436,-0.334781,0,0.117855,1.32152,-0.895148,0.772172,-0.16605,-0.230891,-0.518547,-0.492044,0.13472,0.0874603,-0.0661941,-0.0813253,1.17204,-2.12567,-0.963184,-0.0286997,-0.769374,-1.34283,1.06312,0,-0.806961,-0.900395,0.470327,0.161496,0,0.0311839,-0.324163,0.87553,-0.852382,-0.852619,-1.6433,-0.860088,0.561227,0.00540116,-1.35891,0.122352,0.28038,0,0,0,0.999545,0.00685885,-0.00825792,0.998823,0.028999,0.0480179,0.00243578,0.540104,0.802566,0.0406546,-0.515004,-0.0674934,0.00444091,-0.252848,-0.137919,-0.0765158,0.175108,0.26906,0.087981,0.194914,-0.167032,-0.0421057,0.100454,1.02418,-0.9718,0.760488,-0.18445,-0.0745485,-0.183293,-0.361252,-0.106003,0.121375,-0.0706785,-0.110324,0.0723774,-2.79743,-1.44578,-0.147692,-0.439241,-2.63652,-0.288741,-0.738782,-0.854466,-0.751738,0.942683,-0.458781,-1.18376,-0.45332,0.0675082,0.898602,-0.305752,-0.0981634,-5.0108,-0.644482,0.760931,-0.0956774,-0.555789,0.0928371,1.08069,0.233423,-1.35102,-0.0726787,3.30891,-1.91989,0.732959,0.569626,0.745139,-0.328212,0.266685,1.53614,2.30321,-0.668744,1.81809,0.487363,0.202298,-1.23239,-0.245151,2.76199,-1.64734,0.639042,1.00955,0.511902,-0.443808,0.248148,1.37951,2.12175,-0.678091,1.33152,0.462185,-0.0193454,-0.575004,-0.0674934,0.00444091,-0.252848,-0.137919,-0.0765158,0.175108,0.26906,0.087981,0.344914,-0.317032,-0.0421057,0.220454,1.14418,-0.9718,0.760488,-0.24445,-0.134549,-0.433293,-0.611252,-0.106003,0.121375,-0.0706785,-0.110324,0.0567117,-0.735509,-0.0145357,0.661781,-0.383978,-0.269795,0.048896,0.146592,0.113925,0.149028,0.39884,-0.341437,-0.0656424,0.253342,0.888068,-0.920869,0.794221,1.09161,-0.394372,-0.492923,-0.509168,0.363618,0.0974726,-0.0685787,-0.0908722,0.996151,0.0483773,0.0329587,-0.0652388,0.730935,0.0303785,-0.0677824,-0.678392
0.0800561,-0.374982,-0.124424,-0.213279,-0.372407,-0.316375,0.08336,0,0.224145,-0.130276,0.422661,-0.327573,0,0.1186,1.2569,-0.870433,0.751811,-0.181444,-0.247924,-0.548529,-0.477018,0.131852,0.0563217,-0.0598643,-0.0717626,1.09249,-2.03796,-0.902589,0.0524847,-0.515221,-1.26831,0.980771,0,-0.807333,-0.91805,0.512595,0.221169,0,0.0330084,-1.19622,0.983602,-0.902074,-0.827745,-1.4058,-1.0518,0.61825,-0.0392378,-1.41832,0.180593,0.339707,0,0,0,0.99939,0.000169208,-0.00137125,0.999407,0.0348904,0.0344317,-0.00400377,0.473632,0.744424,0.0430587,-0.562222,-0.091309,0.00259276,-0.260949,-0.191607,-0.0742559,0.155639,0.253228,0.0711242,0.212238,-0.173243,-0.0840185,0.0927997,1.00253,-0.950639,0.755761,-0.187818,-0.162375,-0.199302,-0.336351,-0.108801,0.111373,-0.0683881,-0.0924266,0.189637,-1.97979,-0.977098,-0.0516497,-0.351003,-2.68362,0.438497,-1.10515,-0.705449,-0.8918,0.789943,-0.208336,-2.44097,-0.340069,-2.01063,1.13478,-0.191288,-0.22304,-3.83817,-0.897995,1.51788,-0.170747,-0.446793,0.10416,0.651931,0.202298,-1.23239,-0.245151,2.76199,-1.64734,0.639042,1.00955,0.511902,-0.443808,0.248148,1.37951,2.12175,-0.678091,1.33152,0.462185,0.103664,-1.07336,-0.421745,2.15857,-1.37077,0.595991,1.22897,0.266118,-0.56136,0.246563,1.16747,2.01888,-0.71866,0.949545,0.395635,-0.0169413,-0.622222,-0.091309,0.00259276,-0.260949,-0.191607,-0.0742559,0.155639,0.253228,0.0711242,0.362238,-0.323243,-0.0840185,0.2128,1.12253,-0.950639,0.755761,-0.247818,-0.222375,-0.449302,-0.586351,-0.108801,0.111373,-0.0683881,-0.0924266,0.0411491,-0.676194,-0.0490301,0.552398,-0.329467,-0.294486,0.0675874,0.127808,0.20191,0.10238,0.410436,-0.334781,-0.0887616,0.244074,0.809754,-0.895148,0.772172,1.00088,-0.399045,-0.518547,-0.492044,0.266303,0.0924369,-0.0661941,-0.0813253,0.996477,0.049503,0.036911,-0.0567539,0.739012,0.02711,-0.0631374,-0.670179
0.0974788,-0.410708,-0.138077,-0.208263,-0.365232,-0.336862,0.0976733,0,0.208954,-0.145728,0.435199,-0.320089,0,0.119344,1.18364,-0.84622,0.732295,-0.196682,-0.257935,-0.580691,-0.463041,0.127788,0.0216614,-0.051562,-0.062192,1.02608,-1.96246,-0.836606,0.11198,-0.253023,-1.19513,0.901239,0,-0.792999,-0.874409,0.546888,0.267083,0,0.0342644,-1.93616,1.05171,-0.924197,-0.807995,-1.13422,-1.21868,0.642427,-0.0884259,-1.51273,0.25095,0.381354,0,0,0,0.999361,-0.00372486,0.00291971,0.999739,0.0356255,0.0225551,-0.0203214,0.332205,0.711202,0.04875,-0.589103,-0.108176,0.00310463,-0.266405,-0.242899,-0.058146,0.132978,0.240107,0.0499147,0.226747,-0.174531,-0.130324,0.087592,0.937067,-0.925703,0.750654,-0.193877,-0.226653,-0.22108,-0.302569,-0.113188,0.102098,-0.0640059,-0.0800586,0.365906,-0.82393,-0.741005,0.0834503,-0.186398,-2.44264,1.07691,-1.10254,-0.598579,-1.1612,0.665892,0.0350861,-1.86516,-0.192599,-4.26603,1.28213,-0.277937,-0.373922,-2.74399,-1.19913,1.74478,-0.256826,-0.466111,0.218584,0.482348,0.103664,-1.07336,-0.421745,2.15857,-1.37077,0.595991,1.22897,0.266118,-0.56136,0.246563,1.16747,2.01888,-0.71866,0.949545,0.395635,0.0224729,-0.825892,-0.458435,1.16014,-0.9206,0.530179,1.39349,-0.14678,-0.650219,0.32252,0.82723,1.90099,-0.669286,0.3803,0.275072,-0.01125,-0.649103,-0.108176,0.00310463,-0.266405,-0.242899,-0.058146,0.132978,0.240107,0.0499147,0.376747,-0.324531,-0.130324,0.207592,1.05707,-0.925703,0.750654,-0.253877,-0.286653,-0.47108,-0.552569,-0.113188,0.102098,-0.0640059,-0.0800586,-0.008168,-0.596679,-0.084349,0.431714,-0.274154,-0.316375,0.08336,0.119198,0.245794,0.0532236,0.422661,-0.327573,-0.112272,0.243281,0.703733,-0.870433,0.751811,0.949442,-0.41933,-0.548529,-0.477018,0.189909,0.079127,-0.0598643,-0.0717626,0.996738,0.0502407,0.0398142,-0.0490398,0.745699,0.0251966,-0.0578624,-0.663288
0.113048,-0.433623,-0.146709,-0.204889,-0.354641,-0.354704,0.108835,0,0.197048,-0.162427,0.447855,-0.313898,0,0.120051,1.0756,-0.830321,0.726785,-0.210328,-0.246222,-0.616412,-0.447133,0.129683,0.0278434,-0.0449966,-0.0606098,0.951801,-1.71746,-0.715111,0.128998,-0.0182481,-1.10422,0.798289,0,-0.733696,-0.862575,0.572662,0.279817,0,0.0345898,-2.97592,0.974679,-0.729583,-0.770276,-0.618262,-1.3889,0.688315,-0.033473,-0.966178,0.274146,0.29068,0,0,0,0.999178,0.0109745,-0.0118077,0.999706,0.03879,0.0216234,-0.0466368,0.124149,0.728858,0.0580295,-0.588451,-0.121975,0.00695328,-0.267855,-0.287617,-0.03033,0.113806,0.228566,0.0212171,0.239074,-0.171156,-0.152827,0.087157,0.822674,-0.899141,0.743319,-0.204049,-0.266148,-0.248431,-0.267875,-0.119565,0.090104,-0.0572444,-0.069644,0.542224,0.717819,-0.636481,0.270323,0.0475465,-2.05818,1.61729,-0.816807,-0.534169,-1.60103,0.566862,0.254672,-0.438176,0.129356,-6.85814,1.31652,-0.396139,-0.630077,-1.42806,-1.45053,1.67042,-0.364258,-0.678468,0.314031,0.426528,0.0224729,-0.825892,-0.458435,1.16014,-0.9206,0.530179,1.39349,-0.14678,-0.650219,0.32252,0.82723,1.90099,-0.669286,0.3803,0.275072,-0.155068,-0.315066,-0.471461,-0.0393545,-0.365576,0.319701,1.85831,-0.338009,-0.635093,0.110804,0.799827,1.39095,0.52383,-0.333396,-0.179459,-0.00197052,-0.648451,-0.121975,0.00695328,-0.267855,-0.287617,-0.03033,0.113806,0.228566,0.0212171,0.389074,-0.321156,-0.152827,0.207157,0.942674,-0.899141,0.743319,-0.264049,-0.326148,-0.498431,-0.517875,-0.119565,0.090104,-0.0572444,-0.069644,-0.0487635,-0.472946,-0.0916869,0.232029,-0.18412,-0.336862,0.0976733,0.106036,0.278698,-0.029356,0.435199,-0.320089,-0.130044,0.28126,0.533615,-0.84622,0.732295,0.890496,-0.394643,-0.580691,-0.463041,0.07606,0.0550145,-0.051562,-0.062192,0.99702,0.0503773,0.0410412,-0.0415779,0.745699,0.0251966,-0.0578624,-0.663288
0.127868,-0.452156,-0.154036,-0.201151,-0.343492,-0.371149,0.118884,0,0.186275,-0.184088,0.460136,-0.308077,0,0.120767,0.957021,-0.815372,0.724053,-0.225652,-0.226847,-0.652463,-0.432492,0.127741,0.033703,-0.0375384,-0.0609523,0.888554,-1.48021,-0.610477,0.146363,0.154451,-1.01962,0.709535,0,-0.675178,-0.928715,0.585074,0.28318,0,0.0349487,-3.86186,0.906511,-0.551698,-0.769068,-0.142165,-1.51299,0.701435,-0.052555,-0.588431,0.303775,0.198338,0,0,0,0.999551,0.010568,-0.0109888,0.999829,0.0278719,0.0152005,-0.00674112,-0.276996,0.528844,0.0757747,-0.554563,-0.131957,0.0134825,-0.261513,-0.322134,0.00711876,0.0989743,0.222681,-0.0109008,0.249396,-0.164536,-0.14305,0.0898382,0.658086,-0.873931,0.736134,-0.218971,-0.215338,-0.280006,-0.235967,-0.128279,0.0643667,-0.0501298,-0.0637721,1.18583,2.45045,-0.384938,0.348199,0.543644,-1.44664,2.05823,-0.712758,-0.0823133,-1.51346,0.465825,0.368145,1.10175,0.126572,-9.18438,1.17857,-0.305389,-0.838637,5.4016,-1.62553,1.49788,-0.484399,-1.68812,0.300705,0.189825,-0.155068,-0.315066,-0.471461,-0.0393545,-0.365576,0.319701,1.85831,-0.338009,-0.635093,0.110804,0.799827,1.39095,0.52383,-0.333396,-0.179459,-0.337044,-0.0879028,-0.651957,-0.557216,-0.316852,0.33915,2.02119,-0.317129,-0.495045,-0.231222,1.01316,0.602989,0.845917,-0.561777,-0.472931,0.0157747,-0.614563,-0.131957,0.0134825,-0.261513,-0.322134,0.00711876,0.0989743,0.222681,-0.0109008,0.399396,-0.314536,-0.14305,0.209838,0.778086,-0.873931,0.736134,-0.278971,-0.275338,-0.530006,-0.485967,-0.128279,0.0643667,-0.0501298,-0.0637721,-0.137534,-0.217533,-0.0942923,-0.00787091,-0.0731152,-0.354704,0.108835,0.0639403,0.371663,-0.0676019,0.447855,-0.313898,-0.127019,0.175402,0.519914,-0.830321,0.726785,0.635473,0.201915,-0.616412,-0.447133,-0.0666791,-0.0358918,-0.0449966,-0.0606098,0.997342,0.0499782,0.0394214,-0.0354469,0.750326,0.0254975,-0.0529922,-0.658447
0.141187,-0.461924,-0.158751,-0.196687,-0.33123,-0.384798,0.126707,0,0.17777,-0.215672,0.471666,-0.302997,0,0.1215,0.817358,-0.802323,0.726875,-0.244337,-0.19215,-0.689171,-0.420385,0.118127,0.0389179,-0.0282946,-0.0651444,0.821781,-1.18266,-0.498058,0.169422,0.292055,-0.918476,0.614026,0,-0.600203,-1.12386,0.582503,0.274428,0,0.0354628,-4.79824,0.830304,-0.343862,-0.81861,0.42095,-1.60972,0.672615,-0.18101,-0.333678,0.3513,0.0759564,0,0,0,0.999669,0.018654,-0.0189048,0.999722,0.0174693,0.0144058,-0.0425673,-0.590304,0.32053,0.107188,-0.498727,-0.139017,0.0199389,-0.253117,-0.343794,0.0493021,0.088607,0.227375,-0.0328773,0.256141,-0.156606,-0.10572,0.0878584,0.509892,-0.851692,0.731887,-0.232478,-0.111843,-0.313124,-0.206203,-0.138829,0.0683405,-0.0429552,-0.0618135,1.74769,2.1498,-0.232716,0.400787,0.14198,-0.942883,1.94867,-0.179134,0.748522,-0.685837,0.0765615,0.485798,2.00552,-0.400971,-2.7573,1.04656,-0.109112,-0.129398,1.55524,-1.50165,1.63997,-0.615133,2.10128,0.296931,0.0421638,-0.337044,-0.0879028,-0.651957,-0.557216,-0.316852,0.33915,2.02119,-0.317129,-0.495045,-0.231222,1.01316,0.602989,0.845917,-0.561777,-0.472931,-0.441686,-0.0322299,-0.615408,-0.576665,-0.729002,0.536956,2.04654,-0.45308,-0.547941,-0.19042,0.630049,-0.156808,0.224226,-0.718786,-0.583903,0.0471884,-0.558727,-0.139017,0.0199389,-0.253117,-0.343794,0.0493021,0.088607,0.227375,-0.0328773,0.406141,-0.306606,-0.10572,0.207858,0.629892,-0.851692,0.731887,-0.292478,-0.171843,-0.563124,-0.456203,-0.138829,0.0683405,-0.0429552,-0.0618135,-0.228522,-0.103951,-0.130391,-0.111443,-0.0633704,-0.371149,0.118884,0.0678299,0.404238,-0.0634258,0.460136,-0.308077,-0.099009,0.00438918,0.626579,-0.815372,0.724053,0.241495,0.362958,-0.652463,-0.432492,-0.112355,-0.0945861,-0.0375384,-0.0609523,0.997686,0.0495679,0.0340527,-0.0317249,0.750326,0.0254975,-0.0529922,-0.658447
0.152275,-0.464664,-0.162834,-0.193306,-0.313958,-0.395136,0.133505,0,0.17044,-0.248474,0.48236,-0.298276,0,0.122149,0.659485,-0.793497,0.729006,-0.262004,-0.137481,-0.723948,-0.410779,0.110223,0.056109,-0.0211502,-0.0677288,0.741561,-0.868965,-0.409881,0.16931,0.463509,-0.797997,0.531795,0,-0.530094,-1.27874,0.568169,0.262918,0,0.0345508,-5.72687,0.713598,-0.208729,-0.838031,1.11469,-1.64845,0.614922,-0.245261,0.0242912,0.353075,0.0144034,0,0,0,0.999856,0.0156084,-0.0155025,0.999759,-0.00695017,0.0154436,-0.45228,-0.508814,0.561576,0.138585,-0.469275,-0.14625,0.0339205,-0.249856,-0.362401,0.0836594,0.0965544,0.257182,-0.0496438,0.255123,-0.144136,-0.0857037,0.077348,0.509668,-0.832815,0.731451,-0.22442,-0.1244,-0.344536,-0.17447,-0.151894,0.0870888,-0.0348422,-0.0634238,1.37526,1.28957,-0.599188,0.945862,0.160434,-0.924164,1.60401,0.776489,1.934,-1.14493,-0.0835677,0.691817,0.0581771,-0.576179,0.970453,0.836446,0.022655,0.893018,-1.43121,-1.65813,1.39707,-0.628453,0.383927,0.363819,-0.102879,-0.441686,-0.0322299,-0.615408,-0.576665,-0.729002,0.536956,2.04654,-0.45308,-0.547941,-0.19042,0.630049,-0.156808,0.224226,-0.718786,-0.583903,-0.405288,-0.222493,-0.587152,-0.949903,-1.44454,0.695608,1.92863,-0.29591,-0.550446,-0.0753713,0.50233,-0.392491,1.64543,-0.919631,-0.894996,0.0785848,-0.529275,-0.14625,0.0339205,-0.249856,-0.362401,0.0836594,0.0965544,0.257182,-0.0496438,0.405123,-0.294136,-0.0857037,0.197348,0.629668,-0.832815,0.731451,-0.28442,-0.1844,-0.594536,-0.42447,-0.151894,0.0870888,-0.0348422,-0.0634238,-0.280843,-0.076115,-0.123082,-0.115333,-0.1458,-0.384798,0.126707,0.107391,0.409307,-0.0906161,0.471666,-0.302997,-0.109588,0.0247899,0.435025,-0.802323,0.726875,-0.138404,0.0521128,-0.689171,-0.420385,-0.143757,-0.116781,-0.0282946,-0.0651444,0.99811,0.0458747,0.0285564,-0.0292527,0.753729,0.0277841,-0.0466277,-0.65494
0.162247,-0.46389,-0.1666,-0.190466,-0.294183,-0.403817,0.139791,0,0.163697,-0.281886,0.492637,-0.293734,0,0.122755,0.492507,-0.786783,0.730793,-0.279162,-0.0728278,-0.757759,-0.402423,0.103175,0.0792881,-0.0150556,-0.0695094,0.668667,-0.596671,-0.343414,0.161104,0.621091,-0.688823,0.466545,0,-0.472204,-1.3963,0.551869,0.25217,0,0.033276,-6.51348,0.600223,-0.119312,-0.843996,1.75009,-1.66108,0.555778,-0.277404,0.364691,0.338573,-0.0166265,0,0,0,0.999151,0.0246285,-0.0238364,0.999424,-0.0336034,0.0233585,-0.581165,-0.221459,0.949654,0.15828,-0.444306,-0.162555,0.0535626,-0.247011,-0.380572,0.112773,0.117531,0.292747,-0.0778187,0.253252,-0.130998,-0.100864,0.0701054,0.528352,-0.81794,0.732347,-0.216055,-0.152787,-0.381414,-0.152908,-0.168152,0.090388,-0.0269007,-0.0659665,0.576746,1.21065,-0.98684,0.956277,0.118395,-0.92594,1.31831,1.18522,1.55728,-1.60545,-0.108483,0.611339,-1.19009,-0.335754,0.759786,0.662276,0.0549826,0.601367,-1.29934,-1.9321,0.820196,-0.576419,0.0699914,0.328382,-0.108958,-0.405288,-0.222493,-0.587152,-0.949903,-1.44454,0.695608,1.92863,-0.29591,-0.550446,-0.0753713,0.50233,-0.392491,1.64543,-0.919631,-0.894996,-0.181082,-0.284851,-0.744528,-0.765827,-1.70314,0.722132,1.70438,-0.284416,-0.679176,-0.0561382,0.818199,-0.543238,2.75864,-0.867054,-1.04937,0.0982796,-0.504306,-0.162555,0.0535626,-0.247011,-0.380572,0.112773,0.117531,0.292747,-0.0778187,0.403252,-0.280998,-0.100864,0.190105,0.648352,-0.81794,0.732347,-0.276055,-0.212787,-0.631414,-0.402908,-0.168152,0.090388,-0.0269007,-0.0659665,-0.262644,-0.171247,-0.11743,-0.189981,-0.288908,-0.395136,0.133505,0.139122,0.385726,-0.059182,0.48236,-0.298276,-0.110089,0.0823144,0.371165,-0.793497,0.729006,-0.256246,0.762713,-0.723948,-0.410779,-0.183926,-0.178999,-0.0211502,-0.0677288,0.998658,0.0397799,0.0247032,-0.0221186,0.756308,0.0327721,-0.0389393,-0.652234
0.178698,-0.42395,-0.174453,-0.192605,-0.26789,-0.408155,0.147639,0,0.149895,-0.328285,0.501155,-0.288952,0,0.12302,0.273786,-0.784412,0.723532,-0.296141,0.0236021,-0.788692,-0.401243,0.0984054,0.153343,-0.00899474,-0.0739921,0.714842,0.181437,-0.358185,0.0806943,0.829159,-0.547241,0.444288,0,-0.537579,-1.67338,0.514074,0.248248,0,0.0272658,-7.84025,0.455726,-0.192424,-0.845484,2.67151,-1.62675,0.406752,-0.265727,1.36611,0.327913,-0.0788793,0,0,0,0.998309,0.0465268,-0.0452827,0.998337,-0.0364628,0.0340253,-0.584454,0.0229961,1.10574,0.163461,-0.421517,-0.184973,0.0700244,-0.245102,-0.397996,0.135535,0.143454,0.315636,-0.111544,0.251337,-0.120511,-0.134472,0.0643227,0.540277,-0.806377,0.73387,-0.216661,-0.17579,-0.422188,-0.141076,-0.169231,0.0912382,-0.0199498,-0.0681201,0.0555109,1.04729,-1.14715,0.639857,0.105947,-0.818252,0.987234,1.33326,0.568401,-1.64732,-0.0986412,0.442489,-1.81788,-0.244414,0.492357,0.508423,0.086778,-0.809062,-1.04533,-2.05187,0.429443,-0.266078,0.0366301,0.284043,-0.0847709,-0.181082,-0.284851,-0.744528,-0.765827,-1.70314,0.722132,1.70438,-0.284416,-0.679176,-0.0561382,0.818199,-0.543238,2.75864,-0.867054,-1.04937,0.0323017,-0.324419,-0.792239,-0.489927,-1.71429,0.805811,1.59732,-0.549329,-0.78983,-0.0601735,1.11218,-0.165145,3.19515,-0.700852,-1.1394,0.103461,-0.481517,-0.184973,0.0700244,-0.245102,-0.397996,0.135535,0.143454,0.315636,-0.111544,0.401337,-0.270511,-0.134472,0.184323,0.660277,-0.806377,0.73387,-0.276661,-0.23579,-0.672188,-0.391076,-0.169231,0.0912382,-0.0199498,-0.0681201,-0.150541,-0.202426,-0.148906,-0.153165,-0.340628,-0.403817,0.139791,0.144426,0.340876,-0.0568831,0.492637,-0.293734,-0.135835,0.0919309,0.5291,-0.786783,0.730793,-0.331619,1.22225,-0.757759,-0.402423,-0.173411,-0.209874,-0.0150556,-0.0695094,0.999095,0.0334428,0.0235403,-0.0117173,0.756308,0.0327721,-0.0389393,-0.652234
0.199645,-0.405405,-0.184073,-0.19796,-0.253478,-0.411261,0.15671,0,0.132149,-0.363101,0.508382,-0.284415,0,0.123654,0.121908,-0.781379,0.714618,-0.313305,0.0770055,-0.81687,-0.403137,0.0928468,0.21453,-0.00378667,-0.0748179,0.814593,0.405174,-0.395028,-0.0238354,0.796586,-0.429655,0.447075,0,-0.642486,-1.69362,0.468261,0.241827,0,0.0286048,-7.76634,0.364499,-0.26841,-0.849302,2.67111,-1.5614,0.256316,-0.269387,1.87409,0.30766,-0.0676031,0,0,0,0.997815,0.0484396,-0.0460395,0.997533,-0.0473947,0.0508035,-0.55311,0.0149096,0.830725,0.164926,-0.402424,-0.206856,0.080731,-0.242306,-0.411838,0.152825,0.173094,0.319204,-0.141856,0.249957,-0.113323,-0.168935,0.0589165,0.550821,-0.798253,0.734417,-0.225119,-0.196251,-0.46326,-0.135424,-0.173143,0.0918541,-0.0135646,-0.0712323,0.28373,0.919608,-0.938211,0.663388,0.224768,-0.511342,0.790843,1.58052,-0.0212291,-1.30131,-0.0454042,0.313162,-1.38553,-0.044238,0.534419,0.334992,-0.0184041,-0.299777,-1.00017,-1.98145,0.201083,-0.100462,0.0107667,0.266504,-0.146857,0.0323017,-0.324419,-0.792239,-0.489927,-1.71429,0.805811,1.59732,-0.549329,-0.78983,-0.0601735,1.11218,-0.165145,3.19515,-0.700852,-1.1394,0.0367944,-0.33681,-0.786861,-0.478106,-1.53457,0.932282,1.49405,-0.85725,-0.939373,-0.0660607,1.25456,0.317872,3.39046,-0.688138,-1.02707,0.104926,-0.462424,-0.206856,0.0807311,-0.242306,-0.411838,0.152825,0.173094,0.319204,-0.141856,0.399957,-0.263323,-0.168935,0.178916,0.670821,-0.798253,0.734417,-0.285119,-0.256251,-0.71326,-0.385424,-0.173143,0.0918541,-0.0135646,-0.0712323,-0.0438491,-0.222209,-0.158448,-0.0979855,-0.342858,-0.408155,0.147639,0.161162,0.319465,-0.109866,0.501155,-0.288952,-0.157966,0.0899132,0.67609,-0.784412,0.723532,-0.142573,1.21194,-0.788692,-0.401243,-0.14017,-0.227879,-0.00899474,-0.0739921,0.999342,0.0274566,0.0236191,-0.00186153,0.762562,0.0382374,-0.0368363,-0.644733
0.229583,-0.429652,-0.197227,-0.209747,-0.262829,-0.411903,0.16823,0,0.106518,-0.374754,0.513028,-0.280369,0,0.125028,0.103719,-0.777024,0.702396,-0.33084,0.0443562,-0.83954,-0.41118,0.0857105,0.249983,-0.000284094,-0.06833,1.01928,-0.0800847,-0.473828,-0.193493,0.417343,-0.310389,0.485757,0,-0.834209,-1.36033,0.397475,0.229981,0,0.040635,-5.70927,0.320482,-0.371212,-0.857529,1.38003,-1.43303,0.0587738,-0.295616,1.84364,0.267901,0.0499968,0,0,0,0.997065,0.0619168,-0.0590088,0.996251,-0.0487828,0.0604218,-0.474709,-0.0121347,0.565519,0.174433,-0.385607,-0.223563,0.0963993,-0.237499,-0.418413,0.167131,0.205561,0.316101,-0.164652,0.249742,-0.107931,-0.193944,0.060423,0.562853,-0.793076,0.731971,-0.232485,-0.216345,-0.501362,-0.133333,-0.178209,0.0920427,-0.00783578,-0.0734387,0.563986,0.751064,-0.776674,0.775777,0.214685,-0.206469,0.642695,1.56561,-0.189413,-1.01954,-0.00284054,0.225058,-1.05431,0.0760662,0.66693,0.202829,-0.187264,-0.418885,-1.01291,-1.79622,0.0353229,-0.342505,0.0270636,0.234959,-0.0781584,0.0367944,-0.33681,-0.786861,-0.478106,-1.53457,0.932282,1.49405,-0.85725,-0.939373,-0.0660607,1.25456,0.317872,3.39046,-0.688138,-1.02707,0.0831016,-0.290229,-0.88505,-0.580288,-1.32407,0.92521,1.45813,-0.843494,-1.05906,-0.0295649,1.32701,0.526908,3.78221,-0.577189,-0.862125,0.114433,-0.445607,-0.223563,0.0963993,-0.237499,-0.418413,0.167131,0.205561,0.316101,-0.164652,0.399742,-0.257931,-0.193944,0.180423,0.682853,-0.793076,0.731971,-0.292485,-0.276345,-0.751362,-0.383333,-0.178209,0.0920427,-0.00783578,-0.0734387,-0.0416028,-0.228405,-0.157372,-0.0956212,-0.306914,-0.411261,0.15671,0.186456,0.29881,-0.17145,0.508382,-0.284415,-0.187875,0.0869697,0.747279,-0.781379,0.714618,0.0989362,1.19374,-0.81687,-0.403137,-0.137628,-0.205415,-0.00378667,-0.0748179,0.999475,0.0220491,0.0233132,0.00443981,0.762562,0.0382374,-0.0368363,-0.644733
0.257939,-0.440791,-0.204891,-0.21926,-0.268273,-0.405839,0.17501,0,0.0850323,-0.378843,0.516755,-0.27649,0,0.126331,0.0976136,-0.778178,0.695986,-0.345797,-0.00902451,-0.858261,-0.415275,0.078808,0.2618,0.00392824,-0.0644239,1.13883,-0.223134,-0.446635,-0.278144,0.210482,-0.126318,0.441724,0,-0.90623,-1.01356,0.33413,0.21917,0,0.0479933,-4.08808,0.20703,-0.356008,-0.824632,0.165314,-1.28394,-0.0202787,-0.310469,1.46781,0.250716,0.0935885,0,0,0,0.998591,0.0381572,-0.0345188,0.994906,-0.0403039,0.0933044,-0.335194,-0.00409988,0.391933,0.187281,-0.372664,-0.237915,0.109647,-0.234473,-0.41914,0.178424,0.231232,0.313839,-0.181674,0.249811,-0.104669,-0.214256,0.0605089,0.577951,-0.789716,0.725934,-0.241336,-0.237002,-0.534823,-0.134658,-0.185462,0.0936694,-0.00331882,-0.0711754,0.694444,0.557796,-0.666273,0.556935,0.0957787,0.0905127,0.496441,0.973848,-0.0371052,-0.706441,0.00325345,0.115002,-0.905145,-0.0558297,0.828261,0.137912,-0.362647,-0.457264,-1.05238,-1.54067,-0.13244,-0.360079,0.122669,0.177677,0.150746,0.0831016,-0.290229,-0.88505,-0.580288,-1.32407,0.92521,1.45813,-0.843494,-1.05906,-0.0295649,1.32701,0.526908,3.78221,-0.577189,-0.862125,0.0728384,-0.219045,-1.01297,-0.398406,-1.1277,0.908508,1.36689,-0.849519,-1.11903,-0.101349,1.49881,0.853703,3.98579,-0.445665,-0.698596,0.127281,-0.432664,-0.237915,0.109647,-0.234473,-0.41914,0.178424,0.231232,0.313839,-0.181674,0.399811,-0.254669,-0.214256,0.180509,0.697951,-0.789716,0.725934,-0.301336,-0.297002,-0.784823,-0.384658,-0.185462,0.0936694,-0.00331882,-0.0711754,-0.0184492,-0.205115,-0.17701,-0.116058,-0.264814,-0.411903,0.16823,0.185042,0.291626,-0.168699,0.513028,-0.280369,-0.211811,0.105218,0.783507,-0.777024,0.702396,0.203454,1.17301,-0.83954,-0.41118,-0.115438,-0.172425,-0.000284094,-0.06833,0.999532,0.0178858,0.0231316,0.0089806,0.772948,0.0445476,-0.0478022,-0.631096
0.285504,-0.445374,-0.209809,-0.227637,-0.271763,-0.396423,0.179419,0,0.0656196,-0.379149,0.520021,-0.272695,0,0.127599,0.0975498,-0.782086,0.692481,-0.359466,-0.0727708,-0.875007,-0.417395,0.0720223,0.2618,0.00849545,-0.0618088,1.21067,-0.224952,-0.386424,-0.320346,0.0949853,0.0528244,0.375345,0,-0.925552,-0.714087,0.28289,0.210342,0,0.0526129,-2.86261,0.086294,-0.301783,-0.782276,-0.840475,-1.14994,-0.0460012,-0.319113,1.02747,0.244009,0.104739,0,0,0,0.999076,0.0278335,-0.0237204,0.992506,-0.0358462,0.118985,-0.194271,-0.00559339,0.364413,0.202813,-0.363476,-0.25192,0.11831,-0.234646,-0.413718,0.186596,0.240855,0.313657,-0.193499,0.250445,-0.103057,-0.228641,0.0566987,0.597536,-0.787915,0.71786,-0.249794,-0.258073,-0.562958,-0.13822,-0.19225,0.0970834,0.000856798,-0.0673307,0.839128,0.37848,-0.731931,0.335255,-0.0969374,0.404183,0.338013,0.0547721,0.00487839,-0.50433,0.049386,0.0592405,-0.505524,-0.299461,1.1071,0.0472236,-0.411456,-0.393536,-1.04777,-1.27068,-0.200094,-0.32114,0.20283,0.177181,0.164322,0.0728384,-0.219045,-1.01297,-0.398406,-1.1277,0.908508,1.36689,-0.849519,-1.11903,-0.101349,1.49881,0.853703,3.98579,-0.445665,-0.698596,0.151002,-0.309385,-1.141,-0.18582,-0.934013,0.889837,1.20647,-0.821259,-1.13837,0.00198171,1.54664,1.39516,3.97585,-0.368024,-0.549507,0.142813,-0.423476,-0.25192,0.11831,-0.234646,-0.413718,0.186596,0.240855,0.313657,-0.193499,0.400445,-0.253057,-0.228641,0.176699,0.717536,-0.787915,0.71786,-0.309794,-0.318073,-0.812958,-0.38822,-0.19225,0.0970834,0.000856797,-0.0673307,-0.0235808,-0.169523,-0.202594,-0.0796811,-0.22554,-0.405839,0.17501,0.181702,0.273379,-0.169904,0.516755,-0.27649,-0.223805,0.0693253,0.869407,-0.778178,0.695986,0.366851,1.15038,-0.858261,-0.415275,-0.0891331,-0.139719,0.00392824,-0.0644239,0.999542,0.0151832,0.0229913,0.0125209,0.778204,0.0510091,-0.0558145,-0.623443
0.297747,-0.437331,-0.202011,-0.206552,-0.254696,-0.37587,0.166545,0,0.0653639,-0.383371,0.517984,-0.269877,0,0.128364,0.106668,-0.772803,0.698914,-0.364367,-0.0145717,-0.885743,-0.408345,0.058274,0.2618,0.0156972,-0.0567774,1.0311,-0.0368173,-0.153524,0.0920258,0.3225,0.345269,0.0696239,0,-0.651721,-0.563182,0.167467,0.189502,0,0.0482923,-1.86706,0.199649,-0.114754,-0.621115,0.284654,-0.965993,0.103548,-0.429603,0.719227,0.278833,0.148788,0,0,0,0.998871,0.0352634,-0.0311239,0.992011,-0.0358997,0.121126,-0.0732518,0.0357913,0.374536,0.219553,-0.359116,-0.267627,0.123231,-0.23842,-0.402652,0.191117,0.230885,0.313382,-0.200673,0.252513,-0.101841,-0.232657,0.0496301,0.623572,-0.788198,0.709904,-0.257217,-0.277841,-0.585968,-0.142313,-0.198278,0.10176,0.00522726,-0.064069,0.821252,0.0842573,-0.819874,0.182404,-0.258964,0.652865,0.139629,-0.914596,-0.0315738,-0.24455,0.138935,0.0686396,0.0305534,-0.37796,1.45824,-0.0637861,-0.373337,-0.364688,-0.931297,-1.02932,-0.202006,-0.287596,0.253703,0.187799,0.128502,0.151002,-0.309385,-1.141,-0.18582,-0.934013,0.889837,1.20647,-0.821259,-1.13837,0.00198171,1.54664,1.39516,3.97585,-0.368024,-0.549507,0.349038,-0.488676,-1.15787,0.119852,-0.698481,0.828931,1.05702,-0.784402,-1.04056,0.100071,1.57801,2.06016,3.74336,-0.245242,-0.588973,0.159553,-0.419116,-0.267627,0.123231,-0.23842,-0.402652,0.191117,0.230885,0.313382,-0.200673,0.402513,-0.251841,-0.232657,0.16963,0.743572,-0.788198,0.709904,-0.317217,-0.337841,-0.835968,-0.392313,-0.198278,0.10176,0.00522726,-0.064069,0.0155012,-0.214692,-0.228201,-0.037164,-0.186803,-0.396423,0.179419,0.177967,0.241294,-0.164252,0.520021,-0.272695,-0.227674,0.120991,0.89332,-0.782086,0.692481,0.63758,1.12954,-0.875007,-0.417395,-0.0736049,-0.109901,0.00849545,-0.0618088,0.99951,0.0137953,0.0229981,0.0161617,0.778204,0.0510091,-0.0558145,-0.623443
0.306218,-0.440803,-0.193211,-0.182218,-0.235218,-0.35395,0.152923,0,0.0678835,-0.381282,0.513149,-0.26689,0,0.135761,0.134678,-0.764891,0.704793,-0.366568,0.0265414,-0.891505,-0.399057,0.0438964,0.231509,0.0236546,-0.05709,0.848846,-0.0778436,0.0245277,0.429424,0.517923,0.570487,-0.155595,0,-0.418412,-0.362905,0.0447033,0.177459,0,0.144772,-0.88679,0.258439,0.00786652,-0.467789,0.815955,-0.762631,0.211803,-0.516387,0.0491011,0.314543,0.0994637,0,0,0,0.997631,0.0485503,-0.0435654,0.994173,-0.0532347,0.0962483,-0.00148823,0.0734474,0.150717,0.236724,-0.362416,-0.282184,0.125114,-0.243674,-0.386747,0.19099,0.203837,0.315196,-0.199445,0.25602,-0.0998573,-0.218575,0.0406223,0.657606,-0.788566,0.704708,-0.263815,-0.29357,-0.604037,-0.144493,-0.203807,0.106623,0.0109443,-0.0601397,0.889605,-0.358792,-0.643867,0.033574,-0.259092,0.886521,-0.111078,-1.62505,0.189142,0.292544,0.194965,0.129532,1.13621,-0.503732,1.89325,0.00802567,-0.174301,-0.313577,-0.660448,-0.780059,-0.0403847,-0.271002,0.236143,0.262146,0.180271,0.349038,-0.488676,-1.15787,0.119852,-0.698481,0.828931,1.05702,-0.784402,-1.04056,0.100071,1.57801,2.06016,3.74336,-0.245242,-0.588973,0.449086,-0.747484,-1.17436,0.455484,-0.450688,0.777855,0.90879,-0.759409,-0.905679,0.267617,1.47907,2.71491,3.2565,-0.345219,-0.470648,0.176724,-0.422416,-0.282184,0.125114,-0.243674,-0.386747,0.19099,0.203837,0.315196,-0.199445,0.40602,-0.249857,-0.218575,0.160622,0.777606,-0.788566,0.704708,-0.323815,-0.35357,-0.854037,-0.394493,-0.203807,0.106623,0.0109443,-0.0601397,0.114519,-0.304338,-0.231574,0.0239705,-0.139696,-0.37587,0.166545,0.165786,0.211405,-0.15688,0.517984,-0.269877,-0.208111,0.170036,0.909005,-0.772803,0.698914,0.97008,1.11559,-0.885743,-0.408345,-0.0490483,-0.117795,0.0156972,-0.0567774,0.999457,0.0134117,0.0234765,0.0188107,0.776388,0.0469518,-0.0409799,-0.627167
0.307148,-0.467303,-0.182409,-0.151386,-0.210918,-0.329296,0.137805,0,0.0759533,-0.366575,0.502719,-0.263564,0,0.156426,0.200472,-0.75972,0.709567,-0.363367,0.0334827,-0.887321,-0.389293,0.02826,0.140638,0.0331232,-0.0680903,0.608136,-0.452003,0.179204,0.763078,0.727047,0.769152,-0.335673,0,-0.171841,-0.0334257,-0.125165,0.174116,0,0.411315,0.366155,0.258477,0.0771081,-0.279438,0.675287,-0.471084,0.294721,-0.596017,-1.3287,0.362209,-0.0953813,0,0,0,0.997779,0.0482293,-0.0435183,0.994183,-0.0504334,0.0963054,0.00876473,0.207927,-0.131421,0.252178,-0.376168,-0.29219,0.125381,-0.247354,-0.367532,0.185312,0.166055,0.320417,-0.186627,0.26064,-0.0957424,-0.184462,0.0324252,0.699514,-0.786749,0.703485,-0.27077,-0.302389,-0.617197,-0.143081,-0.209445,0.110996,0.0179802,-0.0580768,0.655345,-0.93436,-0.39089,0.016941,-0.1188,0.992525,-0.403648,-1.99453,0.28886,0.877749,0.252187,0.272157,1.89725,-0.30521,2.23567,0.134137,0.00886173,-0.390443,-0.26008,-0.541832,0.136241,-0.282709,0.202217,0.312237,0.0571474,0.449086,-0.747484,-1.17436,0.455484,-0.450688,0.777855,0.90879,-0.759409,-0.905679,0.267617,1.47907,2.71491,3.2565,-0.345219,-0.470648,0.509392,-1.03472,-1.22269,0.882892,0.0233951,0.64701,0.954066,-0.993843,-0.778765,0.276323,1.74449,3.78326,2.42686,-0.299401,-0.195435,0.192178,-0.436168,-0.29219,0.125381,-0.247354,-0.367532,0.185312,0.166055,0.320417,-0.186627,0.41064,-0.245742,-0.184462,0.152425,0.819514,-0.786749,0.703485,-0.33077,-0.362389,-0.867197,-0.393081,-0.209445,0.110996,0.0179802,-0.0580768,0.164543,-0.433742,-0.234872,0.0910968,-0.0901376,-0.35395,0.152923,0.155571,0.181758,-0.151882,0.513149,-0.26689,-0.181136,0.253809,0.859534,-0.764891,0.704793,1.16051,1.11341,-0.891505,-0.399057,-0.0690438,-0.0941295,0.0236546,-0.05709,0.999422,0.0135018,0.0248762,0.0188059,0.776388,0.0469518,-0.0409799,-0.627167
0.28668,-0.484977,-0.177384,-0.114413,-0.191802,-0.301856,0.126592,0,0.0759028,-0.363845,0.489951,-0.259578,0,0.23402,0.270083,-0.761792,0.709668,-0.374055,0.0312269,-0.874312,-0.383542,0.00804936,0.0697442,0.0312711,-0.073587,0.118684,-0.581501,0.200816,1.08875,0.795665,0.950008,-0.403166,0,-0.121045,0.0175594,-0.279125,0.181662,0,1.45182,1.30047,0.149844,0.0554894,-0.355927,0.438865,-0.134622,0.292565,-0.720371,-1.9935,0.225765,-0.149217,0,0,0,0.99664,0.0528814,-0.0487821,0.996669,-0.0657887,0.0620786,-0.0442356,0.438992,-0.442731,0.261211,-0.405605,-0.296334,0.126282,-0.247491,-0.347808,0.173845,0.122815,0.328195,-0.161973,0.266519,-0.0883653,-0.146378,0.029063,0.751942,-0.782619,0.705225,-0.280935,-0.299874,-0.625405,-0.13899,-0.21585,0.114198,0.0263606,-0.0627802,0.288382,-1.88497,-0.0832133,0.0875754,0.0856578,0.964989,-0.684111,-2.18789,0.447272,1.4728,0.32122,0.447026,1.64538,-0.0555842,2.92834,0.239829,0.12629,-0.609803,0.465966,-0.290241,0.234165,-0.353959,0.120976,0.371891,-0.283969,0.509392,-1.03472,-1.22269,0.882892,0.0233951,0.64701,0.954066,-0.993843,-0.778765,0.276323,1.74449,3.78326,2.42686,-0.299401,-0.195435,0.517247,-1.12537,-1.03107,1.0571,0.162763,0.569464,1.21054,-1.1743,-0.490952,0.427066,1.42264,4.98124,1.06897,-0.135244,0.0844432,0.201211,-0.465605,-0.296334,0.126282,-0.247491,-0.347808,0.173845,0.122815,0.328195,-0.161973,0.416519,-0.238365,-0.146378,0.149063,0.871942,-0.782619,0.705225,-0.340935,-0.359874,-0.875405,-0.38899,-0.21585,0.114198,0.0263606,-0.0627802,0.194696,-0.577359,-0.244538,0.176578,0.00467901,-0.329296,0.137805,0.129402,0.190813,-0.198769,0.502719,-0.263564,-0.155753,0.258161,0.992246,-0.75972,0.709567,1.14971,1.12461,-0.887321,-0.389293,-0.0598801,-0.039087,0.0331232,-0.0680903,0.999383,0.0134407,0.0283016,0.0158509,0.773374,0.0403174,-0.0215402,-0.6323
0.255514,-0.498236,-0.175248,-0.0743699,-0.175279,-0.273023,0.117332,0,0.0717922,-0.367103,0.476016,-0.255264,0,0.340077,0.341602,-0.767487,0.707432,-0.391688,0.0243727,-0.85689,-0.379798,-0.0144484,0.00883965,0.0237587,-0.0763318,-0.384412,-0.605942,0.172612,1.36278,0.804813,1.0975,-0.42113,0,-0.146391,-0.0365761,-0.404424,0.191887,0,2.60714,1.98312,0.0194735,0.00531315,-0.513638,0.204392,0.167089,0.260957,-0.841726,-2.30902,0.0453498,-0.145623,0,0,0,0.997555,0.0278732,-0.025967,0.999201,-0.064881,0.0286489,-0.146866,0.571001,-0.596923,0.262831,-0.44513,-0.294997,0.130126,-0.242613,-0.328837,0.159731,0.0826421,0.339425,-0.132111,0.272663,-0.0774832,-0.103885,0.0338333,0.809053,-0.777935,0.707807,-0.296536,-0.288414,-0.62702,-0.134026,-0.222777,0.116764,0.0299935,-0.0690817,-0.0737625,-1.94793,0.178027,0.3027,0.377849,0.930655,-0.688593,-1.74201,0.614011,1.42829,0.289338,0.618212,2.32935,0.489041,2.70928,0.209216,0.122814,-0.913141,0.592728,0.0830921,0.241496,-0.364608,0.121178,0.0827881,-0.261283,0.517247,-1.12537,-1.03107,1.0571,0.162763,0.569464,1.21054,-1.1743,-0.490952,0.427066,1.42264,4.98124,1.06897,-0.135244,0.0844432,0.609287,-1.0969,-0.71478,1.25085,-0.113916,0.492907,1.30565,-1.26848,-0.18137,0.597713,0.855571,5.91855,-0.924379,-0.0660171,0.532622,0.202831,-0.50513,-0.294997,0.130126,-0.242613,-0.328837,0.159731,0.0826421,0.339425,-0.132111,0.422663,-0.227483,-0.103885,0.153833,0.929053,-0.777935,0.707807,-0.356536,-0.348414,-0.87702,-0.384026,-0.222777,0.116764,0.0299935,-0.0690817,0.198624,-0.622687,-0.206214,0.21142,0.0325526,-0.301856,0.126592,0.113893,0.242108,-0.234859,0.489951,-0.259578,-0.0981904,0.333533,0.831318,-0.761792,0.709668,1.12857,0.474487,-0.874312,-0.383542,-0.0270489,0.0168886,0.0312711,-0.073587,0.999295,0.0126303,0.0337157,0.0106626,0.777836,0.0288577,-0.00596301,-0.627776
0.220032,-0.485863,-0.174112,-0.0294317,-0.151851,-0.244565,0.105958,0,0.0556252,-0.380825,0.458937,-0.251922,0,0.469173,0.387845,-0.782393,0.706543,-0.383037,-0.00837538,-0.823749,-0.372261,-0.0374698,-0.0284939,0.00956151,-0.0696325,-0.801321,-0.238565,0.137871,1.62802,0.914785,1.19511,-0.465387,0,-0.344979,-0.231444,-0.53927,0.184448,0,3.76143,2.08183,-0.209969,-0.00962568,-0.229792,-0.348146,0.614085,0.295737,-0.934529,-2.17631,-0.181213,-0.00144748,0,0,0,0.998442,0.0165155,-0.0146434,0.999269,-0.053851,0.0344848,-0.296548,0.511331,-0.581957,0.259176,-0.472028,-0.28885,0.140387,-0.230848,-0.310617,0.149247,0.058485,0.351435,-0.112328,0.276978,-0.0635261,-0.0426348,0.0513486,0.841951,-0.775363,0.709606,-0.318409,-0.299698,-0.620625,-0.129566,-0.231623,0.117878,0.0271817,-0.0735979,-0.249617,-0.80952,0.447501,0.676245,0.770419,0.895362,-0.373258,-0.730852,0.62033,0.552951,0.15548,0.747479,3.30316,1.18861,0.426096,0.0632517,0.0671076,-1.23505,-1.0641,0.477571,0.195203,-0.520751,-0.0745897,-0.184645,-0.169836,0.609287,-1.0969,-0.71478,1.25085,-0.113916,0.492907,1.30565,-1.26848,-0.18137,0.597713,0.855571,5.91855,-0.924379,-0.0660171,0.532622,0.542219,-0.782506,-0.468623,0.980924,-0.285167,0.420551,1.55699,-1.31379,0.101514,0.780419,0.500788,6.44159,-0.911791,-0.468682,0.235267,0.199176,-0.532028,-0.28885,0.140387,-0.230848,-0.310617,0.149247,0.058485,0.351435,-0.112328,0.426978,-0.213526,-0.0426348,0.171349,0.961951,-0.775363,0.709606,-0.378409,-0.359698,-0.870625,-0.379566,-0.231623,0.117878,0.0271817,-0.0735979,0.244644,-0.60845,-0.142956,0.250171,-0.0227832,-0.273023,0.117332,0.0985814,0.26113,-0.253696,0.476016,-0.255264,-0.036274,0.418856,0.547786,-0.767487,0.707432,1.09781,-0.522189,-0.85689,-0.379798,-0.0132034,0.106524,0.0237587,-0.0763318,0.999154,0.0104859,0.0394574,0.00503017,0.777836,0.0288577,-0.00596301,-0.627776
0.182482,-0.467569,-0.170794,0.0134985,-0.126471,-0.217529,0.092867,0,0.0387256,-0.395219,0.441029,-0.249523,0,0.600143,0.423273,-0.80016,0.707197,-0.357936,-0.0389724,-0.786624,-0.363852,-0.0648025,-0.0607363,-0.00538925,-0.0625642,-1.12417,0.107416,0.146285,1.78356,1.02105,1.24213,-0.522143,0,-0.494979,-0.377922,-0.646117,0.165093,0,4.59755,1.98871,-0.413479,0.00308427,0.215665,-0.702658,0.986726,0.333148,-1.06416,-2.00706,-0.35111,0.105012,0,0,0,0.998986,-0.0116643,0.0115889,0.999931,-0.043495,-0.00148029,-0.495126,0.274324,-0.350894,0.25317,-0.467083,-0.278458,0.159909,-0.214461,-0.293476,0.146404,0.0583306,0.360618,-0.115354,0.277241,-0.0476318,0.0280909,0.0850211,0.826619,-0.777069,0.710842,-0.346283,-0.347524,-0.605085,-0.124917,-0.243665,0.107291,0.0178994,-0.0724269,-0.33207,1.09163,0.61079,1.21223,0.890166,0.823422,0.040695,0.531531,0.331585,-0.657701,-0.0871012,0.817534,3.28998,2.07282,-1.84592,-0.1893,0.0638263,-1.52153,-2.83894,0.951987,0.244624,-0.656845,-0.726562,-0.462271,0.122144,0.542219,-0.782506,-0.468623,0.980924,-0.285167,0.420551,1.55699,-1.31379,0.101514,0.780419,0.500788,6.44159,-0.911791,-0.468682,0.235267,0.105814,-0.0491519,-0.0655233,0.603035,-1.01123,0.561936,1.82786,-1.00169,0.372933,0.838544,0.545351,5.44981,0.86357,-0.985622,-0.977077,0.19317,-0.527083,-0.278458,0.159909,-0.214461,-0.293476,0.146404,0.0583306,0.360618,-0.115354,0.427241,-0.197632,0.0280909,0.205021,0.946619,-0.777069,0.710842,-0.406283,-0.407524,-0.855085,-0.374917,-0.243665,0.107291,0.0178994,-0.0724269,0.211109,-0.451253,-0.0937247,0.196185,-0.0570335,-0.244565,0.105958,0.0841102,0.311398,-0.262758,0.458937,-0.251922,0.0203029,0.51021,0.370394,-0.782393,0.706543,1.05984,-0.515895,-0.823749,-0.372261,-0.0937364,0.0470534,0.00956151,-0.0696325,0.999026,0.00657768,0.0436392,0.000535877,0.783707,0.0103401,0.00727519,-0.621002
0.140797,-0.437433,-0.163111,0.0524127,-0.0971869,-0.193333,0.0763388,0,0.0203607,-0.410956,0.421459,-0.249011,0,0.734862,0.437073,-0.823647,0.710941,-0.299933,-0.0652676,-0.741534,-0.353701,-0.100758,-0.0827966,-0.0218472,-0.0547577,-1.4122,0.527237,0.217639,1.83221,1.154,1.23242,-0.613424,0,-0.621959,-0.500596,-0.745823,0.123253,0,5.23907,1.59909,-0.641738,0.0583137,1.02102,-0.886288,1.36707,0.385462,-1.28424,-1.73584,-0.492646,0.190605,0,0,0,0.999065,-0.0109396,0.011381,0.999882,-0.0417149,0.0107945,-0.703707,-0.0878397,0.253351,0.244032,-0.419636,-0.268144,0.192179,-0.194607,-0.278518,0.152313,0.088845,0.359748,-0.138928,0.271544,-0.0302865,0.0887078,0.139357,0.780754,-0.784336,0.712489,-0.37714,-0.421207,-0.579418,-0.118079,-0.25931,0.113535,0.00485907,-0.0674324,-0.551372,3.29941,0.524921,1.88132,1.06161,0.699109,0.484696,2.22956,-0.292176,-1.82536,-0.439,0.875684,2.52665,3.21287,-2.78676,-0.464755,0.0981109,-1.5109,-4.32012,1.46154,0.387869,-0.853695,-0.250385,-0.58396,0.241066,0.105814,-0.0491519,-0.0655233,0.603035,-1.01123,0.561936,1.82786,-1.00169,0.372933,0.838544,0.545351,5.44981,0.86357,-0.985622,-0.977077,-0.331613,0.612903,0.218952,-0.103441,-1.90037,1.1578,2.1426,-0.0808736,0.600266,1.44793,0.548851,5.31243,2.70101,-1.08338,-2.30394,0.184032,-0.479636,-0.268144,0.192179,-0.194607,-0.278518,0.152313,0.088845,0.359748,-0.138928,0.421544,-0.180286,0.0887078,0.259357,0.900754,-0.784336,0.712489,-0.43714,-0.481207,-0.829418,-0.368079,-0.25931,0.113535,0.00485907,-0.0674324,-0.00709285,-0.0845759,-0.0131047,0.120607,-0.202246,-0.217529,0.092867,0.112387,0.365572,-0.200339,0.441029,-0.249523,0.0745865,0.539272,0.392676,-0.80016,0.707197,1.01764,0.371785,-0.786624,-0.363852,-0.197124,-0.195415,-0.00538925,-0.0625642,0.998996,0.000471755,0.044784,0.000517504,0.783707,0.0103401,0.00727519,-0.621002
0.0828403,-0.402071,-0.154646,0.0821967,-0.0700406,-0.175188,0.0575019,0,-0.00398288,-0.427242,0.40324,-0.250045,0,0.88098,0.434831,-0.856333,0.717429,-0.231968,-0.089208,-0.692245,-0.348285,-0.111747,-0.0971661,-0.036984,-0.0563153,-1.85789,0.899494,0.279319,1.72931,1.21499,1.13487,-0.71195,0,-0.800525,-0.594704,-0.795367,0.0707623,0,5.85912,1.08574,-0.939514,0.138143,1.73418,-0.979508,1.69627,0.351067,-1.06381,-1.43063,-0.571905,0.11006,0,0,0,0.999137,-0.01104,0.0104041,0.999817,-0.0402022,-0.0156276,-1.0091,-0.585921,0.603733,0.224037,-0.355593,-0.256178,0.239354,-0.172698,-0.266874,0.16185,0.174854,0.352009,-0.178689,0.256327,-0.0119488,0.131057,0.229861,0.739295,-0.797031,0.716201,-0.397364,-0.481461,-0.540965,-0.105489,-0.281128,0.10499,-0.0102972,-0.0607794,-1.3587,2.69147,0.700459,2.78515,1.10585,0.53322,0.419846,6.05779,-0.39283,-1.93889,-1.01501,0.95223,1.60323,5.59993,-0.900951,-0.730204,0.249066,-0.314947,-1.1722,2.20888,0.804489,-1.3397,-0.211103,-0.664162,0.298126,-0.331613,0.612903,0.218952,-0.103441,-1.90037,1.1578,2.1426,-0.0808736,0.600266,1.44793,0.548851,5.31243,2.70101,-1.08338,-2.30394,-0.754002,0.933382,0.157542,-0.425095,-2.88348,1.56807,1.62124,0.893981,0.593314,1.84936,0.252434,4.62972,3.38936,-0.939099,-3.26274,0.164037,-0.415593,-0.256178,0.239354,-0.172698,-0.266874,0.16185,0.174854,0.352009,-0.178689,0.406327,-0.161949,0.131057,0.349861,0.859295,-0.797031,0.716201,-0.457364,-0.541461,-0.790965,-0.355489,-0.281128,0.10499,-0.0102972,-0.0607794,-0.225806,0.246452,0.0437903,-0.0206881,-0.380075,-0.193333,0.0763388,0.231561,0.428519,-0.0161747,0.421459,-0.249011,0.120053,0.843966,0.394425,-0.823647,0.710941,0.987315,0.802787,-0.741534,-0.353701,-0.216677,-0.460787,-0.0218472,-0.0547577,0.999077,-0.00792468,0.0418628,0.0054221,0.786604,-0.0088856,0.017316,-0.617151
0.0167485,-0.364096,-0.14579,0.107416,-0.0439632,-0.160069,0.0375107,0,-0.0313159,-0.443802,0.385696,-0.251853,0,1.0328,0.424569,-0.89362,0.72529,-0.159023,-0.111971,-0.640858,-0.345236,-0.110253,-0.10769,-0.0514603,-0.0625549,-2.2919,1.19927,0.328362,1.5888,1.24166,1.0212,-0.798233,0,-0.970362,-0.664698,-0.819923,0.0224183,0,6.37864,0.606087,-1.21695,0.214608,2.30811,-1.0271,1.95821,0.291482,-0.722259,-1.1593,-0.617478,-0.0165529,0,0,0,0.998691,-0.0049405,0.00363308,0.999662,-0.0510287,-0.0255186,-1.11203,-0.922674,1.3364,0.177818,-0.298227,-0.246381,0.302737,-0.152362,-0.256553,0.169308,0.324178,0.32493,-0.226225,0.232591,0.00558514,0.141935,0.372603,0.722564,-0.815005,0.721936,-0.371503,-0.488679,-0.494312,-0.0901318,-0.296801,0.103261,-0.0256234,-0.0578422,-3.05672,3.12204,0.393207,3.37919,0.981002,0.554812,0.356423,8.13967,-2.13076,-2.68788,-1.27878,0.769808,-0.315948,8.30624,-1.02995,-0.984798,0.290117,2.19633,-0.00597002,2.28832,0.671372,-0.0669311,-0.0239368,-0.64813,0.0698541,-0.754002,0.933382,0.157542,-0.425095,-2.88348,1.56807,1.62124,0.893981,0.593314,1.84936,0.252434,4.62972,3.38936,-0.939099,-3.26274,-0.892847,0.83963,-0.0105657,-0.173822,-3.51141,1.7956,1.15521,1.35527,0.64415,1.46385,0.0912896,2.86593,4.0136,-1.1341,-3.21416,0.117818,-0.358227,-0.246381,0.302737,-0.152362,-0.256553,0.169308,0.324178,0.32493,-0.226225,0.382591,-0.144415,0.141935,0.492603,0.842564,-0.815005,0.721936,-0.431503,-0.548679,-0.744312,-0.340132,-0.296801,0.103261,-0.0256234,-0.0578422,-0.437001,0.406691,0.0315083,-0.085019,-0.576695,-0.175188,0.0575019,0.313613,0.324247,0.178796,0.40324,-0.250045,0.118663,1.04468,0.246217,-0.856333,0.717429,1.02689,0.899929,-0.692245,-0.348285,-0.18782,-0.652548,-0.036984,-0.0563153,0.999095,-0.0189285,0.0346437,0.0158347,0.790786,-0.0223306,0.0248537,-0.61118
-0.0557161,-0.315673,-0.137524,0.121282,-0.0192308,-0.151505,0.0166946,0,-0.0637264,-0.461306,0.373933,-0.256561,0,1.16142,0.395301,-0.943471,0.728663,-0.0677061,-0.129878,-0.595555,-0.354216,-0.105293,-0.108082,-0.0577862,-0.0654818,-2.6913,1.56583,0.353843,1.32016,1.24015,0.843295,-0.871004,0,-1.16541,-0.727843,-0.750388,-0.0549396,0,6.39447,-0.0147623,-1.59963,0.200825,2.98543,-0.987577,2.05028,0.0693337,-0.431172,-0.817397,-0.527122,-0.0554895,0,0,0,0.997156,0.0266097,-0.0270751,0.999617,-0.0703296,-0.00754593,-0.964028,-0.973279,1.50138,0.104301,-0.231024,-0.238125,0.369782,-0.132582,-0.242654,0.174848,0.480352,0.267569,-0.282484,0.206002,0.0169172,0.128699,0.545413,0.693057,-0.837711,0.728191,-0.289791,-0.485409,-0.449628,-0.0796078,-0.32037,0.104027,-0.0404249,-0.0600944,-4.10241,3.43755,0.569128,2.98234,1.00565,0.818973,0.190644,7.05176,-3.59289,-2.72089,-1.36262,0.348717,-0.732635,8.42862,-1.78915,-1.20761,0.311143,9.07405,0.246715,2.11087,0.387755,-1.42293,0.0916917,-0.625052,-0.148183,-0.892847,0.83963,-0.0105657,-0.173822,-3.51141,1.7956,1.15521,1.35527,0.64415,1.46385,0.0912896,2.86593,4.0136,-1.1341,-3.21416,-1.18161,0.808782,-0.479619,-0.0309245,-4.32935,1.98855,0.992347,1.29403,0.673863,1.96797,0.0860952,1.2304,3.84308,-0.999359,-3.7229,0.0443006,-0.291024,-0.238125,0.369782,-0.132582,-0.242654,0.174848,0.480352,0.267569,-0.282484,0.356002,-0.133083,0.128699,0.665413,0.813057,-0.837711,0.728191,-0.349791,-0.545409,-0.699628,-0.329608,-0.32037,0.104027,-0.0404249,-0.0600944,-0.506423,0.359815,-0.00211315,-0.0347643,-0.702281,-0.160069,0.0375107,0.359121,0.231042,0.271055,0.385696,-0.251853,0.12883,0.851923,0.165645,-0.89362,0.72529,1.17831,0.951023,-0.640858,-0.345236,-0.226819,-0.642831,-0.0514603,-0.0625549,0.998744,-0.029495,0.0257689,0.0312467,0.790786,-0.0223306,0.0248537,-0.61118
-0.122399,-0.267787,-0.125985,0.139928,0.00651968,-0.142121,-0.00573536,0,-0.0837774,-0.474183,0.363752,-0.263301,0,1.27306,0.362824,-0.9878,0.731674,-0.00872474,-0.144032,-0.55491,-0.364968,-0.102577,-0.107463,-0.0589311,-0.0715102,-2.88415,1.81438,0.42078,1.20379,1.25436,0.731067,-0.946152,0,-1.11655,-0.702644,-0.677989,-0.139559,0,6.15069,-0.497484,-1.78469,0.185735,2.97452,-0.903617,2.04487,-0.112748,-0.261093,-0.562883,-0.38616,-0.129269,0,0,0,0.99628,0.0348944,-0.0359643,0.999279,-0.078315,-0.014988,-0.663679,-0.656542,1.54129,0.00331427,-0.165079,-0.228693,0.422764,-0.113863,-0.223552,0.173689,0.562372,0.180427,-0.336778,0.180634,0.0184236,0.122034,0.720254,0.65243,-0.866304,0.734118,-0.127969,-0.479958,-0.409997,-0.0759115,-0.334212,0.107273,-0.0509219,-0.0633234,-5.73651,3.05061,0.527853,1.98701,0.859367,1.06731,-0.280197,0.9588,-5.01624,-2.50552,-1.21444,-0.196765,0.0282172,8.77937,-2.12366,-1.54118,0.266776,9.42534,0.280955,1.84238,0.0209378,0.615374,0.24435,-0.391805,-0.131756,-1.18161,0.808782,-0.479619,-0.0309245,-4.32935,1.98855,0.992347,1.29403,0.673863,1.96797,0.0860952,1.2304,3.84308,-0.999359,-3.7229,-1.14987,0.444149,-0.448472,0.343775,-4.55658,2.04064,0.79569,0.177499,0.783249,1.9476,0.108439,-0.230221,3.28474,-1.03294,-3.75888,-0.0566857,-0.225079,-0.228693,0.422764,-0.113863,-0.223552,0.173689,0.562372,0.180427,-0.336778,0.330634,-0.131576,0.122034,0.840254,0.77243,-0.866304,0.734118,-0.187969,-0.539958,-0.659997,-0.325912,-0.334212,0.107273,-0.0509219,-0.0633234,-0.650803,0.344391,-0.0959237,-0.00618489,-0.86587,-0.151505,0.0166946,0.39771,0.198469,0.258807,0.373933,-0.256561,0.134773,1.10399,0.163048,-0.943471,0.728663,0.555199,0.966926,-0.595555,-0.354216,-0.199872,-0.74458,-0.0577862,-0.0654818,0.998002,-0.0377719,0.0184455,0.0471737,0.797437,-0.0334948,0.0285148,-0.601797
-0.177518,-0.220973,-0.107899,0.168131,0.0343064,-0.131096,-0.0313931,0,-0.0791091,-0.477806,0.356734,-0.274104,0,1.35072,0.323931,-1.02109,0.733959,-0.0144143,-0.150681,-0.52358,-0.379264,-0.104353,-0.104819,-0.0497144,-0.0837418,-2.84569,1.97226,0.565837,1.2657,1.29485,0.677121,-1.04717,0,-0.711564,-0.546203,-0.579862,-0.259731,0,5.47036,-0.931643,-1.74859,0.164288,1.99682,-0.73226,1.90136,-0.293361,-0.2094,-0.354365,-0.132061,-0.273963,0,0,0,0.994235,0.0616596,-0.0620934,0.998068,-0.0874095,-0.00765739,-0.334181,-0.341076,1.0465,-0.117669,-0.110209,-0.213917,0.441193,-0.0994164,-0.200561,0.163028,0.544647,0.0764748,-0.379401,0.156747,0.00742361,0.140108,0.891285,0.609306,-0.901783,0.738786,0.0038576,-0.474572,-0.373458,-0.0786496,-0.302059,0.115914,-0.0560356,-0.0678208,-6.07135,2.4806,0.990584,0.126084,0.625242,1.25302,-0.723421,-2.19254,-4.95537,-1.73512,-1.17551,-0.819173,1.47719,8.23804,-2.12777,-1.87254,0.193613,3.78439,0.207962,1.78481,-0.221019,2.04966,0.399753,-0.166598,-0.208402,-1.14987,0.444149,-0.448472,0.343775,-4.55658,2.04064,0.79569,0.177499,0.783249,1.9476,0.108439,-0.230221,3.28474,-1.03294,-3.75888,-1.24921,0.327412,-0.912718,1.29241,-5.30085,2.32106,0.22175,0.267786,0.888597,2.17996,0.0934725,-0.271247,2.95698,-0.824735,-4.80919,-0.177669,-0.170209,-0.213917,0.441193,-0.0994164,-0.200561,0.163028,0.544647,0.0764748,-0.379401,0.306747,-0.142576,0.140108,1.01129,0.729306,-0.901783,0.738786,-0.0561424,-0.534572,-0.623458,-0.32865,-0.302059,0.115914,-0.0560356,-0.0678208,-0.634935,0.162074,-0.0896944,0.0687549,-0.911317,-0.142121,-0.00573536,0.408129,0.159138,0.0354999,0.363752,-0.263301,0.15665,1.0938,0.17422,-0.9878,0.731674,-0.175111,0.97409,-0.55491,-0.364968,-0.206588,-0.751776,-0.0589311,-0.0715102,0.99715,-0.0428476,0.014588,0.0603545,0.797437,-0.0334948,0.0285148,-0.601797
-0.227338,-0.17507,-0.0853395,0.188093,0.0584165,-0.114913,-0.0588179,0,-0.0691368,-0.470102,0.352472,-0.28858,0,1.40234,0.285775,-1.03807,0.735516,-0.0465418,-0.155109,-0.502859,-0.396814,-0.0891528,-0.102513,-0.0395304,-0.0925233,-2.73929,2.06913,0.734478,1.18543,1.26805,0.716733,-1.14439,0,-0.34851,-0.266775,-0.469829,-0.398945,0,4.6035,-1.22449,-1.47875,0.138366,0.915862,-0.579005,1.64178,-0.468594,0.0814253,-0.213469,0.0603165,-0.323496,0,0,0,0.99372,0.0745056,-0.075899,0.997022,-0.0822158,-0.0198901,-0.0951568,-0.0752153,0.540565,-0.239059,-0.0669236,-0.192951,0.429966,-0.0889912,-0.171428,0.141728,0.487524,-0.0127067,-0.405974,0.135335,-0.0144337,0.180187,1.04846,0.568602,-0.940724,0.742376,0.0326726,-0.471235,-0.338381,-0.0844886,-0.255739,0.121181,-0.0534104,-0.0762335,-5.9322,1.92159,1.13701,-1.01409,0.424245,1.64874,-1.33614,-3.08556,-3.84758,-0.963399,-0.985431,-1.29551,2.11644,7.45694,-1.94271,-1.93271,0.149816,-0.0189074,0.180104,1.70602,-0.324689,2.37386,0.24747,0.198554,-0.404248,-1.24921,0.327412,-0.912718,1.29241,-5.30085,2.32106,0.22175,0.267786,0.888597,2.17996,0.0934725,-0.271247,2.95698,-0.824735,-4.80919,-1.4423,0.394098,-0.868405,2.04619,-5.50344,2.10279,-0.278143,0.205129,0.910476,2.15299,0.224037,-0.183857,2.91891,-0.741961,-5.21433,-0.299059,-0.126924,-0.192951,0.429966,-0.0889912,-0.171428,0.141728,0.487524,-0.0127067,-0.405974,0.285335,-0.164434,0.180187,1.16846,0.688602,-0.940724,0.742376,-0.0273274,-0.531235,-0.588381,-0.334489,-0.255739,0.121181,-0.0534104,-0.0762335,-0.684605,0.103706,-0.182544,0.258482,-1.06017,-0.131096,-0.0313931,0.464212,0.0443501,0.0535572,0.356734,-0.274104,0.177719,1.20998,0.166736,-1.02109,0.733959,-0.195624,0.975826,-0.52358,-0.379264,-0.164947,-0.961839,-0.0497144,-0.0837418,0.996569,-0.0450909,0.0133583,0.0681129,0.797743,-0.042126,0.0297385,-0.600788
-0.274509,-0.129622,-0.0605432,0.203936,0.0806881,-0.0961506,-0.0871263,0,-0.0565125,-0.456733,0.349588,-0.304892,0,1.44093,0.247988,-1.0469,0.73671,-0.0918881,-0.158427,-0.487441,-0.41599,-0.0654645,-0.100377,-0.0288629,-0.0995798,-2.62506,2.13012,0.886079,1.06744,1.22171,0.78315,-1.2257,0,-0.0545915,0.0137841,-0.372134,-0.523941,0,3.80139,-1.42395,-1.16757,0.114766,-0.0390919,-0.455073,1.38051,-0.61566,0.412323,-0.117375,0.202235,-0.332294,0,0,0,0.992573,0.097967,-0.09931,0.994939,-0.0702518,-0.0223194,0.0255195,0.12225,0.0493089,-0.354163,-0.0335813,-0.16898,0.404412,-0.0822598,-0.134841,0.109709,0.421639,-0.0744835,-0.418555,0.118328,-0.0437422,0.209312,1.1826,0.532467,-0.977916,0.744565,0.0216218,-0.467133,-0.305562,-0.0926538,-0.211464,0.126239,-0.0458982,-0.0854982,-5.52634,1.48991,1.30758,-1.38841,0.269854,1.97305,-1.78836,-3.30794,-2.37263,-0.298119,-0.743976,-1.58035,0.716904,6.00146,-1.71371,-1.75111,0.0654724,-0.746294,0.224934,1.56562,-0.456586,2.00708,0.328913,0.355452,-0.387639,-1.4423,0.394098,-0.868405,2.04619,-5.50344,2.10279,-0.278143,0.205129,0.910476,2.15299,0.224037,-0.183857,2.91891,-0.741961,-5.21433,-1.62363,0.64336,-0.769586,2.26882,-5.46612,1.85907,-0.541205,0.270884,0.90653,2.2562,0.257879,-0.173511,2.85683,-0.671448,-5.37089,-0.414163,-0.0935813,-0.16898,0.404412,-0.0822598,-0.134841,0.109709,0.421639,-0.0744835,-0.418555,0.268328,-0.193742,0.209312,1.3026,0.652467,-0.977916,0.744565,-0.0383782,-0.527133,-0.555562,-0.342654,-0.211464,0.126239,-0.0458982,-0.0854982,-0.781151,0.137049,-0.173681,0.409238,-1.10069,-0.114913,-0.0588179,0.420559,-0.0556286,0.0410259,0.352472,-0.28858,0.182095,1.1965,0.232019,-1.03807,0.735516,-0.151928,0.977771,-0.502859,-0.396814,-0.148392,-1.04287,-0.0395304,-0.0925233,0.996354,-0.0455709,0.0140373,0.0707463,0.792324,-0.0461848,0.0256287,-0.607809
-0.316753,-0.0803759,-0.0398947,0.210258,0.0962188,-0.0723816,-0.111356,0,-0.0425598,-0.441869,0.350277,-0.324312,0,1.44487,0.204748,-1.03595,0.725298,-0.113521,-0.159773,-0.480382,-0.444512,-0.0483719,-0.0987495,-0.0420985,-0.10859,-2.47121,2.22977,0.929983,0.842044,1.08816,0.904739,-1.22144,0,0.171076,0.232612,-0.25016,-0.658071,0,2.72006,-1.64536,-0.653101,-0.0908469,-0.351858,-0.338738,1.07224,-0.858799,0.545015,-0.0577563,-0.05697,-0.367762,0,0,0,0.993028,0.0948695,-0.0961913,0.995238,-0.0681323,-0.0223852,0.0200385,0.0375425,-0.239432,-0.4578,-0.00333234,-0.137933,0.376677,-0.0772366,-0.103888,0.074964,0.361214,-0.109104,-0.421515,0.111487,-0.0766483,0.201025,1.2843,0.498846,-0.982353,0.744517,0.00621394,-0.46337,-0.292852,-0.103674,-0.176823,0.132761,-0.0187015,-0.0938397,-4.77436,1.601,2.01856,-1.38136,0.237757,0.433264,-1.45014,-2.50353,-1.2496,-0.0673429,0.294263,-1.66819,-1.3156,4.26312,-1.64717,2.36952,-0.0922827,-0.746435,0.150765,-1.17424,-0.607881,1.4805,0.296509,2.54392,-0.354045,-1.62363,0.64336,-0.769586,2.26882,-5.46612,1.85907,-0.541205,0.270884,0.90653,2.2562,0.257879,-0.173511,2.85683,-0.671448,-5.37089,-1.84173,0.596611,-0.303898,2.24171,-5.0791,1.6818,-0.698262,-0.0556921,0.593644,2.39565,0.193238,-0.272008,2.77794,-0.716909,-5.20866,-0.5178,-0.0633323,-0.137933,0.376677,-0.0772366,-0.103888,0.074964,0.361214,-0.109104,-0.421515,0.261487,-0.226648,0.201025,1.4043,0.618846,-0.982353,0.744517,-0.0537861,-0.52337,-0.542852,-0.353674,-0.176823,0.132761,-0.0187015,-0.0938397,-0.871813,0.26168,-0.153917,0.453765,-1.09322,-0.0961506,-0.0871263,0.371815,-0.108241,0.0541769,0.349588,-0.304892,0.181306,1.2481,0.248939,-1.0469,0.73671,-0.146755,0.984114,-0.487441,-0.41599,-0.13429,-1.07418,-0.0288629,-0.0995798,0.996464,-0.0453082,0.015025,0.0691434,0.792324,-0.0461848,0.0256287,-0.607809
-0.357148,-0.0334944,-0.0193114,0.21439,0.109472,-0.047934,-0.135355,0,-0.0278038,-0.425963,0.351798,-0.34447,0,1.43822,0.165906,-1.02141,0.714444,-0.129885,-0.162799,-0.475592,-0.473954,-0.032086,-0.0962165,-0.0522545,-0.116102,-2.33577,2.26406,0.959738,0.651412,0.960505,1.00003,-1.21499,0,0.341093,0.401424,-0.152301,-0.763016,0,1.8043,-1.73439,-0.23901,-0.226407,-0.49176,-0.28251,0.822416,-1.04279,0.625798,-0.00243539,-0.192218,-0.370116,0,0,0,0.992864,0.103171,-0.104,0.994518,-0.0583619,-0.017043,-0.0182766,-0.0772336,-0.529156,-0.5465,0.0302747,-0.0883773,0.350598,-0.0726182,-0.116549,0.0509423,0.320702,-0.124544,-0.420643,0.12421,-0.110942,0.139386,1.35249,0.465565,-0.931605,0.740813,-0.0138901,-0.460513,-0.339393,-0.117892,-0.154829,0.13923,0.00605555,-0.10238,-4.16198,1.73967,2.7596,-1.189,0.223769,-1.25828,-1.10559,-1.60463,-0.365646,0.17867,0.720024,-1.74194,-3.99129,2.7222,-1.68135,2.00166,-0.221456,-1.17461,0.138623,-2.68487,-0.736394,0.807765,0.318219,0.291067,-0.361512,-1.84173,0.596611,-0.303898,2.24171,-5.0791,1.6818,-0.698262,-0.0556921,0.593644,2.39565,0.193238,-0.272008,2.77794,-0.716909,-5.20866,-1.71122,0.351349,-0.439191,2.2356,-4.43089,1.39268,-1.02128,-0.568251,0.324584,2.34828,0.233161,-0.459049,2.83259,-0.71914,-4.99724,-0.6065,-0.0297253,-0.0883773,0.350598,-0.0726182,-0.116549,0.0509423,0.320702,-0.124544,-0.420643,0.27421,-0.260942,0.139386,1.47249,0.585565,-0.931605,0.740813,-0.0738901,-0.520513,-0.589393,-0.367892,-0.154829,0.13923,0.00605555,-0.10238,-0.980866,0.238306,-0.0607796,0.448342,-1.01582,-0.0723816,-0.111356,0.33636,-0.139652,-0.0111384,0.350277,-0.324312,0.118729,1.31782,0.216619,-1.03595,0.725298,-0.196004,0.984168,-0.480382,-0.444512,-0.143382,-1.04173,-0.0420985,-0.10859,0.996749,-0.04496,0.0141911,0.0653416,0.7878,-0.047116,0.0190208,-0.613832
-0.393845,0.00865829,0.00114145,0.214141,0.11817,-0.0221289,-0.158892,0,-0.0114411,-0.407972,0.354983,-0.366102,0,1.4104,0.135858,-0.99967,0.704705,-0.135711,-0.169186,-0.475341,-0.505235,-0.0174136,-0.0918719,-0.056251,-0.120618,-2.1855,2.21713,0.978609,0.452255,0.802821,1.0871,-1.20355,0,0.484207,0.55086,-0.0588413,-0.858586,0,0.845614,-1.66479,0.158773,-0.304559,-0.431623,-0.293563,0.579456,-1.19917,0.658145,0.0634649,-0.194501,-0.326816,0,0,0,0.993963,0.0899015,-0.0907618,0.995812,-0.0616416,-0.0165951,-0.0592329,-0.117677,-0.774515,-0.623351,0.0650989,-0.0330426,0.329363,-0.0684688,-0.148112,0.0264667,0.290463,-0.125707,-0.41525,0.136276,-0.14589,0.0513343,1.38862,0.433454,-0.905015,0.735657,-0.0483676,-0.458504,-0.386737,-0.134188,-0.144593,0.140959,-0.00204879,-0.110216,-3.56475,1.7339,2.69552,-0.947725,0.189318,-1.71363,-1.38745,-1.45177,0.168544,0.356928,0.471774,-1.72725,-4.05356,1.04192,-1.52678,0.852721,-0.275396,-2.08668,0.0548509,-1.98654,-0.843242,0.30686,-0.154154,-0.591906,-0.32098,-1.71122,0.351349,-0.439191,2.2356,-4.43089,1.39268,-1.02128,-0.568251,0.324584,2.34828,0.233161,-0.459049,2.83259,-0.71914,-4.99724,-1.60856,0.176408,-0.295373,1.86382,-3.98879,1.18881,-1.10174,-1.14303,-0.0743196,2.29327,0.161687,-0.495797,3.01066,-0.644261,-4.76492,-0.683351,0.00509888,-0.0330426,0.329363,-0.0684688,-0.148112,0.0264667,0.290463,-0.125707,-0.41525,0.286276,-0.29589,0.0513343,1.50862,0.553454,-0.905015,0.735657,-0.108368,-0.518504,-0.636737,-0.384188,-0.144593,0.140959,-0.00204879,-0.110216,-0.915609,0.115674,-0.0878382,0.44712,-0.886179,-0.047934,-0.135355,0.278536,-0.204255,-0.11365,0.351798,-0.34447,0.0649169,1.29414,0.23658,-1.02141,0.714444,-0.289525,0.986418,-0.475592,-0.473954,-0.143828,-0.999448,-0.0522545,-0.116102,0.997193,-0.0447044,0.0122871,0.0587884,0.7878,-0.047116,0.0190208,-0.613832
-0.426808,0.0394625,0.0199607,0.204849,0.120003,0.0025723,-0.180745,0,0.00256425,-0.392131,0.358698,-0.389246,0,1.3595,0.124564,-0.980663,0.691015,-0.140028,-0.18505,-0.475583,-0.539877,-0.0114402,-0.0856177,-0.0602188,-0.123571,-2.02428,2.01406,0.967315,0.177187,0.589471,1.13149,-1.17027,0,0.549024,0.62322,0.0145339,-0.948171,0,-0.171543,-1.33476,0.396254,-0.418554,-0.366886,-0.443446,0.401983,-1.35904,0.550302,0.138239,-0.195667,-0.273067,0,0,0,0.993844,0.0947998,-0.0950942,0.995465,-0.05684,-0.0078588,-0.0478628,-0.134621,-0.798512,-0.687641,0.100281,0.0153823,0.309923,-0.0654554,-0.180977,-0.00582056,0.258061,-0.120507,-0.408798,0.141321,-0.179698,-0.0288118,1.38979,0.40362,-0.893218,0.729027,-0.0932948,-0.45842,-0.41629,-0.153762,-0.139738,0.132785,-0.0132531,-0.116196,-2.90715,1.77961,2.16885,-1.00556,0.108817,-1.51743,-1.81987,-1.73454,0.319052,0.288365,0.078556,-1.6363,-3.56367,-0.737606,-1.46212,0.427183,-0.365639,-2.28092,-0.0264696,-1.09933,-1.05316,0.209057,-0.594201,-0.428792,-0.231214,-1.60856,0.176408,-0.295373,1.86382,-3.98879,1.18881,-1.10174,-1.14303,-0.0743196,2.29327,0.161687,-0.495797,3.01066,-0.644261,-4.76492,-1.5192,0.000747398,-0.104425,1.51792,-3.42044,1.099,-1.18856,-1.4996,-0.558603,2.25226,0.121808,-0.529109,3.21851,-0.49711,-4.26687,-0.747641,0.040281,0.0153823,0.309923,-0.0654554,-0.180977,-0.00582056,0.258061,-0.120507,-0.408798,0.291321,-0.329698,-0.0288118,1.50979,0.52362,-0.893218,0.729027,-0.153295,-0.51842,-0.66629,-0.403762,-0.139738,0.132785,-0.0132531,-0.116196,-0.864282,0.0282039,-0.0590746,0.372763,-0.797758,-0.0221289,-0.158892,0.237762,-0.220348,-0.228606,0.354983,-0.366102,-0.0148639,1.26663,0.200843,-0.99967,0.704705,-0.307898,0.984239,-0.475341,-0.505235,-0.128852,-0.952983,-0.056251,-0.120618,0.99766,-0.0444636,0.00995911,0.0509821,0.78183,-0.0462901,0.0123051,-0.621649
-0.457902,0.0645923,0.0379633,0.191034,0.118404,0.0267216,-0.201754,0,0.0153908,-0.377364,0.362678,-0.413146,0,1.29706,0.122647,-0.963021,0.675347,-0.14359,-0.205651,-0.476073,-0.576199,-0.00981635,-0.0784086,-0.0641721,-0.125743,-1.88342,1.78679,0.947159,-0.0831899,0.388641,1.15428,-1.13433,0,0.576715,0.657749,0.0698739,-1.02222,0,-1.05659,-0.963088,0.542007,-0.527994,-0.310249,-0.619436,0.274052,-1.49616,0.409569,0.204902,-0.196266,-0.223722,0,0,0,0.993091,0.101551,-0.101162,0.994824,-0.0594678,0.00354862,4.15656e-05,-0.0694813,-0.773326,-0.738524,0.135418,0.0522693,0.286983,-0.0645674,-0.206088,-0.0467669,0.22016,-0.115007,-0.403556,0.13861,-0.211018,-0.11047,1.35644,0.374748,-0.887053,0.719775,-0.138009,-0.459479,-0.428337,-0.17885,-0.132534,0.118617,-0.0241144,-0.120339,-2.24294,1.72357,1.57736,-1.26036,-0.0122711,-0.989688,-2.24868,-1.96158,0.224245,0.267172,-0.281609,-1.48374,-4.13023,-2.39147,-1.42132,0.198238,-0.519188,-2.1595,-0.084765,-0.203673,-1.37217,0.462926,-0.806811,-0.406401,-0.158908,-1.5192,0.000747398,-0.104425,1.51792,-3.42044,1.099,-1.18856,-1.4996,-0.558603,2.25226,0.121808,-0.529109,3.21851,-0.49711,-4.26687,-1.38398,-0.212197,0.0483442,1.27743,-2.60427,1.0769,-1.29175,-1.73679,-1.10836,2.3188,0.0594454,-0.507793,3.36274,-0.29992,-3.46151,-0.798524,0.075418,0.0522693,0.286983,-0.0645674,-0.206088,-0.0467669,0.22016,-0.115007,-0.403556,0.28861,-0.361018,-0.11047,1.47644,0.494748,-0.887054,0.719775,-0.198009,-0.519479,-0.678337,-0.42885,-0.132534,0.118617,-0.0241144,-0.120339,-0.819598,-0.0596263,-0.020885,0.303583,-0.684088,0.0025723,-0.180745,0.219801,-0.237711,-0.299919,0.358698,-0.389246,-0.111721,1.24613,0.180904,-0.980663,0.691015,-0.324555,0.980257,-0.475583,-0.539877,-0.0994221,-0.853375,-0.0602188,-0.123571,0.998062,-0.0439064,0.00790689,0.0433807,0.775379,-0.0417157,0.00757662,-0.630072
-0.478817,0.0881062,0.0540843,0.176716,0.117274,0.0454723,-0.224138,0,0.0263569,-0.362307,0.366255,-0.438278,0,1.20478,0.121709,-0.949672,0.664512,-0.139305,-0.226496,-0.47647,-0.613346,-0.00687619,-0.0685582,-0.0706362,-0.119399,-1.63211,1.60346,0.904827,-0.273004,0.255105,1.08926,-1.12979,0,0.568192,0.686287,0.102569,-1.09253,0,-2.12393,-0.688224,0.57964,-0.532132,-0.152911,-0.746284,0.185869,-1.60452,0.330801,0.291188,-0.234348,-0.0614546,0,0,0,0.994469,0.0861368,-0.0857866,0.996278,-0.0606015,0.00318584,0.0251024,0.0713023,-0.786609,-0.77649,0.168408,0.0794793,0.258634,-0.0663475,-0.221583,-0.0944084,0.182741,-0.113658,-0.397741,0.129168,-0.2389,-0.21568,1.29445,0.346319,-0.877942,0.707076,-0.177684,-0.460471,-0.434653,-0.210915,-0.117642,0.106832,-0.0271839,-0.123325,-1.62939,1.57784,1.19294,-1.52718,-0.149707,-0.635594,-2.49708,-1.70924,-0.0841803,0.32016,-0.620216,-1.29583,-5.60116,-3.60796,-1.41132,0.624896,-0.693623,-1.82685,-0.0335058,-0.291456,-1.72715,0.916521,-0.414816,-0.227299,-0.117718,-1.38398,-0.212197,0.0483442,1.27743,-2.60427,1.0769,-1.29175,-1.73679,-1.10836,2.3188,0.0594454,-0.507793,3.36274,-0.29992,-3.46151,-1.07315,-0.338183,0.165619,1.10203,-1.33765,0.879841,-1.09962,-2.0803,-1.57152,2.17594,0.0836598,-0.444436,3.37948,-0.233992,-2.53448,-0.83649,0.108408,0.0794793,0.258634,-0.0663475,-0.221583,-0.0944084,0.182741,-0.113658,-0.397741,0.279168,-0.3889,-0.21568,1.41445,0.466319,-0.877942,0.707076,-0.237684,-0.520471,-0.684653,-0.460915,-0.117642,0.106832,-0.027184,-0.123325,-0.751989,-0.166099,0.00966884,0.255485,-0.520855,0.0267216,-0.201754,0.215379,-0.258349,-0.347357,0.362678,-0.413146,-0.221672,1.2794,0.149723,-0.963021,0.675347,-0.313897,0.976283,-0.476073,-0.576199,-0.0599841,-0.692302,-0.0641721,-0.125743,0.998411,-0.0430188,0.00698069,0.0357289,0.775379,-0.0417157,0.00757662,-0.630072
-0.495978,0.110581,0.0686514,0.162808,0.116543,0.0626989,-0.246416,0,0.0383885,-0.34766,0.369392,-0.463169,0,1.10163,0.121152,-0.937757,0.654687,-0.131164,-0.246907,-0.476314,-0.648786,-0.00590053,-0.0602745,-0.0732659,-0.1169,-1.39989,1.45954,0.851885,-0.399717,0.167611,1.02088,-1.12502,0,0.578208,0.700112,0.118855,-1.13813,0,-3.03397,-0.490119,0.584474,-0.51986,0.0150899,-0.828554,0.13246,-1.65476,0.246196,0.328088,-0.20349,-0.00553136,0,0,0,0.993952,0.0928097,-0.0919845,0.995622,-0.0599842,0.0111127,0.0219151,0.151146,-0.898409,-0.799305,0.199697,0.10025,0.227591,-0.0708517,-0.231517,-0.145919,0.151836,-0.117296,-0.390588,0.113392,-0.262175,-0.334138,1.20884,0.317615,-0.862894,0.692514,-0.205699,-0.46034,-0.436109,-0.249057,-0.0972388,0.104665,-0.0373394,-0.121695,-0.734094,1.55637,0.918684,-1.54482,-0.281429,-0.394789,-2.64064,-1.39086,-0.267741,0.405115,-0.882715,-1.03179,-5.4536,-4.78443,-1.44506,0.809391,-0.725017,-1.08571,0.00808366,0.111676,-1.9892,1.04441,0.0833546,-0.575462,0.130659,-1.07315,-0.338183,0.165619,1.10203,-1.33765,0.879841,-1.09962,-2.0803,-1.57152,2.17594,0.0836598,-0.444436,3.37948,-0.233992,-2.53448,-0.847256,-0.207591,0.313984,1.01428,-0.397991,0.641196,-0.758467,-2.13392,-1.86928,1.91015,0.180552,-0.280608,3.21412,-0.296061,-1.59286,-0.859305,0.139697,0.10025,0.227591,-0.0708517,-0.231517,-0.145919,0.151836,-0.117296,-0.390588,0.263392,-0.412175,-0.334138,1.32884,0.437615,-0.862894,0.692514,-0.265699,-0.52034,-0.686109,-0.499057,-0.0972388,0.104665,-0.0373394,-0.121695,-0.596577,-0.229092,0.0331238,0.220405,-0.26753,0.0454723,-0.224138,0.175968,-0.219924,-0.41606,0.366255,-0.438278,-0.314305,1.20797,0.16183,-0.949672,0.664512,-0.282218,0.977854,-0.47647,-0.613346,-0.0467985,-0.506896,-0.0706362,-0.119399,0.998717,-0.0420496,0.00716754,0.0272899,0.768221,-0.0380183,0.00425253,-0.63904
-0.505632,0.130977,0.0801104,0.149722,0.11661,0.0768771,-0.268483,0,0.0525508,-0.333832,0.371649,-0.487578,0,0.97676,0.121354,-0.928709,0.646885,-0.115306,-0.266448,-0.475048,-0.680809,-0.00885383,-0.055124,-0.068227,-0.12209,-1.12473,1.32763,0.768205,-0.476102,0.118328,0.927288,-1.11852,0,0.617181,0.697489,0.117052,-1.16284,0,-3.99681,-0.340047,0.544842,-0.480929,0.24842,-0.873101,0.111711,-1.63868,0.128037,0.306918,-0.0668587,-0.081713,0,0,0,0.995702,0.0719573,-0.0711779,0.997346,-0.0592501,0.011123,0.0106573,0.0695998,-1.17182,-0.799944,0.233234,0.117511,0.200189,-0.0785806,-0.23577,-0.198573,0.12628,-0.121324,-0.381412,0.0956498,-0.279427,-0.419361,1.09833,0.287669,-0.847925,0.678487,-0.210917,-0.458479,-0.428271,-0.291063,-0.0797626,0.115985,-0.049861,-0.118784,0.53839,1.7766,0.826565,-1.20125,-0.472353,-0.0175553,-2.63027,-1.19851,-0.153915,0.519254,-0.825254,-0.702023,-2.8461,-6.07526,-1.52445,0.548187,-0.661804,0.302532,0.129109,0.685814,-2.13061,0.716547,0.890794,-0.676011,0.120805,-0.847256,-0.207591,0.313984,1.01428,-0.397991,0.641196,-0.758467,-2.13392,-1.86928,1.91015,0.180552,-0.280608,3.21412,-0.296061,-1.59286,-0.663556,-0.0567964,0.473897,0.774518,0.336311,0.507149,-0.352297,-2.37834,-2.07988,1.55404,0.262529,-0.0441346,2.88412,-0.34822,-0.899275,-0.859944,0.173234,0.117511,0.200189,-0.0785806,-0.23577,-0.198573,0.12628,-0.121324,-0.381412,0.24565,-0.429427,-0.419361,1.21833,0.407669,-0.847925,0.678487,-0.270917,-0.518479,-0.678271,-0.541064,-0.0797626,0.115985,-0.049861,-0.118784,-0.483628,-0.163796,0.0627968,0.202856,-0.0795981,0.0626989,-0.246416,0.128239,-0.151693,-0.426784,0.369392,-0.463169,-0.373856,1.07507,0.210276,-0.937757,0.654687,-0.200304,0.980064,-0.476314,-0.648786,-0.0592122,-0.318573,-0.0732659,-0.1169,0.998993,-0.0409712,0.00707037,0.0168848,0.768221,-0.0380183,0.00425253,-0.63904
-0.507573,0.149771,0.0880876,0.134097,0.118361,0.088422,-0.287492,0,0.0620811,-0.322978,0.373453,-0.509536,0,0.83112,0.121879,-0.919178,0.640495,-0.0860176,-0.286229,-0.473517,-0.709516,-0.0144526,-0.0499028,-0.0700427,-0.127907,-0.816436,1.21125,0.657402,-0.567645,0.109105,0.822275,-1.0681,0,0.57498,0.651052,0.108999,-1.14335,0,-4.98237,-0.230154,0.524356,-0.432509,0.613226,-0.907895,0.101163,-1.57768,0.00564446,0.293161,-0.0740376,-0.144456,0,0,0,0.995648,0.0662497,-0.0650217,0.997669,-0.0667592,0.0163456,-0.0164174,-0.164097,-1.40919,-0.772765,0.273622,0.133041,0.181025,-0.0903445,-0.232784,-0.24823,0.105625,-0.121214,-0.378377,0.0813519,-0.289687,-0.448604,0.95965,0.256856,-0.837294,0.666197,-0.182377,-0.450942,-0.412394,-0.334518,-0.0697066,0.151719,-0.0564042,-0.119912,2.00063,2.19807,0.748858,-0.74433,-0.666728,0.312821,-2.35597,-0.90301,0.128519,-0.164342,-0.583167,-0.348586,-0.39127,-7.56893,-1.51983,0.411596,-0.566146,2.13288,0.540039,0.89737,-2.15609,0.34729,2.39449,-0.183939,-0.104394,-0.663556,-0.0567964,0.473897,0.774518,0.336311,0.507149,-0.352297,-2.37834,-2.07988,1.55404,0.262529,-0.0441346,2.88412,-0.34822,-0.899275,-0.493703,0.0204017,0.555854,0.534965,0.599032,0.46573,-0.171167,-2.54725,-2.22219,1.14228,0.247219,0.135854,2.38035,-0.368439,-0.65938,-0.832765,0.213622,0.133041,0.181025,-0.0903445,-0.232784,-0.24823,0.105625,-0.121214,-0.378377,0.231352,-0.439687,-0.448604,1.07965,0.376856,-0.837294,0.666197,-0.242377,-0.510942,-0.662394,-0.584518,-0.0697066,0.151719,-0.0564042,-0.119912,-0.391778,-0.0883982,0.0947793,0.154904,0.0672623,0.0768771,-0.268483,0.10143,-0.0704593,-0.475668,0.371649,-0.487578,-0.415976,0.89702,0.251264,-0.928709,0.646885,-0.0820673,0.987977,-0.475048,-0.680809,-0.069644,-0.179855,-0.068227,-0.12209,0.999186,-0.0398246,0.00497232,0.00406447,0.761975,-0.0342199,0.00340537,-0.646693
-0.505659,0.167764,0.094324,0.117203,0.120956,0.0986503,-0.304972,0,0.0692952,-0.313611,0.375031,-0.530267,0,0.675094,0.122566,-0.909405,0.63481,-0.050013,-0.306131,-0.471853,-0.736564,-0.0213741,-0.0446463,-0.0752859,-0.134038,-0.542782,1.11776,0.553726,-0.650762,0.115286,0.729017,-1.00988,0,0.510698,0.596247,0.0999664,-1.11132,0,-5.82806,-0.150806,0.513644,-0.388031,0.969328,-0.934057,0.0957688,-1.5101,-0.0998716,0.284061,-0.130473,-0.193085,0,0,0,0.995258,0.0494389,-0.0477289,0.998611,-0.08475,0.0181936,-0.0932653,-0.431642,-1.52618,-0.715716,0.322522,0.147422,0.17074,-0.104669,-0.222695,-0.290607,0.0922259,-0.115406,-0.390784,0.0731485,-0.293354,-0.448222,0.789029,0.226893,-0.830643,0.656072,-0.122095,-0.436041,-0.394005,-0.377479,-0.0656075,0.211123,-0.0598419,-0.124179,3.49032,2.60816,0.71311,-0.322833,-0.725457,0.628895,-1.91494,-0.504,0.399287,-0.927244,-0.25824,-0.0558304,0.14443,-9.23035,-1.45206,0.287843,-0.454928,3.45734,0.847887,0.879489,-2.10168,0.116458,3.26439,-0.151763,-0.206555,-0.493703,0.0204017,0.555854,0.534965,0.599032,0.46573,-0.171167,-2.54725,-2.22219,1.14228,0.247219,0.135854,2.38035,-0.368439,-0.65938,-0.479998,0.15181,0.575573,0.284882,0.508409,0.442305,-0.186077,-2.66805,-2.29216,0.953011,0.235416,0.324173,1.88268,-0.318599,-0.531555,-0.775716,0.262522,0.147422,0.17074,-0.104669,-0.222695,-0.290607,0.0922259,-0.115406,-0.390784,0.223148,-0.443354,-0.448222,0.909029,0.346893,-0.830643,0.656072,-0.182095,-0.496041,-0.644005,-0.627479,-0.0656075,0.211123,-0.0598419,-0.124179,-0.306852,-0.0497992,0.111171,0.106993,0.119806,0.088422,-0.287492,0.093146,-0.0342334,-0.509451,0.373453,-0.509536,-0.444437,0.691141,0.243609,-0.919178,0.640495,0.00792676,1.01606,-0.473517,-0.709516,-0.0736879,-0.131876,-0.0700427,-0.127907,0.999183,-0.0390946,7.23348e-05,-0.0102624,0.758113,-0.0304329,0.00601181,-0.651385
-0.485939,0.18851,0.0969092,0.0966386,0.125137,0.104417,-0.31683,0,0.070715,-0.307892,0.376704,-0.545343,0,0.489545,0.122994,-0.908273,0.626521,0.00521615,-0.326748,-0.469307,-0.75871,-0.033949,-0.0363957,-0.0759856,-0.14085,-0.0841482,1.09363,0.426387,-0.763994,0.143425,0.596808,-0.884775,0,0.378785,0.503148,0.0950748,-1.00405,0,-6.86286,-0.0991427,0.376536,-0.39596,1.50697,-0.963085,0.105233,-1.38926,-0.258532,0.322602,-0.101828,-0.237349,0,0,0,0.995121,0.0251257,-0.023309,0.999526,-0.0958669,0.0177874,0.136812,-0.449456,-0.907969,-0.678613,0.372768,0.152552,0.176692,-0.11736,-0.209578,-0.327866,0.0941972,-0.0996947,-0.421024,0.0715583,-0.28373,-0.446606,0.752441,0.198823,-0.824671,0.647451,-0.147936,-0.404947,-0.375862,-0.41327,-0.0360186,0.265673,-0.0573022,-0.129469,0.817394,2.42149,-0.0637985,0.281478,-0.59753,0.490157,-1.71008,0.50017,0.693225,-1.94736,-0.0274021,0.710372,-0.13399,1.75162,-1.32323,0.622917,-0.400345,-1.84248,1.97067,0.417096,-1.65996,0.114742,2.25276,0.388997,-0.243194,-0.479998,0.15181,0.575573,0.284882,0.508409,0.442305,-0.186077,-2.66805,-2.29216,0.953011,0.235416,0.324173,1.88268,-0.318599,-0.531555,-0.967442,0.349526,1.27457,0.692764,0.70521,0.509563,-0.0827879,-2.36491,-1.9059,0.31266,0.537416,0.796587,2.10862,0.072294,-0.166008,-0.738613,0.312768,0.152552,0.176692,-0.11736,-0.209578,-0.327866,0.0941972,-0.0996947,-0.421024,0.221558,-0.43373,-0.446606,0.872441,0.318823,-0.824671,0.647451,-0.207936,-0.464947,-0.625862,-0.66327,-0.0360186,0.265673,-0.0573022,-0.129469,-0.299999,0.0159052,0.115115,0.0569764,0.101682,0.0986503,-0.304972,0.088461,-0.0372153,-0.533609,0.375031,-0.530267,-0.458431,0.596506,0.237708,-0.909405,0.63481,0.102086,0.881341,-0.471853,-0.736564,-0.0637198,-0.106311,-0.0752859,-0.134038,0.999007,-0.0381455,-0.00605228,-0.0222307,0.758113,-0.0304329,0.00601181,-0.651385
-0.464033,0.212761,0.10264,0.0822563,0.133584,0.110076,-0.326777,0,0.0702463,-0.297814,0.378298,-0.558743,0,0.314169,0.123284,-0.90838,0.618125,0.049446,-0.347309,-0.46766,-0.779426,-0.0598544,-0.0289879,-0.0758694,-0.146415,0.269684,1.12931,0.384427,-0.75053,0.227104,0.502655,-0.768553,0,0.258119,0.503381,0.0904696,-0.903844,0,-7.43464,-0.0650543,0.261966,-0.403108,1.71832,-0.982583,0.0983652,-1.28321,-0.569555,0.336938,-0.0695356,-0.249611,0,0,0,0.993702,0.0156609,-0.0142062,0.999803,-0.11115,0.0122253,0.168331,-0.149223,-0.91868,-0.667188,0.410825,0.155071,0.183317,-0.131991,-0.20522,-0.354771,0.102652,-0.0829974,-0.455774,0.0699186,-0.270092,-0.417569,0.797982,0.18123,-0.816304,0.639366,-0.18284,-0.361114,-0.369742,-0.447911,-0.0412845,0.304629,-0.0561759,-0.135886,0.548919,1.42779,0.322684,0.377245,-0.810946,0.0265201,-1.04375,0.272334,0.982573,-1.2549,-0.133091,0.624102,2.67771,2.16782,-0.485037,0.195049,-0.386879,-1.61762,2.02113,0.328841,-1.75178,-0.367884,0.9955,-0.163806,-0.282743,-0.967442,0.349526,1.27457,0.692764,0.70521,0.509563,-0.0827879,-2.36491,-1.9059,0.31266,0.537416,0.796587,2.10862,0.072294,-0.166008,-0.737871,0.317033,1.3801,0.885997,0.792014,0.54389,-0.273515,-2.51548,-1.78377,0.506037,0.422686,1.72846,1.4317,0.155069,0.247807,-0.727188,0.350825,0.155071,0.183317,-0.131991,-0.20522,-0.354771,0.102652,-0.0829974,-0.455774,0.219919,-0.420092,-0.417569,0.917982,0.30123,-0.816304,0.639366,-0.24284,-0.421114,-0.619742,-0.697911,-0.0412845,0.304629,-0.0561759,-0.135886,-0.543721,0.114763,0.254914,0.138553,0.141042,0.104417,-0.31683,0.101913,-0.0165576,-0.472983,0.376704,-0.545343,-0.38118,0.27633,0.388708,-0.908273,0.626521,0.338293,0.99431,-0.469307,-0.75871,0.0144588,-0.0332017,-0.0759856,-0.14085,0.998851,-0.0357063,-0.0103851,-0.0302186,0.755663,-0.0283594,0.00914274,-0.654282
-0.437755,0.244022,0.114661,0.0802374,0.150562,0.115521,-0.332904,0,0.0660007,-0.279015,0.379735,-0.568794,0,0.159138,0.123297,-0.910967,0.609516,0.0716771,-0.367761,-0.467812,-0.79728,-0.112421,-0.0232657,-0.0741211,-0.149483,0.582943,1.25942,0.449413,-0.555655,0.413639,0.433534,-0.629896,0,0.116999,0.634349,0.0848838,-0.783453,0,-7.52973,-0.0453439,0.14458,-0.41131,1.53629,-0.994588,0.0665717,-1.16606,-1.18719,0.321689,-0.0224502,-0.220749,0,0,0,0.993582,-0.00352778,0.00449715,0.999955,-0.113027,0.00877501,0.128138,0.0815659,-1.01019,-0.652652,0.431357,0.165911,0.191628,-0.150191,-0.20717,-0.368632,0.107764,-0.0597222,-0.475633,0.0670981,-0.259765,-0.351342,0.83145,0.178557,-0.816778,0.632552,-0.212552,-0.320713,-0.361971,-0.482376,-0.0475646,0.315715,-0.0601017,-0.142052,0.873249,0.72891,0.705142,0.442315,-0.999945,-0.163981,-0.431132,0.262129,1.29391,-0.94287,-0.130886,0.432829,3.23887,1.25528,0.123391,-0.162727,-0.291563,-1.38946,2.20241,0.417201,-1.64276,-0.253238,0.654458,-0.172015,-0.254616,-0.737871,0.317033,1.3801,0.885997,0.792014,0.54389,-0.273515,-2.51548,-1.78377,0.506037,0.422686,1.72846,1.4317,0.155069,0.247807,-0.458696,0.293905,1.34683,1.26152,0.682957,0.450712,-0.446954,-2.58868,-1.58633,0.752656,0.112942,2.73928,0.532363,0.349692,0.727848,-0.712652,0.371357,0.165911,0.191628,-0.150191,-0.20717,-0.368632,0.107764,-0.0597222,-0.475633,0.217098,-0.409765,-0.351342,0.95145,0.298557,-0.816778,0.632552,-0.272552,-0.380713,-0.611971,-0.732376,-0.0475646,0.315715,-0.0601017,-0.142052,-0.428935,0.0985163,0.276021,0.177199,0.158403,0.110076,-0.326777,0.108778,-0.0547029,-0.503096,0.378298,-0.558743,-0.356753,0.373019,0.331343,-0.90838,0.618125,0.80423,0.655851,-0.46766,-0.779426,0.0310138,0.0495615,-0.0758694,-0.146415,0.998605,-0.0329623,-0.0118929,-0.0395061,0.755663,-0.0283594,0.00914274,-0.654282
-0.444405,0.277827,0.128051,0.087851,0.167218,0.119708,-0.337037,0,0.0642223,-0.255109,0.380538,-0.574516,0,0.107482,0.124056,-0.912913,0.603722,0.035166,-0.386956,-0.469584,-0.808736,-0.169855,-0.0167415,-0.0715465,-0.147668,0.30831,1.38867,0.515442,-0.274754,0.539384,0.36628,-0.502911,0,0.0552247,0.802638,0.0714618,-0.634246,0,-6.04564,-0.0203602,0.0720089,-0.374831,0.52774,-0.98413,0.02002,-0.988091,-1.69253,0.323045,0.0229033,-0.127302,0,0,0,0.994281,-0.000122778,-0.00175148,0.999846,-0.106781,-0.0175432,0.099347,0.165881,-1.11726,-0.630874,0.443769,0.182919,0.201279,-0.170334,-0.208624,-0.372181,0.112075,-0.030623,-0.491185,0.0661894,-0.252583,-0.293641,0.848432,0.180418,-0.823643,0.627999,-0.238894,-0.276876,-0.35177,-0.51247,-0.0515084,0.320725,-0.0632043,-0.146579,1.23823,0.568316,0.943146,0.501788,-0.980972,0.00405245,0.0127626,0.151677,1.55521,-0.646712,0.0267668,0.301839,2.257,0.556947,0.012316,-0.329944,-0.177656,-1.25852,2.17279,0.474342,-1.36408,-0.164603,-0.130355,0.044094,-0.172694,-0.458696,0.293905,1.34683,1.26152,0.682957,0.450712,-0.446954,-2.58868,-1.58633,0.752656,0.112942,2.73928,0.532363,0.349692,0.727848,-0.371266,0.306783,1.15608,1.54753,0.469506,0.471775,-0.428879,-2.70926,-1.47173,1.01054,-0.142011,3.75457,-0.0428884,0.679887,1.13535,-0.690874,0.383769,0.182919,0.201279,-0.170334,-0.208624,-0.372181,0.112075,-0.030623,-0.491185,0.216189,-0.402583,-0.293641,0.968432,0.300418,-0.823643,0.627999,-0.298894,-0.336876,-0.60177,-0.76247,-0.0515084,0.320725,-0.0632044,-0.146579,-0.289348,0.0869525,0.269366,0.252303,0.136591,0.115521,-0.332904,0.0901424,-0.0893908,-0.517735,0.379735,-0.568794,-0.317266,0.496328,0.176471,-0.910967,0.609516,1.15797,0.206182,-0.467812,-0.79728,0.0699383,0.14557,-0.0741211,-0.149483,0.998222,-0.0301785,-0.0119647,-0.0499868,0.746357,-0.0378952,0.0135122,-0.664329
-0.467519,0.312904,0.142126,0.100281,0.183713,0.123266,-0.340171,0,0.0636777,-0.228649,0.381024,-0.578073,0,0.107514,0.125187,-0.91454,0.599335,-0.0307162,-0.405521,-0.472166,-0.816994,-0.229721,-0.00981631,-0.0685588,-0.143412,-0.13089,1.49823,0.571931,-0.00587959,0.624991,0.309767,-0.399059,0,0.030487,0.958747,0.0573099,-0.497334,0,-4.23146,0.00272132,0.0260107,-0.328186,-0.618816,-0.967376,-0.0247144,-0.815528,-2.08277,0.33001,0.0608476,-0.0252676,0,0,0,0.995336,0.010183,-0.0147511,0.998784,-0.0953309,-0.0482288,0.0778511,0.173471,-1.08268,-0.603755,0.457487,0.201617,0.21109,-0.187391,-0.205873,-0.368975,0.114536,0.00140346,-0.502878,0.0691543,-0.247651,-0.266528,0.855455,0.173537,-0.828483,0.625712,-0.263471,-0.234814,-0.345201,-0.536239,-0.054293,0.310347,-0.0607326,-0.147736,1.42315,0.790578,0.903882,0.476671,-0.738408,0.268615,0.249579,0.0827766,1.61963,-0.54217,0.25672,0.20809,0.557078,0.217147,-0.654691,-0.223111,-0.0634319,-1.20378,2.05917,0.26494,-1.03358,-0.127395,-0.798267,0.0654508,-0.00807735,-0.371266,0.306783,1.15608,1.54753,0.469506,0.471775,-0.428879,-2.70926,-1.47173,1.01054,-0.142011,3.75457,-0.0428884,0.679887,1.13535,-0.362029,0.426638,1.09042,1.66233,0.0548714,0.592725,-0.186905,-2.70842,-1.32695,1.34116,-0.268227,4.44679,-0.048858,1.07446,1.25829,-0.663755,0.397487,0.201617,0.21109,-0.187391,-0.205873,-0.368975,0.114536,0.00140346,-0.502878,0.219154,-0.397651,-0.266528,0.975455,0.293537,-0.828483,0.625712,-0.323471,-0.294814,-0.595201,-0.786239,-0.054293,0.310347,-0.0607326,-0.147736,-0.245633,0.0933917,0.231215,0.309505,0.0939011,0.119708,-0.337037,0.094355,-0.0857759,-0.541852,0.380538,-0.574516,-0.294346,0.625272,0.0489946,-0.912913,0.603722,1.13818,-0.0814442,-0.469584,-0.808736,0.135977,0.22707,-0.0715465,-0.147668,0.997699,-0.027482,-0.0116871,-0.0608641,0.734097,-0.0501835,0.0178253,-0.676953
-0.463801,0.339145,0.14837,0.104221,0.185774,0.119293,-0.331246,0,0.095202,-0.21166,0.381077,-0.578906,0,0.108109,0.127561,-0.916143,0.593379,-0.0552523,-0.417765,-0.472355,-0.821418,-0.248968,-0.000728884,-0.0663714,-0.140815,-0.03586,1.44238,0.494015,0.0549782,0.468418,0.157237,-0.145458,0,0.494207,0.925953,0.0409163,-0.360625,0,-2.95311,0.0375182,-0.00584479,-0.319065,-0.801212,-0.86082,-0.0201325,-0.637229,-1.74665,0.367318,0.0754051,0.0212671,0,0,0,0.995542,-0.0118618,0.00705761,0.998648,-0.0940554,-0.0506175,0.0790211,0.121218,-1.11567,-0.573691,0.478139,0.218831,0.220553,-0.199779,-0.197184,-0.362608,0.120236,0.0347916,-0.513164,0.0768188,-0.244804,-0.260283,0.859039,0.150941,-0.830923,0.625383,-0.288035,-0.19245,-0.342137,-0.553635,-0.0562001,0.295068,-0.0570828,-0.145687,1.54849,1.21506,0.820009,0.471753,-0.533341,0.583995,0.349115,0.446099,1.70453,-0.478996,0.487218,0.0899798,0.225057,0.173962,-1.49428,-0.13245,0.0175821,-1.25486,2.1553,0.139171,-0.735572,-0.076334,-0.719484,0.088865,0.11861,-0.362029,0.426638,1.09042,1.66233,0.0548714,0.592725,-0.186905,-2.70842,-1.32695,1.34116,-0.268227,4.44679,-0.048858,1.07446,1.25829,-0.438755,0.644324,1.01575,1.41486,-0.0764882,0.749035,-0.193043,-2.65401,-1.16841,1.16581,-0.0508574,4.60421,0.244648,1.22819,0.978371,-0.633691,0.418139,0.218831,0.220553,-0.199779,-0.197184,-0.362609,0.120236,0.0347916,-0.513164,0.226819,-0.394804,-0.260283,0.979039,0.270941,-0.830923,0.625383,-0.348035,-0.25245,-0.592137,-0.803635,-0.0562001,0.295068,-0.0570828,-0.145687,-0.241014,0.153319,0.218085,0.332466,0.0109743,0.123266,-0.340171,0.118545,-0.0373811,-0.541684,0.381024,-0.578073,-0.26539,0.790581,-0.0141137,-0.91454,0.599335,1.11634,-0.084429,-0.472166,-0.816994,0.214892,0.251658,-0.0685588,-0.143412,0.997047,-0.0249259,-0.0116203,-0.0716974,0.734097,-0.0501835,0.0178253,-0.676953
-0.457711,0.361764,0.147589,0.0948928,0.178404,0.112189,-0.317658,0,0.119471,-0.205788,0.380536,-0.577431,0,0.108954,0.13024,-0.916766,0.585557,-0.0509186,-0.424615,-0.470941,-0.824792,-0.233186,0.00968742,-0.0639316,-0.138905,0.0662522,1.34894,0.334101,-0.101431,0.217339,0.003509,0.10199,0,0.709972,0.736257,0.0205241,-0.230317,0,-2.05449,0.0664389,-0.0134317,-0.34067,-0.495843,-0.705319,0.00711725,-0.496676,-0.985918,0.413367,0.08938,0.0435323,0,0,0,0.995375,-0.0162281,0.0103703,0.99802,-0.0955091,-0.0607613,0.149908,0.0596205,-0.913371,-0.541976,0.505751,0.231228,0.227232,-0.20861,-0.183597,-0.354846,0.137982,0.0670339,-0.524878,0.0880632,-0.244351,-0.243722,0.861831,0.117522,-0.831112,0.625314,-0.313313,-0.148198,-0.341071,-0.56534,-0.0579217,0.278737,-0.0514099,-0.142891,1.59522,1.46957,0.446599,0.210113,-0.377097,0.737204,0.416909,1.21627,1.51465,-0.674621,0.612571,-0.040233,1.25706,0.10826,-1.74318,0.107932,-0.0273028,-1.27049,2.21861,-0.0291885,-0.472597,-0.116955,-0.908474,0.500886,0.117239,-0.438755,0.644324,1.01575,1.41486,-0.0764882,0.749035,-0.193043,-2.65401,-1.16841,1.16581,-0.0508574,4.60421,0.244648,1.22819,0.978371,-0.38205,0.668959,1.03426,1.30277,-0.0483794,0.791751,-0.248206,-2.6355,-1.13054,1.19572,0.0672781,4.54662,0.932941,1.53745,0.694551,-0.601976,0.445751,0.231228,0.227232,-0.20861,-0.183597,-0.354846,0.137982,0.0670339,-0.524878,0.238063,-0.394351,-0.243722,0.981831,0.237522,-0.831112,0.625314,-0.373313,-0.208198,-0.591071,-0.81534,-0.0579217,0.278737,-0.0514099,-0.142891,-0.279377,0.262162,0.203151,0.282971,-0.0152976,0.119293,-0.331246,0.149807,-0.0386085,-0.530802,0.381077,-0.578906,-0.233682,0.702906,0.0945713,-0.916143,0.593379,1.08922,0.0623239,-0.472355,-0.821418,0.245638,0.195674,-0.0663714,-0.140815,0.996334,-0.022271,-0.0121585,-0.0816933,0.728231,-0.0515874,0.0202139,-0.683089
-0.446875,0.377138,0.132759,0.0590304,0.15217,0.0988244,-0.294747,0,0.129227,-0.222147,0.378806,-0.571342,0,0.110301,0.133527,-0.915427,0.574004,0.0111547,-0.420676,-0.466321,-0.826067,-0.147344,0.0227615,-0.0609873,-0.13837,0.208913,1.17487,0.0114164,-0.608938,-0.241372,-0.198014,0.415059,0,0.643332,0.269989,-0.0115826,-0.0698784,0,-1.41795,0.09581,0.0106759,-0.411773,0.584009,-0.434648,0.0742774,-0.366798,0.597489,0.485468,0.106731,0.0384993,0,0,0,0.99503,-0.0316824,0.0253492,0.997394,-0.0962975,-0.0648184,0.201695,0.0329716,-0.66558,-0.51036,0.535297,0.236255,0.228668,-0.215893,-0.166624,-0.345119,0.167362,0.094981,-0.541167,0.100826,-0.246597,-0.217341,0.863637,0.0841528,-0.832748,0.623163,-0.338243,-0.0997477,-0.337367,-0.572532,-0.0590398,0.266699,-0.0475567,-0.14052,1.53569,1.43939,0.111921,-0.0326918,-0.350926,0.869532,0.561537,1.57355,1.28719,-0.9069,0.641561,-0.187533,1.12204,0.0857173,-1.55506,-0.00944511,-0.171749,-1.21484,2.54312,0.229294,-0.278536,0.00840627,-0.383097,0.366772,0.0930974,-0.38205,0.668959,1.03426,1.30277,-0.0483794,0.791751,-0.248206,-2.6355,-1.13054,1.19572,0.0672781,4.54662,0.932941,1.53745,0.694551,-0.355721,0.73077,0.994229,1.03455,0.1749,0.850466,-0.479627,-2.6201,-1.26051,1.01029,0.309612,4.11766,2.17123,1.93403,0.275721,-0.57036,0.475297,0.236255,0.228668,-0.215893,-0.166624,-0.345119,0.167362,0.094981,-0.541167,0.250826,-0.396597,-0.217341,0.983637,0.204153,-0.832748,0.623163,-0.398243,-0.159748,-0.587367,-0.822532,-0.0590398,0.266699,-0.0475567,-0.14052,-0.251025,0.27448,0.206851,0.260554,-0.00967588,0.112189,-0.317658,0.15835,-0.0496411,-0.5271,0.380536,-0.577431,-0.226108,0.71786,0.153639,-0.916766,0.585557,1.06316,0.40647,-0.470941,-0.824792,0.30749,0.13891,-0.0639316,-0.138905,0.99575,-0.0193996,-0.0130626,-0.0890774,0.728231,-0.0515874,0.0202139,-0.683089
-0.451967,0.375126,0.120079,0.0162004,0.112136,0.0875916,-0.2706,0,0.128841,-0.238826,0.374096,-0.5587,0,0.143095,0.180638,-0.905479,0.568746,0.0536401,-0.422447,-0.46413,-0.816165,-0.0448003,0.0405606,-0.0604257,-0.139096,0.06987,0.792228,-0.182213,-1.06871,-0.769466,-0.307101,0.65275,0,0.444531,-0.0611977,-0.078759,0.140716,0,-0.500651,0.773742,0.156703,-0.367107,1.04609,-0.330812,0.084857,-0.108229,1.9564,0.606814,0.0831358,0.0160662,0,0,0,0.991628,-0.061615,0.0580189,0.997711,-0.115359,-0.0278528,0.242054,0.00587649,-0.168765,-0.480219,0.562157,0.232765,0.223855,-0.222497,-0.147778,-0.330602,0.199157,0.115099,-0.565342,0.113545,-0.251516,-0.220623,0.863067,0.0589604,-0.836933,0.617129,-0.361113,-0.0377742,-0.325672,-0.57589,-0.0584913,0.275678,-0.0476722,-0.139106,1.46968,1.23162,-0.419946,-0.399494,-0.31167,1.03714,0.850291,1.50626,0.783521,-1.39477,0.637033,-0.289167,-1.1917,-0.11886,-0.977792,-0.412998,-0.374532,-1.06991,3.48014,0.876429,-0.0750351,0.0792887,1.00097,-0.282372,0.0474374,-0.355721,0.73077,0.994229,1.03455,0.1749,0.850466,-0.479627,-2.6201,-1.26051,1.01029,0.309612,4.11766,2.17123,1.93403,0.275721,-0.15386,0.639604,0.563095,1.08301,0.0057202,0.798615,-0.790813,-2.60033,-1.47714,0.697216,0.204805,3.00073,3.2671,2.33206,0.0929535,-0.540219,0.502157,0.232765,0.223855,-0.222497,-0.147778,-0.330602,0.199157,0.115099,-0.565342,0.263545,-0.401516,-0.220623,0.983067,0.17896,-0.836933,0.617129,-0.421113,-0.0977742,-0.575672,-0.82589,-0.0584913,0.275678,-0.0476722,-0.139106,-0.23786,0.305385,0.198846,0.206909,0.03498,0.0988244,-0.294747,0.170093,-0.0959253,-0.524019,0.378806,-0.571342,-0.252101,0.625145,0.274806,-0.915427,0.574004,1.04102,1.02562,-0.466321,-0.826067,0.386806,0.0551442,-0.0609873,-0.13837,0.995452,-0.0166981,-0.0139654,-0.0927455,0.737764,-0.0313165,0.0136851,-0.674193
-0.465021,0.364421,0.108473,-0.0301133,0.0652028,0.0774249,-0.245835,0,0.123382,-0.255666,0.367896,-0.542781,0,0.191613,0.249662,-0.891225,0.566636,0.0863316,-0.427072,-0.463154,-0.800675,0.0660939,0.0607222,-0.0610554,-0.140452,-0.146912,0.39399,-0.301629,-1.4428,-1.24263,-0.367472,0.828404,0,0.229294,-0.295427,-0.148133,0.337277,0,0.377311,1.57698,0.323499,-0.288622,1.22263,-0.300944,0.0740475,0.156598,3.03289,0.727195,0.0487488,-0.00909192,0,0,0,0.988998,-0.0668851,0.0691267,0.99753,-0.13078,0.0214613,0.30573,-0.0346691,0.341312,-0.449,0.585805,0.216358,0.211739,-0.228154,-0.121073,-0.311093,0.222296,0.126397,-0.596478,0.125818,-0.256471,-0.273728,0.855241,0.042331,-0.846854,0.608825,-0.380189,0.0521427,-0.302257,-0.573233,-0.056258,0.318825,-0.0530374,-0.138847,1.6363,1.12715,-1.14971,-0.752768,-0.26121,1.63279,1.05868,0.77408,0.420036,-1.56447,0.587557,-0.208187,-3.39175,-0.619026,-0.723533,-0.648229,-0.41648,-0.82678,5.26462,1.37712,0.286436,0.141806,2.87343,-0.341119,-0.00255465,-0.15386,0.639604,0.563095,1.08301,0.0057202,0.798615,-0.790813,-2.60033,-1.47714,0.697216,0.204805,3.00073,3.2671,2.33206,0.0929535,-0.156685,0.553596,0.316944,1.2541,-0.40122,0.951384,-1.0825,-2.45383,-1.51155,0.663704,0.208856,1.90572,3.40295,2.62811,-0.186781,-0.509,0.525805,0.216358,0.211739,-0.228154,-0.121073,-0.311093,0.222296,0.126397,-0.596478,0.275818,-0.40647,-0.273728,0.975241,0.162331,-0.846854,0.608825,-0.440189,-0.00785727,-0.552257,-0.823233,-0.056258,0.318825,-0.0530374,-0.138847,-0.13693,0.259802,0.112619,0.216601,0.00114404,0.0875916,-0.2706,0.159723,-0.158163,-0.520066,0.374096,-0.5587,-0.295427,0.468608,0.222402,-0.905479,0.568746,1.02539,1.57355,-0.46413,-0.816165,0.466413,0.0185907,-0.0604257,-0.139096,0.99562,-0.0143369,-0.0148918,-0.091174,0.743068,-0.00689239,0.00114374,-0.669179
-0.466993,0.330363,0.11025,-0.0506009,0.0128471,0.0734806,-0.219425,0,0.137355,-0.244346,0.359704,-0.522427,0,0.255255,0.39243,-0.8762,0.576855,0.0991417,-0.424746,-0.464263,-0.77113,0.0857511,0.0862661,-0.0633401,-0.130393,-0.132418,-0.235075,-0.184485,-1.31727,-1.65518,-0.316394,0.976037,0,0.3701,-0.0370119,-0.22658,0.541407,0,1.21874,3.2454,0.451825,-0.0487621,1.04799,-0.175776,0.0351901,0.552793,2.41788,0.892194,-0.000146164,0.144515,0,0,0,0.989627,-0.0554808,0.0570772,0.998335,-0.131836,0.015754,0.303213,0.0249242,0.744771,-0.416046,0.603525,0.186013,0.194116,-0.233031,-0.081172,-0.288866,0.229422,0.131363,-0.617058,0.136249,-0.259524,-0.33117,0.837621,0.0329691,-0.859471,0.600643,-0.393187,0.163794,-0.27282,-0.563971,-0.0526183,0.366405,-0.0582096,-0.139555,1.64624,0.660845,-1.80797,-0.978393,-0.182641,2.25589,1.16953,0.02036,0.0841051,-0.415302,0.463028,-0.120499,-1.97816,-1.09973,-0.236139,-0.590942,-0.393902,-0.507428,5.41378,1.49512,0.573909,0.212973,1.01854,-0.173402,-0.041375,-0.156685,0.553596,0.316944,1.2541,-0.40122,0.951384,-1.0825,-2.45383,-1.51155,0.663704,0.208856,1.90572,3.40295,2.62811,-0.186781,-0.301358,0.595807,0.178657,1.75938,-1.25364,1.01248,-1.28471,-2.40951,-1.28161,0.514525,0.542964,1.08706,3.78689,3.22526,-0.422801,-0.476046,0.543525,0.186013,0.194116,-0.233031,-0.081172,-0.288866,0.229422,0.131363,-0.617058,0.286249,-0.409524,-0.33117,0.957621,0.152969,-0.859471,0.600643,-0.453187,0.103794,-0.52282,-0.813971,-0.0526183,0.366405,-0.0582096,-0.139555,-0.138343,0.216798,0.0633888,0.250819,-0.0802439,0.0774249,-0.245835,0.190277,-0.2165,-0.490765,0.367896,-0.542781,-0.302309,0.451852,0.224428,-0.891225,0.566636,0.89286,1.64148,-0.463154,-0.800675,0.525623,-0.0373562,-0.0610554,-0.140452,0.99617,-0.0122459,-0.0154791,-0.085176,0.743068,-0.00689239,0.00114374,-0.669179
-0.463796,0.294774,0.110034,-0.07184,-0.0383191,0.0680422,-0.192681,0,0.151346,-0.229518,0.352152,-0.500732,0,0.316072,0.539268,-0.862615,0.589455,0.0972003,-0.404173,-0.464457,-0.737859,0.107626,0.117606,-0.0685729,-0.119505,-0.0447301,-0.698397,-0.132378,-1.24068,-1.92612,-0.303052,1.08438,0,0.468939,0.196514,-0.271881,0.704403,0,1.76539,4.47435,0.520055,0.154872,0.704476,0.185556,0.0217229,0.886012,2.02065,1.09464,-0.078594,0.264476,0,0,0,0.991673,-0.0161682,0.0225368,0.998566,-0.126795,0.0510347,0.237303,0.187126,0.912301,-0.383558,0.605492,0.146014,0.173415,-0.24037,-0.0315654,-0.264941,0.221952,0.13122,-0.611224,0.143051,-0.261584,-0.316354,0.810115,0.041789,-0.86803,0.594452,-0.400356,0.272056,-0.244214,-0.548516,-0.0474838,0.368401,-0.0613636,-0.135243,1.59584,-0.395624,-2.10993,-1.06621,-0.549856,2.59803,1.23902,-0.651131,-0.0767486,0.789868,0.237376,-0.111121,2.77233,-1.59415,1.01449,-0.323797,-0.243375,-0.22916,5.61215,1.34916,0.893811,0.26745,-0.262767,-0.119588,0.256167,-0.301358,0.595807,0.178657,1.75938,-1.25364,1.01248,-1.28471,-2.40951,-1.28161,0.514525,0.542964,1.08706,3.78689,3.22526,-0.422801,-0.364839,0.624077,-0.0555317,2.21983,-1.70008,1.00343,-1.38798,-2.0211,-1.06308,0.208391,0.948048,0.745567,3.42436,3.63312,-0.567567,-0.443558,0.545492,0.146014,0.173415,-0.24037,-0.0315654,-0.264941,0.221952,0.13122,-0.611224,0.293051,-0.411584,-0.316354,0.930115,0.161789,-0.86803,0.594452,-0.460356,0.212056,-0.494214,-0.798516,-0.0474838,0.368401,-0.0613636,-0.135243,-0.210679,0.237903,0.0357313,0.351875,-0.250728,0.0734806,-0.219425,0.202497,-0.256942,-0.481902,0.359704,-0.522427,-0.256322,0.377262,0.391482,-0.8762,0.576855,0.483531,1.83345,-0.464263,-0.77113,0.645052,-0.0845603,-0.0633401,-0.130393,0.996918,-0.0106051,-0.0146408,-0.0763422,0.737433,0.00779487,-0.0147817,-0.675214
-0.450259,0.25612,0.105833,-0.0945819,-0.0871065,0.0596153,-0.165271,0,0.165374,-0.207672,0.345882,-0.476357,0,0.371242,0.694246,-0.851909,0.60682,0.0657561,-0.347105,-0.46282,-0.697138,0.133938,0.160539,-0.0797018,-0.10696,0.171736,-1.06867,-0.155691,-1.2096,-2.08009,-0.33854,1.17021,0,0.538674,0.465252,-0.284368,0.858708,0,2.06332,5.45672,0.524617,0.368881,0.0214706,0.985919,0.039763,1.23103,1.80913,1.41024,-0.22195,0.373316,0,0,0,0.992707,-0.000295171,0.00593869,0.998903,-0.120407,0.0468343,0.144156,0.455436,0.693804,-0.35259,0.578665,0.105357,0.152805,-0.261301,0.0205317,-0.240967,0.2045,0.131906,-0.577038,0.144903,-0.263801,-0.224635,0.772852,0.0848115,-0.871444,0.591999,-0.401713,0.397482,-0.219876,-0.52645,-0.0422395,0.356375,-0.0652989,-0.126697,1.4797,-2.1424,-1.94613,-1.00607,-1.42852,2.5378,1.17562,-0.964693,0.108787,2.40935,-0.00896768,-0.123312,5.20073,-2.05145,3.05979,-0.0898068,-0.0420023,0.0669009,7.25662,1.09031,1.21595,0.26683,-1.05163,-0.181023,0.395967,-0.364839,0.624077,-0.0555317,2.21983,-1.70008,1.00343,-1.38798,-2.0211,-1.06308,0.208391,0.948048,0.745567,3.42436,3.63312,-0.567567,-0.186938,0.497443,-0.072368,3.03412,-1.54858,0.909836,-1.43668,-1.57508,-0.983094,0.0770099,1.25682,0.824561,2.7284,3.9513,0.098777,-0.41259,0.518665,0.105357,0.152805,-0.261301,0.0205317,-0.240967,0.2045,0.131906,-0.577038,0.294903,-0.413801,-0.224635,0.892853,0.204812,-0.871444,0.591999,-0.461713,0.337482,-0.469876,-0.77645,-0.0422395,0.356375,-0.0652989,-0.126697,-0.24242,0.252038,-0.0111063,0.443965,-0.340016,0.0680422,-0.192681,0.200687,-0.277596,-0.40422,0.352152,-0.500732,-0.212616,0.224196,0.594024,-0.862615,0.589455,0.312784,1.65218,-0.464457,-0.737859,0.726623,-0.113513,-0.0685729,-0.119505,0.997571,-0.00911749,-0.0114896,-0.0680963,0.737433,0.00779487,-0.0147817,-0.675214
-0.422566,0.208504,0.0979608,-0.117769,-0.130356,0.0464831,-0.140607,0,0.177348,-0.180459,0.341625,-0.451499,0,0.403653,0.854275,-0.854068,0.627834,0.0299277,-0.278078,-0.462893,-0.651304,0.151877,0.193093,-0.0866906,-0.0953953,0.535618,-1.46232,-0.227061,-1.19453,-2.10481,-0.433962,1.18911,0,0.556681,0.733872,-0.262915,0.973967,0,1.93048,6.22013,0.334852,0.573433,-0.522398,1.72555,0.0267415,1.54922,1.53548,1.47548,-0.260197,0.434788,0,0,0,0.995621,0.0188916,-0.0109583,0.996201,-0.0928394,0.0850094,0.0148403,0.6818,0.183907,-0.32474,0.511471,0.0736059,0.136004,-0.295422,0.0663611,-0.218626,0.1854,0.13928,-0.49309,0.14394,-0.26529,-0.14364,0.729186,0.177351,-0.871563,0.593791,-0.397933,0.597555,-0.201424,-0.497957,-0.037412,0.298601,-0.0729038,-0.115767,1.30291,-4.24948,-1.33625,-0.733993,-1.81196,2.05418,1.09454,-0.866276,0.512237,5.26092,-0.0483552,-0.0359,2.492,-2.24011,5.86282,0.032267,0.17883,0.277223,11.8752,0.777597,1.52743,0.252213,-4.19075,-0.368672,0.486172,-0.186938,0.497443,-0.072368,3.03412,-1.54858,0.909836,-1.43668,-1.57508,-0.983094,0.0770099,1.25682,0.824561,2.7284,3.9513,0.098777,0.00863536,0.348939,0.155374,3.79477,-1.39002,0.59667,-0.724661,-1.42943,-1.10311,0.107902,1.65852,1.54856,0.712866,4.22175,0.625935,-0.38474,0.451471,0.0736059,0.136004,-0.295422,0.0663611,-0.218626,0.1854,0.13928,-0.49309,0.29394,-0.41529,-0.14364,0.849186,0.297351,-0.871563,0.593791,-0.457933,0.537555,-0.451424,-0.747957,-0.037412,0.298601,-0.0729038,-0.115767,-0.153469,0.188722,-0.0144736,0.606823,-0.309717,0.0596153,-0.165271,0.181967,-0.287335,-0.315016,0.345882,-0.476357,-0.196619,0.158505,0.748408,-0.851909,0.60682,0.35228,1.3042,-0.46282,-0.697138,0.790259,0.0197554,-0.0797018,-0.10696,0.997905,-0.00752225,-0.00574687,-0.064002,0.73441,0.017734,-0.0350023,-0.677571
-0.387794,0.156406,0.0882539,-0.141179,-0.170837,0.0309981,-0.117316,0,0.188295,-0.150563,0.338374,-0.4264,0,0.424683,1.01683,-0.862659,0.650673,-0.00809299,-0.203072,-0.463821,-0.602915,0.16563,0.220458,-0.0916094,-0.0843213,0.896513,-1.80509,-0.304545,-1.18732,-2.08057,-0.536048,1.18175,0,0.553882,0.962158,-0.232802,1.05827,0,1.66679,6.79239,0.105538,0.743992,-0.935988,2.33297,0.00480199,1.8103,1.28112,1.44331,-0.255919,0.47046,0,0,0,0.998254,0.0169578,-0.0100688,0.992738,-0.0582091,0.119097,-0.0869852,0.665854,-0.573754,-0.2963,0.406813,0.0591534,0.126278,-0.335033,0.100459,-0.195004,0.16614,0.159039,-0.376938,0.143591,-0.264353,-0.154652,0.682304,0.3317,-0.871681,0.600291,-0.390848,0.71117,-0.188573,-0.46295,-0.0340824,0.222005,-0.0808554,-0.104263,1.54319,-5.84935,-0.30857,-0.337467,-2.02466,1.43543,1.27829,-1.01799,1.29033,5.83153,0.0219243,0.111325,-2.76257,-2.41253,8.96229,-0.0370286,0.430196,0.397671,0.56053,0.528656,1.86531,0.10117,-3.30458,-0.326958,0.489837,0.00863536,0.348939,0.155374,3.79477,-1.39002,0.59667,-0.724661,-1.42943,-1.10311,0.107902,1.65852,1.54856,0.712866,4.22175,0.625935,-0.221255,0.472095,0.19148,3.86097,-1.05305,0.380935,-0.0832891,-1.12531,-1.32434,-0.0820239,2.07167,2.04972,0.831698,4.09781,0.791772,-0.3563,0.346813,0.0591534,0.126278,-0.335033,0.100459,-0.195004,0.16614,0.159039,-0.376938,0.293591,-0.414353,-0.154652,0.802304,0.4517,-0.871681,0.600291,-0.450848,0.65117,-0.438573,-0.71295,-0.0340824,0.222005,-0.0808554,-0.104263,-0.0556823,0.114469,0.0310747,0.758955,-0.278003,0.0464831,-0.140607,0.119334,-0.144932,-0.285886,0.341625,-0.451499,-0.220623,0.173951,0.949258,-0.854068,0.627834,0.714282,0.296433,-0.462893,-0.651304,0.844349,0.125187,-0.0866906,-0.0953953,0.99777,-0.00603925,0.00101246,-0.0664616,0.732957,0.0234481,-0.0546467,-0.677671
-0.346469,0.0806689,0.0821148,-0.155759,-0.201871,0.00738198,-0.10206,0,0.198591,-0.113506,0.33727,-0.403396,0,0.420079,1.16392,-0.882123,0.683361,-0.0395967,-0.0970311,-0.465101,-0.555567,0.168181,0.217288,-0.0903956,-0.0789123,1.24743,-2.39962,-0.305269,-1.04982,-1.92192,-0.729475,1.05606,0,0.542153,1.22937,-0.179522,1.08584,0,1.09769,6.96104,-0.218093,1.01112,-1.12775,3.22369,-0.015845,1.97743,0.93505,0.962759,-0.160937,0.410458,0,0,0,0.998908,0.00309511,0.00248711,0.992865,-0.0466508,0.119207,-0.0459031,0.508048,-0.483982,-0.263863,0.282543,0.0557081,0.119782,-0.370367,0.122383,-0.167285,0.140761,0.185047,-0.266832,0.145636,-0.259714,-0.249231,0.632981,0.530635,-0.874106,0.61217,-0.381503,0.659086,-0.180465,-0.421777,-0.033126,0.17399,-0.0871488,-0.0929632,1.67892,-6.24798,-0.241742,-0.379518,-1.44593,0.846297,1.49855,-1.43384,1.13179,5.00855,0.180524,0.337737,-5.43287,-2.49807,10.4341,-0.169998,0.69884,0.518157,-4.26778,0.308082,2.14523,0.0152495,-1.71771,-0.249862,0.478084,-0.221255,0.472095,0.19148,3.86097,-1.05305,0.380935,-0.0832891,-1.12531,-1.32434,-0.0820239,2.07167,2.04972,0.831698,4.09781,0.791772,-0.421551,0.360405,0.203413,4.21969,-1.44466,0.238727,-0.0347471,-0.677349,-1.44457,-0.196123,2.21159,2.48299,0.901376,4.18552,0.709677,-0.323863,0.222543,0.0557081,0.119782,-0.370367,0.122383,-0.167285,0.140761,0.185047,-0.266832,0.295636,-0.409714,-0.249231,0.752981,0.650635,-0.874106,0.61217,-0.441503,0.599086,-0.430465,-0.671777,-0.033126,0.17399,-0.0871488,-0.0929632,-0.170627,0.176047,0.038296,0.772193,-0.210611,0.0309981,-0.117316,0.0761869,-0.0166578,-0.225063,0.338374,-0.4264,-0.264869,0.0789881,1.15584,-0.862659,0.650673,0.964862,0.355849,-0.463821,-0.602915,0.819561,0.158354,-0.0916094,-0.0843213,0.997319,-0.00468227,0.00664159,-0.0727293,0.732957,0.0234481,-0.0546467,-0.677671
-0.304551,0.00667988,0.0726507,-0.168495,-0.239318,-0.0182486,-0.0882375,0,0.20561,-0.0908364,0.337164,-0.381123,0,0.411246,1.2959,-0.903058,0.718221,-0.0673589,0.00973008,-0.466661,-0.509248,0.169245,0.216625,-0.0872265,-0.0745729,1.50197,-2.78957,-0.355649,-0.925914,-1.90705,-0.895091,0.946577,0,0.484799,1.20059,-0.127254,1.09419,0,0.63589,6.85245,-0.466686,1.23068,-1.20586,3.858,-0.0344826,2.07898,0.670503,0.663997,-0.0651196,0.352412,0,0,0,0.999523,0.0178477,-0.0141371,0.989993,-0.0274574,0.139983,0.00178054,0.400549,0.193966,-0.231365,0.160374,0.0468068,0.110496,-0.389506,0.132479,-0.135625,0.103152,0.200383,-0.177224,0.151381,-0.249755,-0.338589,0.582511,0.740681,-0.880317,0.630375,-0.369501,0.56751,-0.176134,-0.37598,-0.032952,0.149716,-0.0895046,-0.0846022,1.58773,-5.80949,-0.696972,-0.541469,-0.541658,0.245651,1.68097,-2.19277,0.380011,3.89268,0.374777,0.634528,-3.01196,-2.55592,10.3306,-0.3866,1.03598,0.66487,-4.40021,0.150646,2.33692,-0.0227262,-0.876431,-0.0551963,0.316708,-0.421551,0.360405,0.203413,4.21969,-1.44466,0.238727,-0.0347471,-0.677349,-1.44457,-0.196123,2.21159,2.48299,0.901376,4.18552,0.709677,-0.222216,0.07533,0.110366,4.64878,-1.86842,0.109543,0.336698,-0.126653,-1.53155,-0.0883183,2.19446,2.62993,0.922486,4.05598,0.766328,-0.291365,0.100374,0.0468068,0.110496,-0.389506,0.132479,-0.135625,0.103152,0.200383,-0.177224,0.301381,-0.399755,-0.338589,0.702511,0.860681,-0.880317,0.630375,-0.429501,0.50751,-0.426134,-0.62598,-0.032952,0.149716,-0.0895046,-0.0846022,-0.270775,0.120202,0.0406827,0.843939,-0.288932,0.00738198,-0.10206,0.0477454,-0.00694942,-0.13547,0.33727,-0.403396,-0.288914,0.0219384,1.22579,-0.882123,0.683361,1.0844,0.390688,-0.465101,-0.555567,0.837105,0.141935,-0.0903956,-0.0789123,0.997176,-0.00351665,0.0108934,-0.0742199,0.726108,0.0278063,-0.0667809,-0.683765
-0.261447,-0.0638128,0.0565368,-0.177542,-0.289591,-0.047908,-0.0772824,0,0.206077,-0.0969431,0.339055,-0.36031,0,0.393954,1.39766,-0.926933,0.757426,-0.0876378,0.117933,-0.468778,-0.46499,0.167336,0.22098,-0.0801468,-0.0723726,1.69794,-3.01009,-0.490664,-0.783843,-2.08902,-1.07145,0.826932,0,0.346362,0.748814,-0.0607171,1.07812,0,0.185748,6.32314,-0.684806,1.44954,-1.14828,4.32364,-0.0558996,2.11917,0.440716,0.530115,0.0606118,0.279692,0,0,0,0.999592,0.0217348,-0.0189428,0.990063,-0.0213863,0.138936,0.0110344,0.203263,0.194641,-0.195702,0.0499011,0.0356891,0.101011,-0.392388,0.132328,-0.100856,0.0548157,0.210007,-0.101436,0.159838,-0.233626,-0.355962,0.529012,0.935731,-0.890918,0.655933,-0.355419,0.497212,-0.173753,-0.326659,-0.0341778,0.140191,-0.0884758,-0.0787895,1.98285,-5.17117,-0.471765,-0.420403,0.171117,-0.180989,1.81098,-2.46415,0.543406,3.58246,0.451984,0.940972,0.759328,-2.7921,9.14066,-0.597153,1.40744,0.739056,-2.69091,0.0946532,2.49227,-0.110258,-0.207267,0.0705581,0.228061,-0.222216,0.07533,0.110366,4.64878,-1.86842,0.109543,0.336698,-0.126653,-1.53155,-0.0883183,2.19446,2.62993,0.922486,4.05598,0.766328,-0.110972,-0.189959,0.0674885,4.9676,-1.86478,0.00975383,0.492089,0.064448,-1.56818,-0.0370263,2.27885,2.87256,0.905544,3.98896,0.734468,-0.255702,-0.0100989,0.0356891,0.101011,-0.392388,0.132328,-0.100856,0.0548157,0.210007,-0.101436,0.309838,-0.383626,-0.355962,0.649012,1.05573,-0.890918,0.655933,-0.415419,0.437212,-0.423753,-0.576659,-0.0341778,0.140191,-0.0884758,-0.0787895,-0.171108,-0.022335,0.0220732,0.929757,-0.373683,-0.0182486,-0.0882375,0.0219087,0.0673395,-0.0253306,0.337164,-0.381123,-0.30631,0.0758408,1.21723,-0.903058,0.718221,1.10374,0.401243,-0.466661,-0.509248,0.811196,0.153266,-0.0872265,-0.0745729,0.997319,-0.0027761,0.0138611,-0.0718022,0.726108,0.0278063,-0.0667809,-0.683765
-0.222559,-0.122259,0.0330157,-0.181649,-0.313414,-0.0773099,-0.060752,0,0.194362,-0.0990081,0.343146,-0.340285,0,0.383041,1.46082,-0.947573,0.788482,-0.108139,0.154193,-0.47208,-0.429961,0.164363,0.222426,-0.0643786,-0.077029,1.77188,-2.98375,-0.69628,-0.610299,-1.81967,-1.19105,0.826807,0,0.0667335,0.493195,0.0188687,1.05506,0,-0.0336729,5.37361,-0.788958,1.48053,-1.11132,3.57045,-0.0886567,2.00884,0.26391,0.392773,0.278952,0.125939,0,0,0,0.999502,0.0306678,-0.0292454,0.988723,-0.0118498,0.14658,-0.0467738,-0.0155706,0.0629574,-0.151154,-0.0462719,0.029962,0.0948271,-0.381479,0.124275,-0.0639495,0.00701006,0.22418,-0.0339932,0.169449,-0.211504,-0.321304,0.469976,1.1025,-0.905665,0.688513,-0.339581,0.461391,-0.172386,-0.275629,-0.0375688,0.138665,-0.0840837,-0.0750654,2.40959,-4.4245,-0.218418,-0.231251,0.835999,-0.566688,1.89269,-2.21741,0.751416,3.03484,0.501134,1.23457,2.03774,-3.07502,7.62476,-0.791476,1.72732,0.845007,-1.10372,0.0423667,2.5177,-0.196716,-0.00841958,0.218755,0.140084,-0.110972,-0.189959,0.0674885,4.9676,-1.86478,0.00975383,0.492089,0.064448,-1.56818,-0.0370263,2.27885,2.87256,0.905544,3.98896,0.734468,0.0486072,-0.502195,0.0268143,4.95496,-1.8163,0.0112565,0.802446,0.13377,-1.50521,0.159305,2.35372,3.31009,0.795706,3.81617,0.737996,-0.211154,-0.106272,0.029962,0.0948271,-0.381479,0.124275,-0.0639495,0.00701006,0.22418,-0.0339932,0.319449,-0.361504,-0.321304,0.589976,1.2225,-0.905665,0.688513,-0.399581,0.401391,-0.422386,-0.525629,-0.0375688,0.138665,-0.0840837,-0.0750654,-0.115486,-0.154979,0.0134977,0.99352,-0.372956,-0.047908,-0.0772824,0.00195077,0.0984177,0.0128896,0.339055,-0.36031,-0.313636,0.101487,1.25942,-0.926933,0.757426,1.12153,0.392772,-0.468778,-0.46499,0.797793,0.146894,-0.0801468,-0.0723726,0.997385,-0.00277076,0.0147187,-0.0707034,0.723332,0.027818,-0.0725877,-0.686111
-0.185778,-0.174681,0.00579121,-0.183286,-0.324014,-0.106583,-0.0414341,0,0.176557,-0.0990523,0.348338,-0.320654,0,0.375317,1.50468,-0.966594,0.815465,-0.128752,0.154481,-0.475974,-0.399549,0.160859,0.222418,-0.0442661,-0.0851137,1.79202,-2.87496,-0.895764,-0.451772,-1.43277,-1.27283,0.868534,0,-0.220369,0.344575,0.0910834,1.03301,0,-0.139428,4.41943,-0.837596,1.44111,-1.08711,2.50364,-0.120471,1.86238,0.132167,0.27482,0.496954,-0.033113,0,0,0,0.999904,0.0135589,-0.0130037,0.99011,-0.00488782,0.139638,-0.181995,-0.1789,-0.103089,-0.0994462,-0.129201,0.0293032,0.0929837,-0.358592,0.108828,-0.0264031,-0.0287081,0.242966,0.0207448,0.179922,-0.184307,-0.285829,0.406336,1.23893,-0.923161,0.725181,-0.321784,0.445874,-0.172643,-0.226871,-0.0432939,0.139072,-0.0736842,-0.075671,2.70267,-3.86947,0.0261797,0.0250148,1.37389,-0.921222,1.86672,-1.35688,1.00463,2.3531,0.546351,1.4503,1.27697,-3.26754,6.13906,-0.879092,1.8387,0.943106,-0.555733,-0.065626,2.29854,-0.467914,0.033452,0.510099,-0.075619,0.0486072,-0.502195,0.0268143,4.95496,-1.8163,0.0112565,0.802446,0.13377,-1.50521,0.159305,2.35372,3.31009,0.795706,3.81617,0.737996,0.110385,-0.752202,-7.58022e-05,4.75591,-1.87721,0.0754929,0.881805,0.231506,-1.38449,0.249101,2.51558,3.78043,0.678743,3.59713,0.703696,-0.159446,-0.189201,0.0293032,0.0929837,-0.358592,0.108828,-0.0264031,-0.0287081,0.242966,0.0207448,0.329922,-0.334307,-0.285829,0.526336,1.35893,-0.923161,0.725181,-0.381784,0.385874,-0.422643,-0.476871,-0.0432939,0.139072,-0.0736842,-0.075671,-0.0356964,-0.311098,0.00536286,0.990991,-0.363261,-0.0773099,-0.060752,0.0022513,0.160489,0.0267539,0.343146,-0.340285,-0.301043,0.199653,1.29686,-0.947573,0.788482,1.14267,0.337853,-0.47208,-0.429961,0.763235,0.147599,-0.0643786,-0.077029,0.997362,-0.00412449,0.0139197,-0.0711248,0.728927,0.0214455,-0.071889,-0.680469
-0.150843,-0.217073,-0.0219907,-0.181801,-0.310324,-0.135324,-0.0133887,0,0.151866,-0.0926512,0.356883,-0.302933,0,0.369351,1.50666,-0.973552,0.817304,-0.148684,0.0924247,-0.489077,-0.389166,0.158693,0.206812,-0.0285547,-0.0981331,1.77845,-2.64835,-1.04376,-0.293962,-0.797586,-1.3221,1.02866,0,-0.524626,0.337219,0.191934,0.988921,0,-0.187097,3.12322,-0.69069,1.03636,-1.05997,0.821699,-0.280874,1.4594,0.0600268,-0.0417112,0.583539,-0.218471,0,0,0,0.999899,0.0126316,-0.0115429,0.989305,-0.00833271,0.145316,-0.328862,-0.205948,-0.0169087,-0.0461864,-0.20355,0.0299394,0.0952507,-0.327602,0.0860837,0.00888295,-0.0430044,0.262312,0.0583919,0.19099,-0.15394,-0.267912,0.34179,1.34796,-0.941398,0.761796,-0.303705,0.431618,-0.175179,-0.184449,-0.0510496,0.138745,-0.0575574,-0.0806018,2.58702,-3.56495,-0.0596204,0.198043,1.65344,-1.29895,1.67716,-0.171674,0.841781,1.38984,0.559867,1.55981,0.557418,-3.178,4.87591,-0.882202,1.75844,0.918133,-0.818693,-0.178008,1.92626,-0.474705,-0.0509139,0.737347,-0.248684,0.110385,-0.752202,-7.58022e-05,4.75591,-1.87721,0.0754929,0.881805,0.231506,-1.38449,0.249101,2.51558,3.78043,0.678743,3.59713,0.703696,0.280762,-1.03293,-0.258727,4.16942,-2.03912,0.136168,1.10852,0.35288,-1.22145,0.401957,2.50856,4.06878,0.455033,2.97377,0.637977,-0.106186,-0.26355,0.0299394,0.0952507,-0.327602,0.0860837,0.00888294,-0.0430044,0.262312,0.0583919,0.34099,-0.30394,-0.267912,0.46179,1.46796,-0.941398,0.761796,-0.363705,0.371618,-0.425179,-0.434449,-0.0510496,0.138745,-0.0575574,-0.0806018,-0.00480725,-0.436101,-1.51604e-05,0.951182,-0.375441,-0.106583,-0.0414341,0.0150986,0.176361,0.0463011,0.348338,-0.320654,-0.276897,0.244551,1.37779,-0.966594,0.815465,1.16537,0.279371,-0.475974,-0.399549,0.719426,0.140739,-0.0442661,-0.0851137,0.997293,-0.00712474,0.0125899,-0.072092,0.728927,0.0214455,-0.071889,-0.680469
-0.113614,-0.257372,-0.0483939,-0.181569,-0.306309,-0.163343,0.0154387,0,0.127763,-0.0932503,0.366536,-0.286228,0,0.358197,1.49987,-0.976274,0.815996,-0.165774,0.0313504,-0.506306,-0.382221,0.156197,0.186908,-0.0150006,-0.105347,1.80334,-2.45833,-1.12668,-0.202286,-0.498077,-1.34575,1.15247,0,-0.728773,0.227066,0.279152,0.942823,0,-0.298272,2.08436,-0.524312,0.705842,-0.998326,-0.340925,-0.455045,1.12575,0.00458138,-0.327759,0.611788,-0.261143,0,0,0,0.999929,-0.0116854,0.0119195,0.990137,-0.000841049,0.139611,-0.403633,-0.147153,0.128714,0.00249271,-0.27429,0.0262093,0.100026,-0.295104,0.0577145,0.0389214,-0.0327578,0.277524,0.0770575,0.20142,-0.123276,-0.250247,0.281423,1.43111,-0.957357,0.792306,-0.286751,0.403416,-0.180808,-0.152109,-0.0592986,0.135525,-0.040847,-0.0898573,2.28274,-3.49342,-0.355988,0.271815,1.55621,-1.49406,1.35397,1.03792,0.630641,0.514005,0.48515,1.49179,1.1189,-2.86194,3.53302,-0.69955,1.30648,0.784785,-1.80149,-0.356228,1.34549,-0.371255,-0.227855,0.697726,-0.440163,0.280762,-1.03293,-0.258727,4.16942,-2.03912,0.136168,1.10852,0.35288,-1.22145,0.401957,2.50856,4.06878,0.455033,2.97377,0.637977,0.457155,-1.29806,-0.474611,3.59345,-2.03945,0.201307,0.989603,0.312507,-1.09521,0.589728,2.53876,4.1919,0.308526,2.4574,0.540441,-0.0575073,-0.33429,0.0262093,0.100026,-0.295104,0.0577145,0.0389214,-0.0327578,0.277524,0.0770575,0.35142,-0.273276,-0.250247,0.401423,1.55111,-0.957357,0.792306,-0.346751,0.343416,-0.430808,-0.402109,-0.0592986,0.135525,-0.040847,-0.0898573,0.0803809,-0.576466,-0.0517455,0.833884,-0.407824,-0.135324,-0.0133887,0.0272335,0.221704,0.0705761,0.356883,-0.302933,-0.24429,0.320979,1.37428,-0.973552,0.817304,1.1822,0.167516,-0.489077,-0.389166,0.594753,0.127595,-0.0285547,-0.0981331,0.997291,-0.011264,0.011893,-0.0717158,0.737639,0.0133394,-0.0697431,-0.671451
-0.0717996,-0.293486,-0.0720396,-0.183842,-0.321642,-0.189917,0.04583,0,0.104839,-0.10785,0.378406,-0.271555,0,0.33667,1.47554,-0.970524,0.808395,-0.177179,-0.0277593,-0.531787,-0.382152,0.153042,0.158407,-0.00576124,-0.100951,1.88956,-2.26254,-1.14336,-0.175694,-0.578656,-1.34064,1.2626,0,-0.85401,-0.0600479,0.373453,0.880076,0,-0.531707,1.09413,-0.280757,0.380075,-0.869899,-1.12529,-0.700743,0.789059,-0.0441233,-0.656943,0.566842,-0.116859,0,0,0,0.999984,-0.00539849,0.005618,0.988997,-0.0010672,0.147839,-0.414202,-0.0313833,0.460221,0.0420067,-0.345058,0.0131435,0.106205,-0.267923,0.0263917,0.0617927,-0.00169776,0.284791,0.0775629,0.210333,-0.0952824,-0.219462,0.230762,1.48699,-0.968976,0.812404,-0.27328,0.357108,-0.190631,-0.131624,-0.0673756,0.127916,-0.0258111,-0.098742,1.70542,-3.55887,-0.920251,0.339388,1.16483,-1.61686,0.978216,1.90335,0.115615,-0.374343,0.404248,1.31339,1.67772,-2.22102,2.16478,-0.476774,0.773239,0.541618,-2.59344,-0.571029,0.776983,-0.363393,-0.465256,0.618252,-0.357602,0.457155,-1.29806,-0.474611,3.59345,-2.03945,0.201307,0.989603,0.312507,-1.09521,0.589728,2.53876,4.1919,0.308526,2.4574,0.540441,0.364679,-1.25226,-0.387059,2.70727,-1.83063,0.181191,1.28865,0.288091,-1.08593,0.572336,2.37054,4.08453,0.169033,1.95474,0.488257,-0.0179933,-0.405058,0.0131435,0.106205,-0.267923,0.0263917,0.0617927,-0.00169776,0.284791,0.0775629,0.360333,-0.245282,-0.219462,0.350762,1.60699,-0.968976,0.812404,-0.33328,0.297108,-0.440631,-0.381624,-0.0673756,0.127916,-0.0258111,-0.098742,0.168578,-0.709031,-0.0949221,0.718689,-0.407889,-0.163343,0.0154387,0.0402614,0.197921,0.0625015,0.366536,-0.286228,-0.219042,0.414864,1.38938,-0.976274,0.815996,1.19249,0.0942629,-0.506306,-0.382221,0.491481,0.108088,-0.0150006,-0.105347,0.997419,-0.0156843,0.0123323,-0.0689772,0.737639,0.0133394,-0.0697431,-0.671451
-0.0294389,-0.328165,-0.0915481,-0.184897,-0.344674,-0.214452,0.0743125,0,0.0860476,-0.13092,0.392618,-0.258855,0,0.307957,1.43421,-0.958522,0.799185,-0.18537,-0.0805971,-0.563668,-0.384752,0.148381,0.127772,-0.00128329,-0.0932618,1.9581,-2.10396,-1.09298,-0.138819,-0.750538,-1.30647,1.31106,0,-0.879675,-0.388081,0.474594,0.80655,0,-0.802884,0.14603,-0.0165039,0.127889,-0.731789,-1.58027,-0.968733,0.513353,-0.10079,-0.919396,0.463959,0.0335408,0,0,0,0.999784,-0.0190659,0.0175972,0.988474,0.011102,0.150185,-0.354725,0.0441039,0.681119,0.0708611,-0.414591,-0.0105226,0.113215,-0.249431,-0.00610539,0.0749575,0.0393853,0.283681,0.0629976,0.217152,-0.0753608,-0.195339,0.193481,1.51056,-0.975422,0.80761,-0.265269,0.300214,-0.2051,-0.11891,-0.0743926,0.117447,-0.0138735,-0.116076,1.25413,-3.37722,-1.41366,0.350699,0.734079,-1.58145,0.229837,2.08034,-0.164752,-0.969186,0.277442,0.569161,0.663573,-1.58152,0.337642,-0.196658,-1.31784,0.270949,-2.93692,-0.817187,0.614004,-0.338632,-0.536311,0.472532,-1.20647,0.364679,-1.25226,-0.387059,2.70727,-1.83063,0.181191,1.28865,0.288091,-1.08593,0.572336,2.37054,4.08453,0.169033,1.95474,0.488257,0.243701,-1.21105,-0.372208,2.07047,-1.6619,0.230706,1.49547,0.315032,-1.09554,0.364747,2.38452,3.98098,-0.0876692,1.552,0.507771,0.0108611,-0.474591,-0.0105226,0.113215,-0.249431,-0.00610539,0.0749575,0.0393853,0.283681,0.0629976,0.367152,-0.225361,-0.195339,0.313481,1.63056,-0.975422,0.80761,-0.325269,0.240214,-0.4551,-0.36891,-0.0743926,0.117447,-0.0138735,-0.116076,0.12234,-0.686131,-0.0774118,0.541455,-0.366126,-0.189917,0.04583,0.0362382,0.25773,0.0576182,0.378406,-0.271555,-0.217186,0.406168,1.30527,-0.970524,0.808395,1.1938,0.0245167,-0.531787,-0.382152,0.390949,0.0976514,-0.00576124,-0.100951,0.997706,-0.0197465,0.0138714,-0.0632413,0.745955,0.00851522,-0.0706967,-0.662179
0.0131947,-0.362126,-0.108988,-0.185344,-0.371555,-0.237967,0.101841,0,0.0693231,-0.158225,0.408,-0.247142,0,0.275652,1.38439,-0.943394,0.789169,-0.191953,-0.130299,-0.598748,-0.388685,0.142969,0.0960684,0.00081396,-0.0839256,2.01017,-1.98219,-1.02668,-0.103877,-0.928593,-1.26725,1.33066,0,-0.86664,-0.681231,0.562957,0.740281,0,-1.04659,-0.645108,0.215359,-0.0607153,-0.611005,-1.85172,-1.20433,0.300349,-0.151743,-1.11913,0.35623,0.163521,0,0,0,0.999659,-0.0215981,0.0190741,0.987847,0.0178565,0.15392,-0.274697,0.120733,0.700568,0.093938,-0.479257,-0.03831,0.11965,-0.237733,-0.0399202,0.0802836,0.0758569,0.280013,0.0413977,0.221852,-0.0673149,-0.199826,0.16468,1.49841,-0.976674,0.793639,-0.262249,0.228688,-0.225027,-0.113649,-0.0819897,0.108831,-0.00617751,-0.107892,1.09132,-3.09654,-1.34177,0.284458,0.478501,-1.77124,0.307929,1.52971,-0.175841,-1.12381,0.185323,0.292233,-0.827323,-1.34052,-1.36454,0.0382569,-0.325008,0.0699792,-3.97859,-1.09851,0.0414604,-0.405903,-0.334596,0.280999,0.702197,0.243701,-1.21105,-0.372208,2.07047,-1.6619,0.230706,1.49547,0.315032,-1.09554,0.364747,2.38452,3.98098,-0.0876692,1.552,0.507771,0.0912948,-1.03525,-0.383191,1.41441,-1.53904,0.289117,1.72255,0.303911,-1.03595,0.265068,2.31137,4.035,-0.0454644,1.06447,0.500773,0.033938,-0.539257,-0.03831,0.11965,-0.237733,-0.0399202,0.0802836,0.0758569,0.280013,0.0413977,0.371852,-0.217315,-0.199826,0.28468,1.61841,-0.976674,0.793639,-0.322249,0.168688,-0.475027,-0.363649,-0.0819897,0.108831,-0.0061775,-0.107892,0.0618505,-0.665524,-0.0744416,0.414093,-0.33238,-0.214452,0.0743125,0.0461413,0.299093,0.0630064,0.392618,-0.258855,-0.219108,0.302373,1.31226,-0.958522,0.799185,1.18828,-0.103835,-0.563668,-0.384752,0.310399,0.101554,-0.00128329,-0.0932618,0.998011,-0.0230018,0.0160052,-0.0564679,0.751242,0.00703073,-0.0706266,-0.6562
0.0523242,-0.392454,-0.12298,-0.184708,-0.390223,-0.258374,0.124717,0,0.0559318,-0.185837,0.42585,-0.237956,0,0.243878,1.30656,-0.925327,0.78121,-0.197456,-0.152813,-0.6387,-0.391664,0.137288,0.0599528,0.00226763,-0.0791833,1.99407,-1.84246,-0.928562,-0.0631728,-0.930027,-1.19318,1.27461,0,-0.807517,-0.891053,0.661814,0.655985,0,-1.20922,-1.61911,0.421756,-0.161884,-0.510247,-1.63391,-1.44231,0.165559,-0.191425,-1.32512,0.271166,0.1856,0,0,0,0.999748,-0.00840501,0.00502344,0.987526,0.021892,0.157232,-0.150606,0.142812,0.701106,0.115357,-0.534495,-0.0641944,0.124038,-0.230544,-0.0763622,0.0886431,0.0984139,0.276539,0.017929,0.224695,-0.0629049,-0.214827,0.139555,1.45151,-0.972804,0.790034,-0.262227,0.152982,-0.250762,-0.116215,-0.0897762,0.104235,-0.00187575,-0.0937983,1.06102,-2.46324,-1.24605,0.15875,0.276072,-1.85447,0.503258,0.767105,-0.167926,-1.18641,0.0958816,0.176614,-0.479314,-1.18323,-3.12167,0.294036,-0.102944,-0.0520628,-3.51195,-1.38722,-0.220759,-0.343339,-0.153062,0.153201,0.557929,0.0912948,-1.03525,-0.383191,1.41441,-1.53904,0.289117,1.72255,0.303911,-1.03595,0.265068,2.31137,4.035,-0.0454644,1.06447,0.500773,0.094568,-1.08849,-0.555305,0.930068,-1.19559,0.391924,1.78561,0.036315,-0.992637,0.216854,2.22717,4.17657,-0.143433,0.629943,0.554293,0.0553571,-0.594495,-0.0641944,0.124038,-0.230544,-0.0763622,0.0886431,0.0984139,0.276539,0.017929,0.374695,-0.212905,-0.214827,0.259555,1.57151,-0.972804,0.790034,-0.322227,0.0929816,-0.500762,-0.366215,-0.0897762,0.104235,-0.00187575,-0.0937983,-0.0143526,-0.577627,-0.0766381,0.282882,-0.307809,-0.237967,0.101841,0.0578234,0.344511,0.0607822,0.408,-0.247142,-0.20719,0.252534,1.27569,-0.943394,0.789169,1.18125,-0.0827322,-0.598748,-0.388685,0.212894,0.100155,0.00081396,-0.0839256,0.998278,-0.025102,0.0184112,-0.0497196,0.751242,0.00703073,-0.0706266,-0.6562
0.0905576,-0.419402,-0.135929,-0.184261,-0.404306,-0.278093,0.146047,0,0.0433184,-0.212533,0.443743,-0.22945,0,0.212855,1.21815,-0.907193,0.773718,-0.203577,-0.167597,-0.678279,-0.394058,0.131912,0.0334251,0.00500723,-0.0770942,1.96935,-1.69394,-0.844233,-0.0375148,-0.862274,-1.13101,1.21217,0,-0.754463,-1.02417,0.73166,0.586778,0,-1.31181,-2.45952,0.567251,-0.225698,-0.44898,-1.36551,-1.6033,0.079977,-0.214643,-1.3255,0.23091,0.161257,0,0,0,0.999696,-0.00706702,0.0032417,0.987413,0.0244551,0.158002,-0.0224947,0.183229,0.594858,0.136687,-0.576794,-0.0879001,0.125608,-0.225396,-0.112736,0.0999499,0.106288,0.274332,-0.00504929,0.226467,-0.0597536,-0.210964,0.116774,1.3718,-0.963683,0.787724,-0.26426,0.0858765,-0.282736,-0.121684,-0.0963698,0.103664,0.000637627,-0.0847123,1.06948,-1.83957,-1.12717,0.00866939,0.263418,-1.78756,0.601406,0.100691,-0.052532,-1.09292,0.0767852,0.146989,0.691654,-1.10054,-4.63652,0.548601,-0.124018,-0.143954,-3.21203,-1.70687,-0.292129,-0.320764,0.0561992,0.0946426,0.328748,0.094568,-1.08849,-0.555305,0.930068,-1.19559,0.391924,1.78561,0.036315,-0.992637,0.216854,2.22717,4.17657,-0.143433,0.629943,0.554293,0.00335498,-1.01495,-0.57223,0.574837,-0.926439,0.45928,1.82746,-0.14128,-0.944349,0.150828,2.17494,4.21034,-0.218897,0.418817,0.593964,0.0766869,-0.636794,-0.0879001,0.125608,-0.225396,-0.112736,0.0999499,0.106288,0.274332,-0.00504929,0.376467,-0.209754,-0.210964,0.236774,1.49181,-0.963683,0.787724,-0.32426,0.0258765,-0.532736,-0.371684,-0.0963698,0.103664,0.000637627,-0.0847123,-0.012716,-0.604246,-0.111061,0.186014,-0.239119,-0.258374,0.124717,0.0783847,0.357122,0.007263,0.42585,-0.237956,-0.198527,0.228427,1.23359,-0.925327,0.78121,1.17517,-0.131717,-0.6387,-0.391664,0.125989,0.110859,0.00226763,-0.0791833,0.998507,-0.0258582,0.0207529,-0.0434101,0.754861,0.00784001,-0.0694897,-0.652146
0.126999,-0.439589,-0.146793,-0.184192,-0.409223,-0.296435,0.164282,0,0.0322607,-0.237395,0.461721,-0.222304,0,0.183332,1.10859,-0.888922,0.76716,-0.210932,-0.166924,-0.717113,-0.395283,0.127144,0.0260732,0.0103187,-0.0803114,1.92516,-1.48856,-0.753914,-0.0252243,-0.677337,-1.06684,1.12205,0,-0.693989,-1.08984,0.781843,0.517931,0,-1.3611,-3.36505,0.671132,-0.256361,-0.424618,-0.945749,-1.70481,0.0376094,-0.221774,-1.03813,0.241309,0.0646207,0,0,0,0.999546,0.00243532,-0.0070965,0.987703,0.0292665,0.156323,0.102885,0.237015,0.48822,0.157863,-0.606257,-0.109158,0.12427,-0.219207,-0.147575,0.113163,0.103469,0.274219,-0.0257121,0.22848,-0.0565313,-0.18906,0.0958446,1.26544,-0.950507,0.784074,-0.268268,0.0228867,-0.320284,-0.127512,-0.10246,0.106637,0.00308807,-0.0798126,1.04543,-1.18407,-1.00189,-0.132375,0.355741,-1.71256,0.704289,-0.30388,0.0331338,-0.963579,0.109829,0.172965,1.22029,-0.992038,-5.8063,0.70915,-0.211656,-0.251736,-3.06964,-1.94444,-0.277534,-0.291706,0.201471,0.109731,0.167361,0.00335498,-1.01495,-0.57223,0.574837,-0.926439,0.45928,1.82746,-0.14128,-0.944349,0.150828,2.17494,4.21034,-0.218897,0.418817,0.593964,-0.00161712,-0.918003,-0.610933,0.258066,-0.715213,0.465209,1.89224,-0.311391,-0.839651,0.117199,2.01216,4.22084,-0.305785,0.242436,0.628316,0.0978629,-0.666257,-0.109158,0.12427,-0.219207,-0.147575,0.113163,0.103469,0.274219,-0.0257121,0.37848,-0.206531,-0.18906,0.215845,1.38544,-0.950507,0.784074,-0.328268,-0.0371133,-0.570284,-0.377512,-0.10246,0.106637,0.00308807,-0.0798126,-0.0583225,-0.567473,-0.114446,0.114967,-0.185288,-0.278093,0.146047,0.091856,0.365492,-0.0282561,0.443743,-0.22945,-0.18887,0.195414,1.20747,-0.907193,0.773718,1.16854,-0.169448,-0.678279,-0.394058,0.0837634,0.118793,0.00500723,-0.0770942,0.99868,-0.0252328,0.0232513,-0.0382324,0.754861,0.00784001,-0.0694897,-0.652146
0.162178,-0.451654,-0.153663,-0.18415,-0.404785,-0.31279,0.17949,0,0.0254546,-0.261187,0.478324,-0.216521,0,0.154479,0.975138,-0.870891,0.761762,-0.21976,-0.153668,-0.754378,-0.394073,0.121843,0.0317447,0.0181649,-0.0832899,1.87531,-1.22297,-0.630799,-0.0170316,-0.407579,-0.992121,1.01356,0,-0.587885,-1.11978,0.796326,0.449294,0,-1.38557,-4.35727,0.740259,-0.260416,-0.429655,-0.463196,-1.75235,0.0444789,-0.23475,-0.641617,0.28661,0.000557346,0,0,0,0.999516,0.00228873,-0.00704093,0.988066,0.0303168,0.154016,0.228437,0.234849,0.369428,0.179659,-0.621323,-0.127797,0.120182,-0.210669,-0.18034,0.128598,0.0958817,0.276363,-0.0438136,0.231515,-0.052583,-0.162,0.0767711,1.13803,-0.934991,0.77907,-0.274587,-0.0377923,-0.361372,-0.132362,-0.108591,0.111611,0.00701219,-0.0794298,1.12899,-0.414268,-0.867096,-0.271112,0.483968,-1.58062,0.822375,-0.410097,0.168669,-0.836899,0.173301,0.212347,1.29104,-0.914776,-6.76671,0.796013,-0.26226,-0.372065,-2.97173,-2.07255,-0.208119,-0.308162,0.267291,0.18746,-0.0348401,-0.00161712,-0.918003,-0.610933,0.258066,-0.715213,0.465209,1.89224,-0.311391,-0.839651,0.117199,2.01216,4.22084,-0.305785,0.242436,0.628316,0.00963894,-0.768701,-0.586409,-0.0214084,-0.432037,0.461739,1.99386,-0.516389,-0.698483,0.115295,1.80698,4.2219,-0.273982,0.0647316,0.65874,0.119659,-0.681323,-0.127797,0.120182,-0.210669,-0.18034,0.128598,0.0958817,0.276363,-0.0438136,0.381515,-0.202583,-0.162,0.196771,1.25803,-0.934991,0.77907,-0.334587,-0.0977923,-0.611372,-0.382362,-0.108591,0.111611,0.00701219,-0.0794298,-0.0608086,-0.519001,-0.122187,0.0516131,-0.143043,-0.296435,0.164282,0.0930418,0.378447,-0.0622782,0.461721,-0.222304,-0.16793,0.178599,1.12608,-0.888922,0.76716,1.15914,-0.212893,-0.717113,-0.395283,0.0484873,0.125663,0.0103187,-0.0803114,0.998815,-0.023287,0.0257215,-0.0341212,0.75739,0.010046,-0.0682004,-0.649314
0.196728,-0.459659,-0.158538,-0.184122,-0.395672,-0.328153,0.193185,0,0.0207741,-0.284446,0.494238,-0.21142,0,0.12596,0.829744,-0.852979,0.756945,-0.229325,-0.134122,-0.79086,-0.391645,0.116277,0.043928,0.0272785,-0.086149,1.83096,-0.97615,-0.514672,-0.0115022,-0.148598,-0.924918,0.914914,0,-0.481726,-1.13272,0.796142,0.391025,0,-1.39769,-5.231,0.786856,-0.254549,-0.444224,-0.0310465,-1.77387,0.0675511,-0.247825,-0.266383,0.337331,-0.0424957,0,0,0,0.999602,0.00789939,-0.0119131,0.988389,0.0255609,0.151737,0.340368,0.14164,0.208743,0.204567,-0.619505,-0.143153,0.11357,-0.199101,-0.209985,0.146711,0.089757,0.282111,-0.0596833,0.236046,-0.0477757,-0.134118,0.0594131,0.992823,-0.918449,0.773633,-0.283654,-0.0892697,-0.403757,-0.135286,-0.115296,0.117184,0.0131354,-0.0814246,1.33768,0.478949,-0.680602,-0.385565,0.648262,-1.40813,0.969826,-0.207661,0.381711,-0.741847,0.257985,0.255534,1.33835,-0.816366,-7.58601,0.824684,-0.264189,-0.530123,-2.24519,-2.09364,-0.0983198,-0.351126,0.272782,0.285456,-0.101749,0.00963894,-0.768701,-0.586409,-0.0214084,-0.432037,0.461739,1.99386,-0.516389,-0.698483,0.115295,1.80698,4.2219,-0.273982,0.0647316,0.65874,-0.0646134,-0.555868,-0.482373,-0.354784,0.105094,0.430216,2.22076,-0.937346,-0.658335,0.030299,1.57513,4.11263,-0.0836822,-0.245329,0.622572,0.144567,-0.679505,-0.143153,0.11357,-0.199101,-0.209985,0.146711,0.089757,0.282111,-0.0596833,0.386046,-0.197776,-0.134118,0.179413,1.11282,-0.918449,0.773633,-0.343654,-0.14927,-0.653757,-0.385286,-0.115296,0.117184,0.0131354,-0.0814246,-0.0551805,-0.444351,-0.117282,-0.00428168,-0.0864074,-0.31279,0.17949,0.0923479,0.398773,-0.103278,0.478324,-0.216521,-0.139697,0.177647,1.02349,-0.870891,0.761762,1.14681,-0.196991,-0.754378,-0.394073,0.0129463,0.131748,0.0181649,-0.0832899,0.998929,-0.0201978,0.0273903,-0.0313342,0.757263,0.0143314,-0.0662761,-0.64958
0.214237,-0.459566,-0.159236,-0.182654,-0.366335,-0.340392,0.201238,0,0.021123,-0.291859,0.506554,-0.208595,0,0.124881,0.652248,-0.834095,0.752439,-0.252716,-0.0881937,-0.821537,-0.388444,0.108662,0.0775383,0.0356975,-0.0808631,1.54431,-0.681918,-0.370747,0.0139692,0.33603,-0.831037,0.761231,0,-0.331975,-0.904109,0.742039,0.316092,0,-0.994566,-6.32414,0.83407,-0.245766,-0.661821,0.667198,-1.70186,0.0953013,-0.2877,0.317685,0.362415,0.0495419,0,0,0,0.999561,0.0090691,-0.0130336,0.989522,0.0265925,0.144096,0.406143,-0.000619898,-0.017877,0.234944,-0.598995,-0.153389,0.105082,-0.183731,-0.236249,0.168325,0.0881338,0.293477,-0.0757919,0.242479,-0.0418896,-0.115792,0.0434202,0.832124,-0.901718,0.768447,-0.295787,-0.114256,-0.445778,-0.13585,-0.123243,0.120381,0.0210485,-0.0841006,1.65554,1.42961,-0.368881,-0.465289,0.851884,-1.24228,1.16346,-0.00847285,0.714401,-0.863624,0.362724,0.317309,0.473064,-0.777271,-8.30647,0.825769,-0.242399,-0.676802,-0.534705,-2.05352,0.0200626,-0.427656,0.0707206,0.354014,-0.11844,-0.0646134,-0.555868,-0.482373,-0.354784,0.105094,0.430216,2.22076,-0.937346,-0.658335,0.030299,1.57513,4.11263,-0.0836822,-0.245329,0.622572,-0.0538236,-0.433516,-0.504238,-0.491223,0.478369,0.370268,2.22757,-1.42961,-0.605466,-0.0626545,1.41377,4.03561,0.127329,-0.738556,0.550406,0.174944,-0.658995,-0.153389,0.105082,-0.183731,-0.236249,0.168325,0.0881338,0.293477,-0.0757919,0.392479,-0.19189,-0.115792,0.16342,0.952124,-0.901718,0.768447,-0.355787,-0.174256,-0.695778,-0.38585,-0.123243,0.120381,0.0210485,-0.0841006,-0.0923067,-0.337934,-0.0964746,-0.0709568,0.0210188,-0.328153,0.193185,0.0860432,0.444152,-0.187469,0.494238,-0.21142,-0.131667,0.13515,0.907566,-0.852979,0.756945,1.12984,-0.101841,-0.79086,-0.391645,-0.0490658,0.124514,0.0272785,-0.086149,0.999025,-0.0163702,0.0275574,-0.0303735,0.757263,0.0143314,-0.0662761,-0.64958
0.233241,-0.447818,-0.161091,-0.182763,-0.33667,-0.35203,0.208053,0,0.0194537,-0.299841,0.517868,-0.206403,0,0.124235,0.461806,-0.816207,0.749006,-0.276186,-0.0425645,-0.849775,-0.385804,0.101717,0.118924,0.0421565,-0.0773973,1.36607,-0.301119,-0.287354,0.0081423,0.680193,-0.756298,0.635087,0,-0.257422,-0.752603,0.689138,0.254151,0,-0.705878,-7.28352,0.852161,-0.223544,-0.815332,1.15148,-1.61488,0.106316,-0.305561,0.843159,0.350576,0.0866652,0,0,0,0.999849,0.013356,-0.0147592,0.990292,0.0091204,0.138362,0.468618,-0.144304,-0.167722,0.271961,-0.560822,-0.158828,0.0949602,-0.167132,-0.258412,0.193181,0.0873806,0.310297,-0.101205,0.251142,-0.0349761,-0.112944,0.0272696,0.662033,-0.884536,0.763965,-0.310533,-0.102959,-0.486168,-0.134136,-0.132955,0.118067,0.0294438,-0.0829754,1.98912,2.22202,-0.194833,-0.557298,0.78933,-1.00666,1.29066,-0.117828,0.943337,-1.6437,0.482143,0.354547,-0.0632779,-0.826188,-8.51917,0.862763,-0.199097,-0.796901,1.25955,-1.94536,0.123864,-0.51383,-0.233115,0.359117,0.102171,-0.0538236,-0.433516,-0.504238,-0.491223,0.478369,0.370268,2.22757,-1.42961,-0.605466,-0.0626545,1.41377,4.03561,0.127329,-0.738556,0.550406,-0.220748,-0.286004,-0.588248,-0.455526,0.518776,0.355641,2.23728,-1.37017,-0.526584,-0.17322,1.45638,3.49706,0.585514,-1.20006,0.196941,0.211961,-0.620822,-0.158828,0.0949602,-0.167132,-0.258412,0.193181,0.0873806,0.310297,-0.101205,0.401142,-0.184976,-0.112944,0.14727,0.782033,-0.884536,0.763965,-0.370533,-0.162959,-0.736168,-0.384136,-0.132955,0.118067,0.0294438,-0.0829754,-0.0869118,-0.276758,-0.100848,-0.0982446,0.0956739,-0.340392,0.201238,0.0740537,0.445514,-0.285922,0.506554,-0.208595,-0.121093,0.0886727,0.826883,-0.834095,0.752439,1.11037,0.00366456,-0.821537,-0.388444,-0.147711,0.110081,0.0356975,-0.0808631,0.999099,-0.0121202,0.0260694,-0.0312272,0.75561,0.0202976,-0.0615645,-0.651806
0.255234,-0.412758,-0.165261,-0.186026,-0.306349,-0.362466,0.212393,0,0.013748,-0.308959,0.527178,-0.205475,0,0.124457,0.245472,-0.800314,0.747715,-0.299816,0.00246567,-0.873139,-0.384285,0.0961124,0.175859,0.0446957,-0.077572,1.28615,0.315112,-0.263691,-0.04325,0.930955,-0.685936,0.509656,0,-0.265781,-0.663592,0.62205,0.191815,0,-0.490787,-8.34348,0.834905,-0.175837,-0.925177,1.48149,-1.48088,0.0972037,-0.297961,1.44424,0.283492,0.0580456,0,0,0,0.999936,0.00903706,-0.00983523,0.991657,0.00557358,0.128587,0.436192,-0.0730654,-0.328316,0.311548,-0.517838,-0.162078,0.0827326,-0.155159,-0.276205,0.216932,0.0813965,0.330511,-0.140199,0.261399,-0.0276689,-0.110052,0.0113415,0.521926,-0.866178,0.760686,-0.32538,-0.0726764,-0.52275,-0.129783,-0.143415,0.0656628,0.0368478,-0.0799507,1.73724,1.13262,-0.0394721,-0.519933,0.376789,-0.934594,0.761802,-0.232435,1.22122,-1.14886,0.414683,0.461792,0.182213,-0.734364,-2.71335,0.959438,-0.0739569,-0.292632,-0.242825,-1.50512,0.488166,-0.549005,-5.14307,0.288717,0.126717,-0.220748,-0.286004,-0.588248,-0.455526,0.518776,0.355641,2.23728,-1.37017,-0.526584,-0.17322,1.45638,3.49706,0.585514,-1.20006,0.196941,-0.274857,-0.00795902,-0.573797,-0.735423,-0.195228,0.432207,2.11827,-1.00151,-0.489606,-0.0693804,1.02905,2.65805,0.777468,-1.31858,-0.20477,0.251548,-0.577838,-0.162078,0.0827327,-0.155159,-0.276205,0.216932,0.0813965,0.330511,-0.140199,0.411399,-0.177669,-0.110052,0.131341,0.641926,-0.866178,0.760686,-0.38538,-0.132676,-0.77275,-0.379783,-0.143415,0.0656628,0.0368478,-0.0799507,-0.170374,-0.203002,-0.11765,-0.0911052,0.103755,-0.35203,0.208053,0.0711282,0.447457,-0.274034,0.517868,-0.206403,-0.105317,0.0333899,0.848189,-0.816207,0.749006,1.08962,0.232757,-0.849775,-0.385804,-0.240013,0.0393881,0.0421565,-0.0773973,0.999139,-0.00720298,0.0237851,-0.033219,0.75561,0.0202976,-0.0615645,-0.651806
0.283161,-0.410273,-0.17471,-0.193734,-0.301284,-0.370847,0.215996,0,-0.00127526,-0.309515,0.534688,-0.204853,0,0.125555,0.147157,-0.787807,0.744457,-0.322593,-0.0152756,-0.891401,-0.385436,0.0923886,0.221622,0.0461303,-0.0787165,1.31921,0.257854,-0.326314,-0.145883,0.727647,-0.605873,0.410809,0,-0.411396,-0.472853,0.548076,0.143607,0,-0.327079,-7.31516,0.772046,-0.171952,-0.989286,0.770921,-1.31054,0.0507831,-0.26443,1.69742,0.219963,0.0234648,0,0,0,0.999989,-0.00435136,0.00454054,0.99047,-0.00106023,0.137663,-0.110424,0.156119,-0.437141,0.336311,-0.521768,-0.162763,0.0794883,-0.149606,-0.296844,0.219652,0.0872154,0.356584,-0.137096,0.268009,-0.015098,-0.105128,0.00263324,0.542799,-0.846574,0.760312,-0.31798,-0.0986041,-0.54695,-0.116839,-0.155068,0.0305374,0.0415711,-0.0784354,0.935435,-0.601895,-0.184672,0.110476,0.212015,-1.03986,-0.139613,0.626655,1.16616,0.448887,0.336167,0.696419,0.352232,-0.17808,2.35183,0.940564,-0.0257287,0.658149,-1.6248,-1.10593,0.568649,-0.599685,-0.296517,0.177956,0.0467142,-0.274857,-0.00795902,-0.573797,-0.735423,-0.195228,0.432207,2.11827,-1.00151,-0.489606,-0.0693804,1.02905,2.65805,0.777468,-1.31858,-0.20477,-0.444242,0.12639,-0.286118,-1.27853,-0.864643,0.310501,1.99717,-0.652279,-0.691748,-0.237419,0.940337,2.44402,1.776,-1.09264,-0.865859,0.276311,-0.581768,-0.162763,0.0794883,-0.149606,-0.296844,0.219652,0.0872154,0.356584,-0.137096,0.418009,-0.165098,-0.105128,0.122633,0.662799,-0.846574,0.760312,-0.37798,-0.158604,-0.79695,-0.366839,-0.155068,0.0305374,0.0415711,-0.0784354,-0.197429,-0.0639795,-0.114759,-0.147085,-0.0390456,-0.362466,0.212393,0.0864413,0.423653,-0.200302,0.527178,-0.205475,-0.0979212,0.0853098,0.634524,-0.800314,0.747715,1.09999,0.328734,-0.873139,-0.384285,-0.263715,-0.0409539,0.0446957,-0.077572,0.998947,-0.0060713,0.0244612,-0.0383325,0.756691,0.026996,-0.0616933,-0.650295
0.314055,-0.424076,-0.186798,-0.203663,-0.308846,-0.378201,0.219231,0,-0.0209573,-0.30579,0.541297,-0.204383,0,0.127092,0.107852,-0.776992,0.740216,-0.344944,-0.0644025,-0.907112,-0.387921,0.0896052,0.2618,0.0470125,-0.0803458,1.38685,-0.0265367,-0.409744,-0.251056,0.395912,-0.534423,0.336094,0,-0.583207,-0.27512,0.482786,0.107574,0,-0.20591,-5.71018,0.702657,-0.18399,-1.02777,-0.197259,-1.15304,-0.00173144,-0.226853,1.79086,0.167207,-0.00801517,0,0,0,0.999437,-0.033234,0.0320213,0.985638,0.00998894,0.165569,-0.214543,0.261252,-0.0677848,0.350398,-0.531044,-0.168864,0.0846212,-0.146604,-0.317717,0.216128,0.0963506,0.37385,-0.131789,0.274288,-0.00151082,-0.117726,0.001526,0.586913,-0.829075,0.758197,-0.300183,-0.12928,-0.56897,-0.110894,-0.165351,0.0336546,0.044359,-0.078465,0.539449,-0.264892,-0.379552,0.34236,0.105798,-1.04296,-0.17301,0.210018,0.618152,0.0641245,0.28344,0.651097,-1.40897,0.0112975,1.85269,0.808194,-0.154624,1.06486,-1.41323,-1.0856,0.0885715,-0.46331,0.321481,0.0999052,-0.0181452,-0.444242,0.12639,-0.286118,-1.27853,-0.864643,0.310501,1.99717,-0.652279,-0.691748,-0.237419,0.940337,2.44402,1.776,-1.09264,-0.865859,-0.30386,0.220108,-0.313432,-1.09472,-0.999486,0.256183,1.86353,-0.474774,-1.0182,-0.400721,1.27635,1.95348,2.80292,-1.16422,-1.24977,0.290398,-0.591044,-0.168864,0.0846212,-0.146604,-0.317717,0.216128,0.0963506,0.37385,-0.131789,0.424288,-0.151511,-0.117726,0.121526,0.706913,-0.829075,0.758197,-0.360183,-0.18928,-0.81897,-0.360894,-0.165351,0.0336546,0.044359,-0.078465,-0.282121,0.00319497,-0.0572236,-0.255705,-0.172929,-0.370847,0.215996,0.0621003,0.399433,-0.130456,0.534688,-0.204853,-0.13835,0.00129054,0.590169,-0.787807,0.744457,1.15493,0.827999,-0.891401,-0.385436,-0.218528,-0.173172,0.0461303,-0.0787165,0.998785,-0.00748801,0.0267473,-0.0407155,0.763884,0.0346393,-0.0712328,-0.640474
0.335496,-0.424347,-0.186468,-0.197804,-0.298681,-0.37955,0.213462,0,-0.0270264,-0.316929,0.543131,-0.204619,0,0.132443,0.107353,-0.767006,0.737693,-0.361608,-0.0775098,-0.914295,-0.385284,0.0843832,0.2618,0.0478596,-0.0816189,1.29241,-0.0226419,-0.281872,-0.0878548,0.429613,-0.394335,0.148732,0,-0.499281,-0.359668,0.365469,0.0717656,0,-0.0638674,-4.00462,0.641644,-0.166633,-0.969396,-0.33469,-0.914868,0.0383448,-0.237126,1.2536,0.129752,-0.0247059,0,0,0,0.999409,-0.032769,0.0305411,0.985018,0.0157467,0.169311,-0.227418,0.244916,0.153416,0.362139,-0.530267,-0.176714,0.0920386,-0.145173,-0.337741,0.214101,0.0951218,0.382047,-0.134914,0.279236,0.0101791,-0.18046,-0.00116009,0.615416,-0.814393,0.754416,-0.274978,-0.155608,-0.590887,-0.113152,-0.17443,0.0400444,0.0459717,-0.0795339,0.653367,0.273277,-0.393493,0.376808,0.0460216,-0.95538,-0.0526941,-0.27737,0.268079,-0.313521,0.215497,0.526191,-4.08781,-0.279289,1.10462,0.670157,-0.19794,1.42577,-1.25672,-1.07998,-0.23611,-0.44693,0.300586,0.0588076,-0.0546467,-0.30386,0.220108,-0.313432,-1.09472,-0.999486,0.256183,1.86353,-0.474774,-1.0182,-0.400721,1.27635,1.95348,2.80292,-1.16422,-1.24977,-0.135547,0.152786,-0.456721,-0.739624,-1.07364,0.197606,1.83721,-0.42887,-1.22769,-0.333024,1.3919,1.78418,3.22529,-1.14362,-1.55762,0.302139,-0.590267,-0.176714,0.0920386,-0.145173,-0.337741,0.214101,0.0951218,0.382047,-0.134914,0.429236,-0.139821,-0.18046,0.11884,0.735416,-0.814393,0.754416,-0.334978,-0.215608,-0.840887,-0.363152,-0.17443,0.0400444,0.0459717,-0.0795339,-0.21193,0.0500539,-0.0626864,-0.218944,-0.199897,-0.378201,0.219231,0.0512367,0.372706,-0.0949547,0.541297,-0.204383,-0.20364,-0.0803603,0.758174,-0.776992,0.740216,0.916739,1.24006,-0.907112,-0.387921,-0.232845,-0.249954,0.0470125,-0.0803458,0.998706,-0.00925758,0.0297488,-0.0401879,0.763884,0.0346393,-0.0712328,-0.640474
0.344126,-0.423456,-0.183413,-0.183355,-0.282606,-0.374856,0.203364,0,-0.0255436,-0.328949,0.543119,-0.206026,0,0.157893,0.112473,-0.753422,0.735767,-0.382386,-0.0626379,-0.920833,-0.37981,0.0762126,0.252674,0.0506556,-0.0821064,1.03414,-0.00248347,-0.151486,0.155235,0.541862,-0.205626,-0.0473623,0,-0.327255,-0.432068,0.255645,0.0291343,0,0.337043,-2.72644,0.652911,-0.145535,-0.990251,-0.0112047,-0.738484,0.108943,-0.288548,0.740626,0.132766,-0.0246079,0,0,0,0.999447,-0.0318752,0.0297292,0.984061,0.0148741,0.174952,-0.221476,0.176248,0.321149,0.376735,-0.520168,-0.185573,0.0999734,-0.145031,-0.354538,0.213086,0.0840454,0.384369,-0.144465,0.283293,0.0192894,-0.266415,-0.00891108,0.632298,-0.801581,0.750788,-0.243825,-0.180324,-0.611751,-0.118716,-0.18338,0.0454114,0.0470753,-0.0808188,0.781258,0.668601,-0.484332,0.407928,-0.0243527,-0.739013,-0.0647341,-0.772614,0.0140592,-0.589904,0.194787,0.395807,-3.79891,-0.455031,0.665192,0.607759,-0.162198,1.65304,-1.22404,-0.987801,-0.288985,-0.448202,0.254765,0.0439206,-0.0543604,-0.135547,0.152786,-0.456721,-0.739624,-1.07364,0.197606,1.83721,-0.42887,-1.22769,-0.333024,1.3919,1.78418,3.22529,-1.14362,-1.55762,0.0118975,0.0131368,-0.639854,-0.396737,-1.27518,0.0905323,1.73672,-0.371433,-1.33918,-0.273161,1.3804,1.82378,3.32055,-1.07665,-1.8968,0.316735,-0.580168,-0.185573,0.0999734,-0.145031,-0.354538,0.213086,0.0840454,0.384369,-0.144465,0.433293,-0.130711,-0.266415,0.111089,0.752298,-0.801581,0.750788,-0.303825,-0.240324,-0.861751,-0.368716,-0.18338,0.0454114,0.0470753,-0.0808188,-0.127774,0.0163931,-0.0913441,-0.147925,-0.214727,-0.37955,0.213462,0.0395213,0.367443,-0.0857739,0.543131,-0.204619,-0.245537,-0.0465118,0.81595,-0.767006,0.737693,0.83209,1.22156,-0.914295,-0.385284,-0.228724,-0.311523,0.0478596,-0.0816189,0.9987,-0.011153,0.0322961,-0.0378217,0.765127,0.0373342,-0.0695396,-0.639024
0.327135,-0.42024,-0.174908,-0.151726,-0.25471,-0.358076,0.184607,0,-0.00895713,-0.342731,0.539413,-0.209774,0,0.22354,0.128831,-0.732642,0.735034,-0.411394,0.00819231,-0.926083,-0.368664,0.0621446,0.225295,0.0573493,-0.0810232,0.469037,0.0464913,0.0215332,0.583097,0.79775,0.107765,-0.314509,0,0.0197182,-0.509179,0.123367,-0.035838,0,1.22064,-1.66313,0.768749,-0.112868,-1.12828,1.05461,-0.595691,0.243451,-0.413003,0.107752,0.193342,-0.000976462,0,0,0,0.999598,-0.0243024,0.0213102,0.983714,0.0186954,0.178092,-0.185397,0.154027,0.48238,0.392354,-0.504416,-0.197591,0.108437,-0.146705,-0.365679,0.210073,0.0603961,0.381427,-0.158493,0.287425,0.0257118,-0.31269,-0.0185953,0.642754,-0.788754,0.748033,-0.209142,-0.204538,-0.630218,-0.123387,-0.192128,0.0503131,0.048936,-0.0816776,0.766365,0.860879,-0.682574,0.427753,-0.128439,-0.418435,-0.222245,-1.49655,-0.259624,-0.769953,0.213827,0.257403,-0.889355,-0.492208,0.425206,0.644297,-0.121454,1.79059,-1.19766,-0.848041,-0.188445,-0.426877,0.238333,0.0922964,-0.0308332,0.0118975,0.0131368,-0.639854,-0.396737,-1.27518,0.0905323,1.73672,-0.371433,-1.33918,-0.273161,1.3804,1.82378,3.32055,-1.07665,-1.8968,0.0707673,0.0311453,-0.690811,-0.314615,-1.26175,-0.0155596,1.80434,-0.314937,-1.35368,-0.197763,1.3385,2.34717,3.15384,-1.11094,-2.16891,0.332354,-0.564416,-0.197591,0.108437,-0.146705,-0.365679,0.210073,0.0603961,0.381427,-0.158493,0.437425,-0.124288,-0.31269,0.101405,0.762754,-0.788754,0.748033,-0.269142,-0.264538,-0.880218,-0.373387,-0.192128,0.0503131,0.048936,-0.0816776,-0.0540513,-0.0534316,-0.127971,-0.0793474,-0.255036,-0.374856,0.203364,0.0181065,0.347344,-0.0742865,0.543119,-0.206026,-0.267837,-0.0165805,0.8102,-0.753422,0.735767,0.851888,1.19847,-0.920833,-0.37981,-0.215331,-0.37936,0.0506556,-0.0821064,0.998753,-0.0129305,0.0343895,-0.0338,0.765127,0.0373342,-0.0695396,-0.639024
0.302345,-0.443062,-0.168145,-0.109069,-0.220442,-0.335462,0.167435,0,0.00467914,-0.339626,0.530634,-0.214752,0,0.309345,0.196847,-0.714542,0.733161,-0.434266,0.0390223,-0.924395,-0.359993,0.0422453,0.155608,0.0609161,-0.0803128,-0.0435332,-0.309773,0.116527,1.04803,1.07243,0.414653,-0.47774,0,0.218347,-0.30986,-0.0453252,-0.0997513,0,2.14151,-0.143947,0.809617,-0.107109,-1.13288,1.20068,-0.391654,0.300489,-0.587593,-0.969865,0.188841,0.00997267,0,0,0,0.999985,0.00546747,-0.00533231,0.989963,-0.00133544,0.141219,-0.135806,0.118203,0.444819,0.407979,-0.485109,-0.211629,0.11637,-0.149221,-0.369356,0.203452,0.0244036,0.37609,-0.173928,0.291376,0.0294663,-0.29839,-0.0283898,0.648527,-0.774063,0.746136,-0.170533,-0.227756,-0.644955,-0.12444,-0.200795,0.0545303,0.0532782,-0.0815078,0.792408,1.04412,-0.682364,0.362613,-0.112092,-0.0119801,-0.404763,-1.96296,-0.253142,-0.75111,0.177042,0.128918,1.71128,-0.475923,0.180622,0.766462,-0.0803819,2.04271,-1.12662,-0.629149,0.0402288,-0.432186,0.196069,0.217469,0.0194336,0.0707673,0.0311453,-0.690811,-0.314615,-1.26175,-0.0155596,1.80434,-0.314937,-1.35368,-0.197763,1.3385,2.34717,3.15384,-1.11094,-2.16891,0.14335,0.0652628,-0.617952,-0.221908,-1.31163,0.00850934,2.03758,-0.317887,-1.29141,0.0536328,0.950771,3.57836,2.57137,-1.29542,-2.42452,0.347979,-0.545109,-0.211629,0.11637,-0.149221,-0.369356,0.203452,0.0244036,0.37609,-0.173928,0.441376,-0.120534,-0.29839,0.0916102,0.768527,-0.774062,0.746136,-0.230533,-0.287756,-0.894955,-0.37444,-0.200795,0.0545303,0.0532782,-0.0815078,-0.0246164,-0.0444274,-0.138162,-0.0629229,-0.25235,-0.358076,0.184607,-0.00311191,0.360867,-0.0629874,0.539413,-0.209774,-0.270736,0.0211187,0.789248,-0.732642,0.735034,1.11358,1.17558,-0.926083,-0.368664,-0.222187,-0.433783,0.0573493,-0.0810232,0.998818,-0.0142914,0.0362147,-0.0290972,0.759802,0.0292844,-0.0486471,-0.64767
0.273654,-0.478901,-0.162252,-0.0608975,-0.18299,-0.30993,0.151055,0,0.0168403,-0.328079,0.519319,-0.220344,0,0.405227,0.290693,-0.697783,0.730717,-0.454071,0.0498521,-0.919236,-0.352559,0.0194302,0.0647689,0.0629194,-0.0797888,-0.46083,-0.75443,0.169963,1.45619,1.31249,0.673233,-0.580117,0,0.33526,-0.0436868,-0.201459,-0.153707,0,2.9373,1.30692,0.818116,-0.111632,-1.09009,1.00292,-0.196785,0.321858,-0.753541,-2.0415,0.162238,0.0148407,0,0,0,0.999539,0.0240209,-0.0222954,0.995867,-0.0206242,0.0875933,-0.149823,0.0143167,0.239667,0.423068,-0.45941,-0.222685,0.123981,-0.149298,-0.365491,0.194899,-0.00989782,0.373361,-0.188738,0.293167,0.0308353,-0.254726,-0.033394,0.645825,-0.757647,0.746889,-0.126077,-0.248467,-0.653536,-0.115685,-0.210243,0.059117,0.0576572,-0.0761493,0.708554,1.48344,-0.409533,0.400618,0.101268,0.334851,-0.39982,-1.39968,-0.0400976,-0.723534,0.0126069,0.0140535,2.13558,-0.0324549,-0.40258,0.818246,0.139661,2.37335,-0.941933,-0.268269,0.719676,-0.492306,0.246752,0.177778,0.324198,0.14335,0.0652628,-0.617952,-0.221908,-1.31163,0.00850934,2.03758,-0.317887,-1.29141,0.0536328,0.950771,3.57836,2.57137,-1.29542,-2.42452,0.0757204,0.203913,-0.521659,-0.0514598,-1.49657,0.0974572,2.25416,-0.134642,-1.05474,0.418432,0.763945,4.34435,2.1314,-1.0992,-2.69245,0.363068,-0.51941,-0.222685,0.123981,-0.149298,-0.365491,0.194899,-0.00989782,0.373361,-0.188738,0.443167,-0.119165,-0.254726,0.086606,0.765825,-0.757647,0.746889,-0.186077,-0.308467,-0.903536,-0.365685,-0.210243,0.059117,0.0576572,-0.0761493,0.0116751,-0.0273686,-0.12359,-0.0443815,-0.262327,-0.335462,0.167435,0.00170187,0.407517,-0.0635774,0.530634,-0.214752,-0.258281,0.146816,0.595385,-0.714542,0.733161,1.3716,1.15591,-0.924395,-0.359993,-0.259085,-0.484905,0.0609161,-0.0803128,0.998855,-0.0155426,0.0372356,-0.025704,0.756757,0.0146603,-0.0228161,-0.653134
0.242916,-0.482762,-0.163846,-0.0153184,-0.155739,-0.279723,0.137146,0,0.00818362,-0.337666,0.504581,-0.22427,0,0.519692,0.353749,-0.693978,0.725118,-0.441083,0.0300414,-0.902203,-0.346788,-0.00498725,0.0309028,0.0540715,-0.0763819,-0.783654,-0.586021,0.0950657,1.70302,1.32751,0.924371,-0.614718,0,0.104832,-0.174391,-0.362099,-0.166476,0,3.77308,1.86068,0.629752,-0.162122,-0.568251,0.404884,0.117745,0.311858,-0.89374,-1.93704,-0.0191521,0.061491,0,0,0,0.999464,0.0265715,-0.0247154,0.9955,-0.021471,0.0909648,-0.202658,-0.105965,-0.00129411,0.43151,-0.42436,-0.227855,0.1344,-0.144221,-0.35507,0.186045,-0.0228145,0.375056,-0.203175,0.291591,0.0300484,-0.207101,-0.0196088,0.630041,-0.740587,0.747242,-0.0781466,-0.264129,-0.65506,-0.10349,-0.220107,0.0641832,0.0607463,-0.0772799,0.161511,1.94685,-0.112577,0.621732,0.380331,0.652472,-0.473612,0.0175496,0.186459,-0.709505,-0.148821,-0.082083,2.3202,1.31975,-1.08336,0.837817,-0.0609936,2.42272,-0.614282,0.0627009,0.519714,-0.498267,0.235162,0.118884,-0.126021,0.0757204,0.203913,-0.521659,-0.0514598,-1.49657,0.0974572,2.25416,-0.134642,-1.05474,0.418432,0.763945,4.34435,2.1314,-1.0992,-2.69245,-0.0706349,0.525175,-0.42109,-0.214228,-1.49638,0.167407,2.30955,-0.0744214,-0.642706,0.721459,0.790438,4.2809,1.83262,-0.882947,-3.17762,0.37151,-0.48436,-0.227855,0.1344,-0.144221,-0.35507,0.186045,-0.0228145,0.375056,-0.203175,0.441591,-0.119952,-0.207101,0.100391,0.750041,-0.740587,0.747242,-0.138147,-0.324129,-0.90506,-0.35349,-0.220107,0.0641832,0.0607463,-0.0772799,-0.0221398,0.0419563,-0.104332,-0.010292,-0.299314,-0.30993,0.151055,0.0194914,0.450832,-0.0269284,0.519319,-0.220344,-0.210948,0.329216,0.501972,-0.697783,0.730717,1.43259,1.0057,-0.919236,-0.352559,-0.219841,-0.53849,0.0629194,-0.0797888,0.998862,-0.0173525,0.0370139,-0.0245748,0.756757,0.0146603,-0.0228161,-0.653134
0.209726,-0.477674,-0.16382,0.0299452,-0.125655,-0.249708,0.1216,0,0.000581778,-0.348399,0.488655,-0.22864,0,0.641386,0.405711,-0.694452,0.721458,-0.41228,0.0057694,-0.879408,-0.339662,-0.025153,-0.00162449,0.0426426,-0.0718639,-1.04641,-0.333886,0.0669273,1.87107,1.38052,1.09727,-0.663482,0,-0.0406453,-0.283069,-0.492354,-0.182093,0,4.46657,2.08192,0.433728,-0.168386,0.0342794,-0.0806613,0.424346,0.325193,-0.928105,-1.84384,-0.184839,0.110813,0,0,0,0.999339,0.0175376,-0.016073,0.998827,-0.0326142,0.0451286,-0.228964,-0.317345,-0.0489632,0.425905,-0.378795,-0.228925,0.151538,-0.135069,-0.338805,0.176111,-0.00306329,0.382457,-0.219626,0.286472,0.0275335,-0.139955,0.0281794,0.601087,-0.725299,0.744457,-0.0253392,-0.272781,-0.649338,-0.0943532,-0.239543,0.0680087,0.0578981,-0.0773571,-0.63557,2.54285,0.0162076,1.03356,0.517983,0.929394,-0.495038,1.72006,0.468438,-0.894768,-0.337084,-0.167429,3.86322,3.24841,-1.73732,0.669946,-0.186884,2.77334,-0.286619,0.433879,0.39372,-1.10967,0.154502,-0.198362,0.0375967,-0.0706349,0.525175,-0.42109,-0.214228,-1.49638,0.167407,2.30955,-0.0744214,-0.642706,0.721459,0.790438,4.2809,1.83262,-0.882947,-3.17762,-0.339268,0.840025,-0.287861,-0.324129,-1.67251,0.324678,2.09824,0.0790032,-0.273684,0.826437,0.749248,3.1646,1.90899,-0.645619,-3.91693,0.365905,-0.438795,-0.228925,0.151538,-0.135069,-0.338805,0.176111,-0.00306329,0.382457,-0.219626,0.436472,-0.122467,-0.139955,0.148179,0.721087,-0.725299,0.744457,-0.0853392,-0.332781,-0.899338,-0.344353,-0.239543,0.0680087,0.0578981,-0.0773571,-0.0953175,0.202587,-0.0842179,-0.0428456,-0.299277,-0.279723,0.137146,0.0334815,0.461909,-0.0148843,0.504581,-0.22427,-0.128541,0.480729,0.515219,-0.693978,0.725118,1.48299,0.85631,-0.902203,-0.346788,-0.176589,-0.635524,0.0540715,-0.0763819,0.998877,-0.019817,0.0351311,-0.0248694,0.759469,-0.00218946,-0.00347134,-0.65053
0.171631,-0.454685,-0.160556,0.0745777,-0.0899037,-0.22008,0.102783,0,-0.00491039,-0.361424,0.470355,-0.233901,0,0.777539,0.435488,-0.703481,0.721676,-0.351843,-0.027425,-0.84509,-0.329825,-0.0368154,-0.0314742,0.0260519,-0.0651236,-1.30391,0.111103,0.0958084,1.97924,1.50263,1.21252,-0.746703,0,-0.110834,-0.393515,-0.619148,-0.20638,0,5.16889,1.90399,0.168169,-0.114613,0.930539,-0.554379,0.811823,0.375195,-0.824609,-1.73843,-0.378248,0.178674,0,0,0,0.998995,0.020087,-0.0180588,0.998568,-0.0410182,0.0495844,-0.207693,-0.505915,0.228044,0.401853,-0.320886,-0.229899,0.178889,-0.124992,-0.318386,0.166412,0.047888,0.390013,-0.242555,0.277281,0.0234584,-0.0486094,0.114362,0.5584,-0.714599,0.739941,0.0514447,-0.274721,-0.636528,-0.0871393,-0.272249,0.0705111,0.0497666,-0.0746523,-1.67672,3.14815,-0.0616713,1.57936,0.500482,1.05846,-0.458232,3.07341,0.0510574,-1.31829,-0.546496,-0.242049,4.53439,5.07904,-2.44728,0.407558,-0.244673,5.54112,0.0663659,0.74982,0.313191,-1.09606,0.162834,-0.391198,0.138091,-0.339268,0.840025,-0.287861,-0.324129,-1.67251,0.324678,2.09824,0.0790032,-0.273684,0.826437,0.749248,3.1646,1.90899,-0.645619,-3.91693,-0.795987,1.13883,-0.404864,-0.231363,-2.52155,0.562139,1.83922,0.770631,-0.113313,0.82237,0.658593,0.543391,2.19197,-0.927462,-4.7666,0.341853,-0.380886,-0.229899,0.178889,-0.124992,-0.318386,0.166412,0.047888,0.390013,-0.242555,0.427281,-0.126542,-0.0486094,0.234362,0.6784,-0.714599,0.739941,-0.00855525,-0.334721,-0.886528,-0.337139,-0.272249,0.0705111,0.0497666,-0.0746523,-0.229634,0.360012,-0.0575722,-0.0648259,-0.334501,-0.249708,0.1216,0.0649355,0.419648,0.0158006,0.488655,-0.22864,-0.0547367,0.533218,0.494624,-0.694452,0.721458,1.5223,0.894496,-0.879408,-0.339662,-0.129124,-0.783386,0.0426426,-0.0718639,0.998975,-0.0225157,0.0311856,-0.0238733,0.759469,-0.00218946,-0.00347134,-0.65053
0.117607,-0.420288,-0.15601,0.114471,-0.0554801,-0.198525,0.0823766,0,-0.0134821,-0.375851,0.452699,-0.239765,0,0.924727,0.440521,-0.72834,0.722767,-0.278227,-0.0552588,-0.802316,-0.323832,-0.0230058,-0.0518095,0.00707439,-0.0595429,-1.7231,0.593737,0.135263,1.98386,1.56819,1.17209,-0.828782,0,-0.206159,-0.491878,-0.698243,-0.232423,0,5.82604,1.4083,-0.25517,-0.0638521,1.75562,-0.805572,1.20988,0.352518,-0.370082,-1.52193,-0.549436,0.208783,0,0,0,0.998603,0.0298937,-0.0298235,0.999553,-0.0436085,0.000957799,-0.133283,-0.461131,0.871326,0.350487,-0.254958,-0.236196,0.216524,-0.11672,-0.298746,0.156182,0.116217,0.373565,-0.275199,0.264674,0.017482,0.0201859,0.239842,0.502529,-0.709595,0.735336,0.125398,-0.27041,-0.618943,-0.0814767,-0.267835,0.0768044,0.0368648,-0.069694,-3.31013,3.30301,-0.449971,1.96726,0.354257,0.881275,-0.562584,3.51455,-1.6922,-1.8527,-0.692861,-0.361055,2.10488,7.04197,-2.96586,0.126569,-0.211901,2.88073,0.333737,0.933441,0.24521,1.07284,0.325742,-0.599589,0.233439,-0.795987,1.13883,-0.404864,-0.231363,-2.52155,0.562139,1.83922,0.770631,-0.113313,0.82237,0.658593,0.543391,2.19197,-0.927462,-4.7666,-0.701882,0.985311,-0.42988,0.598369,-3.39706,0.833512,1.45288,1.21306,-0.0357504,1.52271,0.393789,0.0329388,2.39662,-0.980577,-5.17066,0.290487,-0.314958,-0.236196,0.216524,-0.11672,-0.298746,0.156182,0.116217,0.373566,-0.275199,0.414674,-0.132518,0.0201859,0.359842,0.622529,-0.709595,0.735336,0.0653985,-0.33041,-0.868943,-0.331477,-0.267835,0.0768044,0.0368648,-0.069694,-0.457994,0.509414,-0.0809727,-0.0462725,-0.50431,-0.22008,0.102783,0.112428,0.367844,0.154126,0.470355,-0.233901,-0.0226627,0.531185,0.449297,-0.703481,0.721676,0.211695,1.03599,-0.84509,-0.329825,-0.185492,-0.95332,0.0260519,-0.0651236,0.999171,-0.0248304,0.026802,-0.0179541,0.759198,-0.0239712,0.010671,-0.650331
0.0556172,-0.380185,-0.150822,0.151994,-0.0217204,-0.181005,0.0611764,0,-0.0235936,-0.390981,0.435365,-0.24593,0,1.07743,0.433184,-0.761114,0.724296,-0.198021,-0.0804122,-0.755315,-0.319763,0.0035398,-0.0673876,-0.0130965,-0.0545419,-2.13602,1.01715,0.172499,1.95155,1.60413,1.08325,-0.898151,0,-0.295984,-0.571258,-0.748781,-0.255175,0,6.36881,0.87574,-0.670228,-0.0217618,2.43203,-0.941202,1.55193,0.307804,0.139126,-1.29902,-0.687169,0.221164,0,0,0,0.998181,0.0417194,-0.0432977,0.998415,-0.041962,-0.0377856,-0.090745,-0.276728,0.993781,0.263078,-0.191434,-0.244017,0.251171,-0.108624,-0.285079,0.142615,0.188418,0.314785,-0.310747,0.249401,0.00845835,0.0280341,0.406253,0.439649,-0.711833,0.732033,0.143436,-0.260289,-0.597132,-0.0768094,-0.241295,0.0841144,0.0203164,-0.0641256,-5.08563,3.02485,-0.200873,1.47521,0.494098,0.558041,-0.763222,3.57241,-3.51923,-1.5949,-0.801979,-0.529039,-0.852289,9.19928,-3.21769,-0.27314,-0.129481,-0.603272,0.58658,1.16038,0.218607,1.37196,0.226986,-0.738107,0.238752,-0.701882,0.985311,-0.42988,0.598369,-3.39706,0.833512,1.45288,1.21306,-0.0357504,1.52271,0.393789,0.0329388,2.39662,-0.980577,-5.17066,-0.801312,0.934462,-0.453472,1.26379,-4.05103,0.968018,0.910588,1.07345,0.113106,1.74152,0.321643,0.0815735,2.16802,-0.994122,-5.25753,0.203078,-0.251434,-0.244017,0.251171,-0.108624,-0.285079,0.142615,0.188418,0.314785,-0.310747,0.399401,-0.141542,0.0280341,0.526253,0.559649,-0.711833,0.732033,0.0834356,-0.320289,-0.847132,-0.326809,-0.241295,0.0841144,0.0203164,-0.0641256,-0.410941,0.432655,-0.0859759,0.119674,-0.679411,-0.198525,0.0823766,0.166702,0.290577,0.242611,0.452699,-0.239765,-0.00715007,0.881354,0.316894,-0.72834,0.722767,-0.0435306,1.13831,-0.802316,-0.323832,-0.196115,-1.03413,0.00707439,-0.0595429,0.999329,-0.0264547,0.0241618,-0.00766828,0.760842,-0.0416843,0.0207934,-0.647263
-0.019087,-0.337706,-0.147069,0.181337,0.00156186,-0.178623,0.0383258,0,-0.0417571,-0.409813,0.4232,-0.252145,0,1.20393,0.413357,-0.816966,0.726821,-0.0988052,-0.103734,-0.705941,-0.324053,0.00893202,-0.0707874,-0.0324015,-0.0574329,-2.61577,1.34919,0.177046,1.80623,1.47213,0.794007,-0.971465,0,-0.479642,-0.682358,-0.706625,-0.271843,0,6.3556,0.31562,-1.30693,0.0226395,3.19065,-1.00867,1.82697,0.15112,0.178272,-0.960314,-0.770594,0.111449,0,0,0,0.997054,0.06088,-0.06251,0.997454,-0.0444527,-0.0371241,-0.0765425,-0.102677,0.870792,0.146585,-0.134534,-0.245282,0.272896,-0.0976727,-0.276438,0.125389,0.253038,0.233242,-0.340106,0.233048,-0.00394045,0.00979533,0.60268,0.374218,-0.722476,0.730294,0.117912,-0.24621,-0.570824,-0.0725645,-0.217477,0.0901882,0.00154583,-0.0587755,-6.22549,2.68681,0.156735,0.725114,0.611377,0.388705,-0.920134,2.82129,-4.18813,-1.21507,-0.818605,-0.70252,-0.614581,10.0534,-3.28949,-0.690025,-0.0595047,-1.50039,0.787878,1.38102,0.19893,1.01142,0.3819,-0.81909,0.225511,-0.801312,0.934462,-0.453472,1.26379,-4.05103,0.968018,0.910588,1.07345,0.113106,1.74152,0.321643,0.0815735,2.16802,-0.994122,-5.25753,-0.864711,0.834903,-0.501512,1.77617,-4.78302,1.09209,0.448344,0.584658,0.102414,1.87664,0.267183,0.168593,1.76221,-0.97015,-5.44653,0.0865853,-0.194534,-0.245282,0.272896,-0.0976727,-0.276438,0.125389,0.253038,0.233242,-0.340106,0.383048,-0.15394,0.00979533,0.72268,0.494218,-0.722476,0.730294,0.0579123,-0.30621,-0.820824,-0.322565,-0.217477,0.0901882,0.00154583,-0.0587755,-0.460656,0.407231,-0.0906945,0.252758,-0.810206,-0.181005,0.0611764,0.193604,0.182118,0.214689,0.435365,-0.24593,0.0226211,0.990761,0.280821,-0.761114,0.724296,-0.0192132,1.02401,-0.755315,-0.319763,-0.198824,-1.05151,-0.0130965,-0.0545419,0.999343,-0.0277172,0.0232724,0.00194001,0.760842,-0.0416843,0.0207934,-0.647263
-0.0892712,-0.293974,-0.140669,0.216379,0.0249415,-0.176498,0.0139774,0,-0.0495362,-0.425753,0.412158,-0.259419,0,1.31672,0.389488,-0.873966,0.730914,-0.0216776,-0.123686,-0.658461,-0.329068,0.0156609,-0.0722302,-0.0449816,-0.0600501,-2.8838,1.60042,0.219929,1.79,1.38118,0.58769,-1.04525,0,-0.452436,-0.716748,-0.660266,-0.299408,0,6.14073,-0.137095,-1.76986,0.077239,3.39037,-1.00535,1.99107,0.0305468,0.225723,-0.693861,-0.728116,0.0387559,0,0,0,0.997751,0.0501804,-0.0527469,0.996887,-0.0413585,-0.060813,-0.0662971,-0.0121668,0.546991,0.0170478,-0.0841305,-0.237983,0.279144,-0.0853147,-0.269547,0.106278,0.297092,0.151113,-0.363202,0.217101,-0.0199823,0.00712577,0.800382,0.310776,-0.744161,0.729877,0.0961705,-0.231041,-0.539369,-0.0693251,-0.201482,0.0952327,-0.0176789,-0.0574314,-6.48851,2.38207,0.633661,-0.00631644,0.635139,0.378785,-0.967635,1.6438,-3.76512,-0.922734,-0.778672,-0.888457,0.248684,9.54081,-3.05923,-1.32167,0.000192967,-0.656755,0.733487,1.66697,0.132839,0.63469,0.16525,-0.820977,0.0039127,-0.864711,0.834903,-0.501512,1.77617,-4.78302,1.09209,0.448344,0.584658,0.102414,1.87664,0.267183,0.168593,1.76221,-0.97015,-5.44653,-0.885938,0.684228,-0.439992,2.33494,-5.15823,1.10274,0.0541561,-0.267207,0.152335,1.94464,0.278406,0.23756,1.48665,-0.86866,-5.51491,-0.0429522,-0.144131,-0.237983,0.279144,-0.0853147,-0.269547,0.106278,0.297092,0.151113,-0.363202,0.367101,-0.169982,0.00712577,0.920382,0.430776,-0.744161,0.729877,0.0361705,-0.291041,-0.789369,-0.319325,-0.201482,0.0952327,-0.017679,-0.0574314,-0.492355,0.357451,-0.100302,0.355235,-0.956603,-0.178623,0.0383258,0.218419,0.0896688,0.116932,0.4232,-0.252145,0.0204828,1.05832,0.253591,-0.816966,0.726821,0.0242966,0.821103,-0.705941,-0.324053,-0.19403,-1.08931,-0.0324015,-0.0574329,0.99927,-0.0287066,0.0234841,0.00912041,0.768016,-0.0525699,0.0278774,-0.637661
-0.150415,-0.247736,-0.128976,0.26282,0.0485159,-0.174885,-0.0133663,0,-0.0365465,-0.435909,0.403363,-0.268813,0,1.40209,0.357536,-0.933265,0.738142,0.011274,-0.136898,-0.614771,-0.335537,0.0250631,-0.0697591,-0.0441116,-0.0621197,-2.93583,1.81386,0.329344,1.94961,1.32044,0.435576,-1.14183,0,-0.121859,-0.654064,-0.594114,-0.350496,0,5.57906,-0.575256,-2.12839,0.162496,2.86753,-0.901927,2.0491,-0.0756457,0.299039,-0.448637,-0.496631,-0.00391472,0,0,0,0.997411,0.0563656,-0.0588854,0.996621,-0.0412882,-0.0597472,-0.0711375,-0.022653,0.0890262,-0.109493,-0.0393535,-0.22011,0.274687,-0.073,-0.260963,0.0873805,0.313797,0.0863749,-0.379048,0.202273,-0.0393567,0.022065,0.976438,0.254683,-0.778502,0.73066,0.0968977,-0.218427,-0.502279,-0.0673533,-0.189825,0.0946429,-0.0336721,-0.0587764,-6.06167,2.12176,1.17354,-0.332635,0.600721,0.536509,-0.918092,0.180458,-2.64836,-0.564649,-0.714157,-1.02985,1.02603,8.07108,-2.56502,-1.92307,0.0604484,0.54768,0.528064,1.94195,0.0815765,0.539673,-0.230894,-0.639149,-0.0734876,-0.885938,0.684228,-0.439992,2.33494,-5.15823,1.10274,0.0541561,-0.267207,0.152335,1.94464,0.278406,0.23756,1.48665,-0.86866,-5.51491,-1.02996,0.573904,-0.453787,2.67744,-5.46335,1.19685,-0.207038,-0.689456,0.214587,2.12922,0.280487,0.217122,1.47781,-0.827694,-5.69321,-0.169493,-0.0993535,-0.22011,0.274687,-0.073,-0.260963,0.0873805,0.313797,0.0863749,-0.379048,0.352273,-0.189357,0.022065,1.09644,0.374683,-0.778502,0.73066,0.0368977,-0.278427,-0.752279,-0.317353,-0.189825,0.0946429,-0.0336721,-0.0587764,-0.502969,0.282114,-0.0879984,0.466989,-1.03165,-0.176498,0.0139774,0.220547,0.0108312,-0.0534414,0.412158,-0.259419,0.0304669,1.09232,0.259203,-0.873966,0.730914,0.0587802,0.683324,-0.658461,-0.329068,-0.173732,-1.10298,-0.0449816,-0.0600501,0.999211,-0.0294903,0.0236726,0.0121593,0.768016,-0.0525699,0.0278774,-0.637661
-0.200783,-0.205724,-0.110979,0.296329,0.0660026,-0.164785,-0.0414468,0,-0.0159028,-0.433734,0.39518,-0.280648,0,1.46012,0.331564,-0.975252,0.745293,-0.0145318,-0.150463,-0.580305,-0.344814,0.0468444,-0.0674076,-0.0271241,-0.0691489,-2.81059,1.89988,0.500502,1.86736,1.18661,0.456407,-1.22049,0,0.224354,-0.425232,-0.538626,-0.422866,0,4.77585,-0.792262,-2.11968,0.22101,1.62019,-0.834827,1.95136,-0.192108,0.536048,-0.278773,-0.0928301,-0.108178,0,0,0,0.998495,0.0390295,-0.0417716,0.996446,-0.0355327,-0.0746457,-0.0918897,-0.0429179,-0.415418,-0.225988,-0.000847964,-0.191891,0.268456,-0.0617926,-0.247898,0.0686538,0.304854,0.045413,-0.385185,0.189275,-0.0608276,0.0458007,1.12087,0.210979,-0.82341,0.733133,0.112406,-0.211551,-0.460678,-0.0661719,-0.179834,0.0833778,-0.0408364,-0.0607102,-5.56869,1.76935,1.63484,-0.236314,0.518016,0.801964,-0.955101,-0.863199,-1.50035,-0.0267777,-0.601176,-1.10247,1.14644,6.47665,-1.85911,-2.38142,0.157637,0.886794,0.18191,2.12748,0.0476313,0.453483,-0.833444,-0.20129,-0.0812466,-1.02996,0.573904,-0.453787,2.67744,-5.46335,1.19685,-0.207038,-0.689456,0.214587,2.12922,0.280487,0.217122,1.47781,-0.827694,-5.69321,-1.1128,0.548749,-0.320954,2.89555,-5.50767,1.1931,-0.304151,-1.03884,0.270081,2.26531,0.306365,0.183683,1.50258,-0.771268,-5.6299,-0.285988,-0.060848,-0.191891,0.268456,-0.0617926,-0.247898,0.0686538,0.304854,0.045413,-0.385185,0.339275,-0.210828,0.0458007,1.24087,0.330979,-0.82341,0.733133,0.0524061,-0.271551,-0.710678,-0.316172,-0.179834,0.0833778,-0.0408364,-0.0607102,-0.574982,0.226952,-0.0907573,0.535488,-1.09267,-0.174885,-0.0133663,0.239371,-0.0414076,-0.137891,0.403363,-0.268813,0.0429174,1.18461,0.260244,-0.933265,0.738142,0.0485609,0.678905,-0.614771,-0.335537,-0.165539,-1.13864,-0.0441116,-0.0621197,0.999221,-0.0302381,0.0231773,0.0102819,0.77175,-0.0614239,0.0307421,-0.632206
-0.245762,-0.165825,-0.0898291,0.323371,0.0804454,-0.150441,-0.0698958,0,0.008568,-0.425395,0.387303,-0.293703,0,1.50448,0.308582,-1.00858,0.752405,-0.0697163,-0.164205,-0.550451,-0.355495,0.0748153,-0.0651159,-0.00207793,-0.0786579,-2.64209,1.9284,0.667597,1.71278,1.04727,0.534643,-1.28108,0,0.52411,-0.172571,-0.495191,-0.49183,0,4.00858,-0.899312,-1.98374,0.261387,0.306364,-0.790503,1.81377,-0.294693,0.794797,-0.160766,0.310712,-0.21836,0,0,0,0.998912,0.0332513,-0.035463,0.996948,-0.0302903,-0.0706367,-0.116118,-0.144769,-0.982069,-0.330409,0.0317567,-0.154127,0.268242,-0.0529269,-0.227961,0.0492262,0.281628,0.0277855,-0.379468,0.178292,-0.0833597,0.0642853,1.23257,0.181961,-0.873525,0.737464,0.127573,-0.212173,-0.416976,-0.0660004,-0.170919,0.0616368,-0.0348024,-0.0651079,-4.88971,1.54578,2.09431,0.211299,0.370674,1.19615,-0.982376,-1.29487,-0.380676,0.556092,-0.509383,-1.13719,0.648188,4.8281,-1.12249,-2.4939,0.240571,0.636387,-0.20572,2.17268,-0.0139878,0.424503,-1.27299,0.400845,-0.21841,-1.1128,0.548749,-0.320954,2.89555,-5.50767,1.1931,-0.304151,-1.03884,0.270081,2.26531,0.306365,0.183683,1.50258,-0.771268,-5.6299,-1.11715,0.423212,-0.255523,2.73794,-5.38048,1.17397,-0.338361,-1.35831,0.331453,2.42607,0.25312,0.0729096,1.72385,-0.723345,-5.60593,-0.390409,-0.0282433,-0.154127,0.268242,-0.0529269,-0.227961,0.0492262,0.281628,0.0277855,-0.379468,0.328292,-0.23336,0.0642853,1.35257,0.301961,-0.873525,0.737464,0.0675727,-0.272173,-0.666976,-0.316,-0.170919,0.0616368,-0.0348024,-0.0651079,-0.616398,0.214375,-0.0641908,0.57911,-1.10153,-0.164785,-0.0414468,0.238621,-0.0608302,-0.207767,0.39518,-0.280648,0.0540162,1.25266,0.273182,-0.975252,0.745293,0.0318414,0.69129,-0.580305,-0.344814,-0.154254,-1.12598,-0.0271241,-0.0691489,0.99928,-0.0310262,0.0216066,0.00305306,0.769155,-0.0632551,0.0270351,-0.635349
-0.280309,-0.123211,-0.0679286,0.323461,0.0906699,-0.126589,-0.0986776,0,0.0264844,-0.40826,0.381065,-0.30895,0,1.51056,0.283406,-1.01812,0.752619,-0.112696,-0.174684,-0.531388,-0.372766,0.0780984,-0.063946,0.0106561,-0.0893562,-2.36768,1.9891,0.795826,1.2003,0.886457,0.732033,-1.32848,0,0.635622,0.136226,-0.440193,-0.572984,0,2.89711,-1.00716,-1.53162,0.186172,-0.430242,-0.710534,1.55557,-0.465353,0.605604,-0.0949871,0.408508,-0.313326,0,0,0,0.999271,0.00849624,-0.0109882,0.997673,-0.0365485,-0.0676511,-0.0996616,-0.30386,-1.42196,-0.420467,0.0617504,-0.109358,0.277038,-0.0479293,-0.199007,0.0287655,0.255707,0.0283812,-0.363724,0.168941,-0.106289,0.0733294,1.31251,0.166222,-0.922553,0.743166,0.129317,-0.219702,-0.373842,-0.0673598,-0.162523,0.0339111,-0.0174547,-0.07243,-4.16401,1.49069,2.32447,0.615773,0.142176,1.6728,-1.05686,-1.20802,0.320652,0.952497,-0.433183,-1.14239,0.292549,3.31382,-0.531697,-2.33832,0.294891,-0.316683,-0.515069,2.09626,-0.101448,0.398942,-1.47061,0.842324,-0.338004,-1.11715,0.423212,-0.255523,2.73794,-5.38048,1.17397,-0.338361,-1.35831,0.331453,2.42607,0.25312,0.0729096,1.72385,-0.723345,-5.60593,-0.935426,0.116906,-0.212605,2.3731,-4.67049,1.08313,-0.344073,-1.72906,0.258774,2.52202,0.107933,0.00634286,1.9799,-0.739196,-5.25987,-0.480467,0.00175037,-0.109358,0.277038,-0.0479293,-0.199007,0.0287655,0.255707,0.0283812,-0.363724,0.318941,-0.256289,0.0733294,1.43251,0.286222,-0.922553,0.743166,0.0693174,-0.279702,-0.623842,-0.31736,-0.162523,0.0339111,-0.0174547,-0.07243,-0.618573,0.151606,-0.0511046,0.547588,-1.0761,-0.150441,-0.0698958,0.234795,-0.0676721,-0.271662,0.387303,-0.293703,0.0662907,1.33304,0.24656,-1.00858,0.752405,-0.0235452,0.801927,-0.550451,-0.355495,-0.144669,-1.12119,-0.00207793,-0.0786579,0.999291,-0.0316943,0.0181513,-0.00912752,0.769155,-0.0632551,0.0270351,-0.635349
-0.315256,-0.0794274,-0.0472423,0.317628,0.10048,-0.101466,-0.126436,0,0.0404957,-0.391792,0.375482,-0.32477,0,1.50672,0.255247,-1.02203,0.749073,-0.143329,-0.183182,-0.514899,-0.39348,0.0773597,-0.0632688,0.013958,-0.0985669,-2.18158,2.04912,0.867373,0.752709,0.767669,0.889256,-1.34632,0,0.655105,0.342373,-0.39188,-0.63839,0,1.97034,-1.12739,-1.13085,0.0771306,-0.760657,-0.624847,1.33624,-0.636453,0.412841,-0.0563328,0.335485,-0.357488,0,0,0,0.999402,-0.00601698,0.00407682,0.998378,-0.0343231,-0.0566141,-0.0336001,-0.453763,-1.75151,-0.494342,0.0921596,-0.0618374,0.291543,-0.0481486,-0.159673,0.00652071,0.232544,0.0395,-0.341558,0.160864,-0.129123,0.0670656,1.36236,0.159489,-0.964086,0.748554,0.112925,-0.231915,-0.334222,-0.071541,-0.156576,0.00503289,-0.000879394,-0.0817343,-3.29343,1.5644,2.38229,0.781477,-0.140149,2.20266,-1.15902,-1.08025,0.703631,1.20153,-0.376456,-1.12679,-0.757675,1.82256,-0.201658,-1.83623,0.230982,-1.13507,-0.689334,1.85536,-0.280366,0.211348,-1.43168,0.656701,-0.412218,-0.935426,0.116906,-0.212605,2.3731,-4.67049,1.08313,-0.344073,-1.72906,0.258774,2.52202,0.107933,0.00634286,1.9799,-0.739196,-5.25987,-1.03286,-0.0119841,-0.177686,1.8673,-3.77604,1.07779,-0.377302,-1.89944,0.105798,2.56865,-0.0226353,-0.167067,2.43442,-0.716774,-4.80771,-0.554342,0.0321596,-0.0618374,0.291543,-0.0481486,-0.159673,0.00652071,0.232544,0.0395,-0.341558,0.310864,-0.279123,0.0670656,1.48236,0.27949,-0.964086,0.748554,0.0529249,-0.291915,-0.584222,-0.321541,-0.156576,0.00503289,-0.000879394,-0.0817343,-0.527713,-0.00154715,-0.042521,0.47462,-0.934097,-0.126589,-0.0986776,0.216625,-0.0688146,-0.345812,0.381065,-0.30895,0.0517548,1.38101,0.173967,-1.01812,0.752619,-0.0568286,0.929951,-0.531388,-0.372766,-0.147839,-1.05197,0.0106561,-0.0893562,0.999104,-0.0318239,0.0126691,-0.0248399,0.764021,-0.0634661,0.0192802,-0.641773
-0.351,-0.0333066,-0.0289845,0.299948,0.10946,-0.0738041,-0.15215,0,0.046697,-0.37666,0.371208,-0.341736,0,1.48304,0.221123,-1.01471,0.738008,-0.149267,-0.187719,-0.503557,-0.421079,0.0685771,-0.063577,-0.00160408,-0.104802,-2.06326,2.12619,0.881028,0.261706,0.672076,1.03741,-1.32812,0,0.551593,0.466653,-0.33843,-0.701372,0,1.0241,-1.30104,-0.681741,-0.111978,-0.62153,-0.505448,1.1055,-0.8595,0.15725,-0.0440562,0.00140793,-0.343773,0,0,0,0.998298,-0.0373081,0.0347363,0.997779,-0.046846,-0.0551895,0.0318007,-0.580991,-1.30404,-0.55473,0.126314,-0.0144293,0.302644,-0.0521521,-0.131132,-0.0120025,0.214911,0.0484765,-0.323589,0.1594,-0.150988,0.0308281,1.38388,0.154274,-0.953053,0.750583,0.07695,-0.245485,-0.326196,-0.0806289,-0.152917,-0.0196233,0.0334018,-0.0915239,-2.76695,1.85064,2.44096,0.302644,-0.24258,0.334698,-0.636733,-0.61582,0.235096,0.585148,0.276095,-1.06719,-2.44102,0.458393,-0.326535,2.60837,0.00367456,-2.23544,-0.674185,-1.23285,-0.551012,0.168767,-1.07828,2.09389,-0.418847,-1.03286,-0.0119841,-0.177686,1.8673,-3.77604,1.07779,-0.377302,-1.89944,0.105798,2.56865,-0.0226353,-0.167067,2.43442,-0.716774,-4.80771,-1.0662,-0.19518,-0.0690644,1.51454,-3.05781,1.21816,-0.364623,-2.39571,-0.157816,2.6836,-0.0523173,-0.215682,2.65057,-0.658841,-4.66375,-0.61473,0.066314,-0.0144293,0.302644,-0.0521521,-0.131132,-0.0120025,0.214911,0.0484765,-0.323589,0.3094,-0.300988,0.0308281,1.50388,0.274274,-0.953053,0.750583,0.01695,-0.305485,-0.576196,-0.330629,-0.152917,-0.0196233,0.0334018,-0.0915239,-0.576431,-0.065992,-0.0355372,0.373461,-0.755208,-0.101466,-0.126436,0.215558,-0.0754604,-0.379889,0.375482,-0.32477,0.0211595,1.40433,0.108682,-1.02203,0.749073,-0.143534,1.15721,-0.514899,-0.39348,-0.143355,-0.961542,0.013958,-0.0985669,0.99869,-0.0314451,0.00584692,-0.039929,0.764021,-0.0634661,0.0192802,-0.641773
-0.38518,0.0102805,-0.0114507,0.274273,0.11501,-0.046778,-0.174893,0,0.0493825,-0.362803,0.367853,-0.35998,0,1.4381,0.186725,-1.0052,0.722585,-0.149463,-0.192346,-0.492407,-0.453912,0.0567238,-0.0605811,-0.0221178,-0.108281,-1.95698,2.14214,0.879726,-0.201933,0.553702,1.13158,-1.27083,0,0.426398,0.534504,-0.287231,-0.764619,0,0.0427391,-1.42669,-0.334665,-0.309738,-0.43802,-0.423219,0.941105,-1.09415,-0.0677243,0.0140983,-0.306721,-0.292822,0,0,0,0.998002,-0.0412657,0.0389332,0.998054,-0.0497568,-0.0467439,0.132652,-0.619137,-0.716293,-0.605907,0.165157,0.0296363,0.299484,-0.0580558,-0.139301,-0.0236371,0.21168,0.0461219,-0.32016,0.167008,-0.171827,-0.0326737,1.38125,0.147245,-0.908323,0.749048,0.0257089,-0.259601,-0.362762,-0.0941934,-0.148533,-0.0404605,0.0451134,-0.0994425,-2.39137,1.98496,1.9413,-0.526968,-0.337195,-0.831143,-0.637233,0.206756,-0.369529,-0.120181,0.354773,-1.00752,-3.28833,-0.575396,-0.350044,1.56544,-0.116415,-2.69628,-0.740034,-1.88152,-0.737867,0.251893,-1.05954,-0.235149,-0.306074,-1.0662,-0.19518,-0.0690644,1.51454,-3.05781,1.21816,-0.364623,-2.39571,-0.157816,2.6836,-0.0523173,-0.215682,2.65057,-0.658841,-4.66375,-1.12632,-0.30339,0.0238902,1.21833,-2.27512,1.17542,-0.492856,-2.51176,-0.443148,2.49993,-0.0533119,-0.289374,3.01073,-0.652795,-4.07922,-0.665907,0.105157,0.0296363,0.299484,-0.0580558,-0.139301,-0.0236371,0.21168,0.0461219,-0.32016,0.317008,-0.321827,-0.0326737,1.50125,0.267245,-0.908323,0.749048,-0.0342911,-0.319601,-0.612762,-0.344193,-0.148533,-0.0404605,0.0451134,-0.0994425,-0.593099,-0.15759,-0.0138129,0.302907,-0.611562,-0.0738041,-0.15215,0.243633,-0.0729247,-0.479142,0.371208,-0.341736,-0.0315633,1.4618,0.0938413,-1.01471,0.738008,-0.167841,1.16081,-0.503557,-0.421079,-0.131768,-0.93275,-0.00160408,-0.104802,0.998325,-0.0308323,-0.00141601,-0.0489374,0.759578,-0.0633082,0.0119579,-0.647217
-0.418578,0.0526007,0.00572114,0.2446,0.118845,-0.02007,-0.196151,0,0.0503102,-0.349585,0.364957,-0.378863,0,1.38252,0.152191,-0.994611,0.704982,-0.146789,-0.197018,-0.481352,-0.489363,0.0433351,-0.0559333,-0.0451074,-0.110381,-1.87086,2.1343,0.873386,-0.586449,0.44511,1.19273,-1.20846,0,0.312394,0.572429,-0.244498,-0.818473,0,-0.803704,-1.51669,-0.0753631,-0.48086,-0.266502,-0.366333,0.824585,-1.29766,-0.248237,0.079587,-0.559548,-0.23648,0,0,0,0.99781,-0.0355949,0.0334519,0.998683,-0.0570624,-0.0369617,0.182276,-0.449735,-0.238719,-0.651334,0.20299,0.0603615,0.279134,-0.0653925,-0.160864,-0.0401125,0.217556,0.031812,-0.3286,0.170814,-0.191228,-0.100908,1.35691,0.141063,-0.890917,0.744444,-0.0275394,-0.274957,-0.393312,-0.112565,-0.143613,-0.0609286,0.0275214,-0.104658,-2.16029,1.77954,1.2177,-1.37784,-0.390118,-1.19235,-1.01567,0.287775,-0.95024,-0.610794,0.0432783,-0.926129,-3.09353,-1.74059,-0.25675,0.40198,-0.300083,-2.56558,-0.799065,-1.17478,-1.02591,0.233002,-1.00951,-0.97333,-0.194385,-1.12632,-0.30339,0.0238902,1.21833,-2.27512,1.17542,-0.492856,-2.51176,-0.443148,2.49993,-0.0533119,-0.289374,3.01073,-0.652795,-4.07922,-1.0553,-0.341954,0.0616376,0.869313,-1.13177,1.06454,-0.55115,-2.49874,-0.894413,2.36415,-0.0696502,-0.395395,3.13398,-0.581774,-3.10808,-0.711334,0.14299,0.0603615,0.279134,-0.0653925,-0.160864,-0.0401125,0.217556,0.031812,-0.3286,0.320814,-0.341228,-0.100908,1.47691,0.261063,-0.890917,0.744444,-0.0875394,-0.334957,-0.643312,-0.362565,-0.143613,-0.0609286,0.0275214,-0.104658,-0.623159,-0.211695,0.00477804,0.243665,-0.455024,-0.046778,-0.174893,0.235084,-0.0985713,-0.502352,0.367853,-0.35998,-0.0886296,1.36996,0.0933441,-1.0052,0.722585,-0.204687,1.1434,-0.492407,-0.453912,-0.130559,-0.815845,-0.0221178,-0.108281,0.998143,-0.0298454,-0.00751879,-0.0525651,0.755604,-0.0599365,0.00602523,-0.652252
-0.44459,0.0828743,0.0218123,0.217428,0.116954,0.00286154,-0.213886,0,0.0531922,-0.339078,0.362419,-0.399557,0,1.29402,0.137455,-0.984708,0.686392,-0.145062,-0.210639,-0.472512,-0.530519,0.0276573,-0.0455605,-0.0602807,-0.1118,-1.69978,1.94812,0.852738,-0.818104,0.283208,1.17888,-1.11194,0,0.261905,0.558298,-0.209215,-0.883335,0,-1.89011,-1.28273,0.0957839,-0.615441,-0.160641,-0.46075,0.709821,-1.52571,-0.408932,0.211303,-0.619283,-0.186822,0,0,0,0.997368,-0.03666,0.0340797,0.998543,-0.0639931,-0.0395897,0.15951,-0.2144,0.0415754,-0.690458,0.236061,0.0775502,0.244085,-0.0733221,-0.184372,-0.0649071,0.217611,0.00779987,-0.344904,0.167638,-0.20873,-0.17599,1.30876,0.135858,-0.887582,0.735778,-0.0789952,-0.289983,-0.409087,-0.137407,-0.137553,-0.0747932,0.00352729,-0.107932,-1.76317,1.54155,0.59854,-1.99732,-0.39931,-1.10967,-1.43716,-0.270188,-1.3631,-0.923863,-0.309622,-0.816229,-3.93729,-2.92881,-0.259248,0.0209565,-0.507097,-2.5444,-0.731395,-0.500122,-1.36459,0.349735,-0.460025,-1.06312,-0.122863,-1.0553,-0.341954,0.0616376,0.869313,-1.13177,1.06454,-0.55115,-2.49874,-0.894413,2.36415,-0.0696502,-0.395395,3.13398,-0.581774,-3.10808,-0.978966,-0.295491,0.116711,0.624138,-0.182658,1.00013,-0.561951,-2.59202,-1.33687,2.25443,-0.0540591,-0.478046,3.16594,-0.544646,-2.17149,-0.750458,0.176061,0.0775502,0.244085,-0.0733221,-0.184372,-0.0649071,0.217611,0.00779987,-0.344904,0.317638,-0.35873,-0.17599,1.42876,0.255858,-0.887582,0.735778,-0.138995,-0.349983,-0.659087,-0.387407,-0.137553,-0.0747932,0.00352729,-0.107932,-0.58765,-0.230977,0.0123275,0.173863,-0.226355,-0.02007,-0.196151,0.212909,-0.11023,-0.499747,0.364957,-0.378863,-0.178883,1.30207,0.0851749,-0.994611,0.704982,-0.257698,1.12509,-0.481352,-0.489363,-0.116355,-0.621617,-0.0451074,-0.110381,0.998135,-0.0287405,-0.0110862,-0.0526973,0.755604,-0.0599365,0.00602523,-0.652252
-0.467267,0.110307,0.0371122,0.19389,0.115453,0.0243923,-0.23059,0,0.0574394,-0.329314,0.359935,-0.420427,0,1.19571,0.127127,-0.974167,0.668407,-0.141332,-0.226179,-0.464353,-0.57254,0.0134074,-0.0376526,-0.0699837,-0.112943,-1.53,1.77517,0.826414,-0.925729,0.17573,1.14818,-1.02892,0,0.247043,0.537266,-0.183707,-0.931397,0,-2.79775,-1.05284,0.22516,-0.700584,-0.0565106,-0.555619,0.619257,-1.69831,-0.500002,0.26653,-0.579043,-0.147914,0,0,0,0.997598,-0.0201879,0.01812,0.999334,-0.0668574,-0.0303851,0.077551,-0.0516571,0.211847,-0.719151,0.265965,0.0836109,0.200123,-0.0809762,-0.203364,-0.0967482,0.206041,-0.0232207,-0.368173,0.15813,-0.223466,-0.269984,1.23797,0.129443,-0.887691,0.723249,-0.130315,-0.301196,-0.41382,-0.169312,-0.129476,-0.0684891,-0.0171544,-0.110084,-1.15458,1.45483,0.0949635,-2.29326,-0.357449,-0.808855,-1.72011,-0.807519,-1.67509,-1.29501,-0.589901,-0.651812,-4.77163,-3.99571,-0.364336,-0.00015592,-0.682747,-2.54283,-0.458919,-0.0403168,-1.71904,0.43003,0.842247,-0.875716,-0.0837085,-0.978966,-0.295491,0.116711,0.624138,-0.182658,1.00013,-0.561951,-2.59202,-1.33687,2.25443,-0.0540591,-0.478046,3.16594,-0.544646,-2.17149,-0.793904,-0.202939,0.192908,0.64416,0.323481,0.96142,-0.249125,-2.62522,-1.49,2.00169,-0.0491961,-0.355485,2.93274,-0.52188,-1.57313,-0.779151,0.205965,0.0836109,0.200123,-0.0809762,-0.203364,-0.0967482,0.206041,-0.0232207,-0.368173,0.30813,-0.373466,-0.269984,1.35797,0.249443,-0.887691,0.723249,-0.190315,-0.361196,-0.66382,-0.419312,-0.129476,-0.0684891,-0.0171544,-0.110084,-0.549483,-0.207745,0.0233422,0.124828,-0.0365316,0.00286154,-0.213886,0.200026,-0.11239,-0.518405,0.362419,-0.399557,-0.267374,1.24721,0.0929705,-0.984708,0.686392,-0.299023,1.11345,-0.472512,-0.530519,-0.108929,-0.434297,-0.0602807,-0.1118,0.998229,-0.0280233,-0.0123201,-0.0510049,0.751788,-0.0551255,0.00203429,-0.657093
-0.483272,0.132058,0.0508294,0.177624,0.114732,0.0431215,-0.245233,0,0.0644172,-0.321036,0.35756,-0.441653,0,1.07778,0.125615,-0.96235,0.651631,-0.133599,-0.245555,-0.457558,-0.616288,0.00201297,-0.0346747,-0.0687461,-0.113533,-1.31108,1.56889,0.784249,-0.892001,0.112204,1.08466,-0.939889,0,0.277596,0.500264,-0.164234,-0.970358,0,-3.72742,-0.759659,0.334868,-0.742055,0.0764383,-0.679582,0.535405,-1.84504,-0.520918,0.231239,-0.386767,-0.112384,0,0,0,0.997609,-0.0177765,0.0156818,0.999373,-0.067308,-0.0306358,-0.0380359,-0.0235532,-0.0280308,-0.730733,0.296015,0.0839965,0.158811,-0.0882536,-0.215514,-0.132985,0.188734,-0.0523311,-0.398539,0.143265,-0.234264,-0.342965,1.14373,0.12045,-0.885077,0.708173,-0.16799,-0.306273,-0.408057,-0.207444,-0.120372,-0.0346966,-0.0355863,-0.111636,-0.113072,1.52816,0.0154561,-1.78537,-0.358803,-0.457052,-1.8921,-0.880009,-1.22049,-1.7474,-0.825276,-0.429177,-2.26929,-5.25973,-0.500224,0.228118,-0.773921,-1.36315,-0.141335,0.534057,-1.99483,0.455522,2.24082,-0.834965,-0.0627366,-0.793904,-0.202939,0.192908,0.64416,0.323481,0.96142,-0.249125,-2.62522,-1.49,2.00169,-0.0491961,-0.355485,2.93274,-0.52188,-1.57313,-0.690564,-0.0137501,0.25147,0.507066,0.517989,0.82837,0.0716558,-2.85617,-1.54188,1.70321,-0.0119129,-0.143338,2.63151,-0.5627,-1.30298,-0.790733,0.236015,0.0839965,0.158811,-0.0882536,-0.215514,-0.132985,0.188734,-0.0523311,-0.398539,0.293265,-0.384264,-0.342965,1.26373,0.24045,-0.885077,0.708173,-0.22799,-0.366273,-0.658057,-0.457444,-0.120372,-0.0346966,-0.0355863,-0.111636,-0.456952,-0.16147,0.0385816,0.128832,0.0646962,0.0243923,-0.23059,0.192284,-0.049825,-0.525043,0.359935,-0.420427,-0.298,1.12085,0.0954019,-0.974167,0.668407,-0.237743,1.11586,-0.464353,-0.57254,-0.104376,-0.314626,-0.0699837,-0.112943,0.998287,-0.0280624,-0.0125085,-0.0497807,0.751788,-0.0551255,0.00203429,-0.657093
-0.491529,0.151409,0.0621125,0.164347,0.114867,0.0587876,-0.258201,0,0.0750299,-0.315087,0.355768,-0.461967,0,0.938464,0.124561,-0.95382,0.63668,-0.114895,-0.265885,-0.451942,-0.658163,-0.00666968,-0.0307609,-0.066164,-0.115974,-1.04162,1.38848,0.718219,-0.823563,0.0805666,0.994256,-0.852439,0,0.353508,0.439412,-0.141843,-0.98397,0,-4.6989,-0.547574,0.362363,-0.743698,0.334077,-0.780646,0.459025,-1.91964,-0.494882,0.220575,-0.232005,-0.115291,0,0,0,0.99726,-0.0120771,0.0103975,0.999673,-0.0732375,-0.0225283,-0.14018,-0.128784,-0.378082,-0.719166,0.329805,0.0842474,0.131466,-0.0949942,-0.219967,-0.170842,0.171177,-0.0682259,-0.441324,0.126539,-0.240345,-0.34959,1.02237,0.1083,-0.879174,0.692043,-0.171948,-0.305988,-0.391228,-0.250583,-0.113056,0.0217211,-0.0487959,-0.112693,1.11859,1.81293,0.0277242,-1.00303,-0.301825,-0.0279663,-1.88455,-0.871081,-0.437299,-2.36378,-0.798026,-0.190934,1.07709,-6.66906,-0.686209,0.293919,-0.80097,0.595376,0.0890431,1.0582,-2.22279,0.287567,3.10806,-0.520733,-0.0419693,-0.690564,-0.0137501,0.25147,0.507066,0.517989,0.82837,0.0716558,-2.85617,-1.54188,1.70321,-0.0119129,-0.143338,2.63151,-0.5627,-1.30298,-0.567782,0.12294,0.316711,0.379292,0.390542,0.684111,0.179746,-3.08528,-1.58518,1.40926,0.0337811,0.0680106,2.36401,-0.476368,-1.24624,-0.779166,0.269805,0.0842474,0.131466,-0.0949942,-0.219967,-0.170842,0.171177,-0.0682259,-0.441324,0.276539,-0.390345,-0.34959,1.14237,0.2283,-0.879174,0.692043,-0.231948,-0.365988,-0.641228,-0.500583,-0.113056,0.0217211,-0.0487959,-0.112693,-0.405282,-0.066875,0.050294,0.101413,0.103598,0.0431215,-0.245233,0.165674,0.0143312,-0.571233,0.35756,-0.441653,-0.308375,0.971603,0.114044,-0.96235,0.651631,-0.131669,1.12666,-0.457558,-0.616288,-0.11254,-0.260597,-0.0687461,-0.113533,0.998142,-0.0288343,-0.0132656,-0.0520146,0.748803,-0.0510192,0.00127532,-0.660825
-0.495913,0.169559,0.0721783,0.152564,0.11543,0.0729223,-0.270331,0,0.08746,-0.310304,0.354268,-0.481827,0,0.788459,0.123735,-0.946933,0.622643,-0.0907042,-0.28669,-0.446915,-0.6991,-0.0139964,-0.026379,-0.0629096,-0.119341,-0.794881,1.24419,0.653742,-0.753243,0.0648356,0.907999,-0.778658,0,0.433908,0.379341,-0.121789,-0.986668,0,-5.5393,-0.395684,0.35696,-0.731155,0.596712,-0.858536,0.396718,-1.9578,-0.456319,0.22013,-0.113587,-0.131216,0,0,0,0.995999,-0.018114,0.0167808,0.999732,-0.0877707,-0.0144155,-0.234736,-0.293693,-0.722145,-0.682486,0.369607,0.0858205,0.119564,-0.100238,-0.215439,-0.206478,0.1528,-0.0675178,-0.493128,0.112509,-0.242303,-0.315394,0.8729,0.0932831,-0.873938,0.675968,-0.137457,-0.303441,-0.366256,-0.297555,-0.106448,0.0864359,-0.0558179,-0.114419,2.36892,2.10836,0.142292,-0.267205,-0.213314,0.386558,-1.68316,-0.96721,0.413209,-2.69429,-0.603323,-0.023966,1.75975,-8.0394,-0.783023,0.293317,-0.782233,2.39501,0.102717,1.28318,-2.38449,0.36129,3.20252,-0.188934,-0.0870579,-0.567782,0.12294,0.316711,0.379292,0.390542,0.684111,0.179746,-3.08528,-1.58518,1.40926,0.0337811,0.0680106,2.36401,-0.476368,-1.24624,-0.488261,0.260204,0.314056,0.206769,0.204267,0.588951,0.143326,-3.20009,-1.56473,1.1082,0.0723865,0.231245,2.13604,-0.259605,-1.3146,-0.742486,0.309607,0.0858205,0.119564,-0.100238,-0.215439,-0.206478,0.1528,-0.0675178,-0.493128,0.262509,-0.392303,-0.315393,0.9929,0.213283,-0.873938,0.675968,-0.197457,-0.363441,-0.616256,-0.547555,-0.106448,0.0864359,-0.0558179,-0.114419,-0.343891,0.00147005,0.0633421,0.0758584,0.0781083,0.0587876,-0.258201,0.136822,0.0359491,-0.617056,0.355768,-0.461967,-0.317035,0.824629,0.136891,-0.95382,0.63668,-0.0259947,1.12201,-0.451942,-0.658163,-0.0952736,-0.249247,-0.066164,-0.115974,0.997749,-0.0303568,-0.0156352,-0.05771,0.747296,-0.0460264,0.00340279,-0.662887
-0.485458,0.186975,0.0790333,0.137939,0.119172,0.0828631,-0.279667,0,0.0914754,-0.307727,0.353658,-0.498714,0,0.607219,0.123818,-0.945604,0.612688,-0.0499725,-0.307981,-0.44303,-0.734925,-0.0243185,-0.0211437,-0.0668854,-0.125645,-0.399591,1.13217,0.560444,-0.746633,0.101518,0.784712,-0.685107,0,0.363966,0.304184,-0.094394,-0.943981,0,-6.59611,-0.275736,0.26981,-0.661121,1.02867,-0.920336,0.335984,-1.90784,-0.474253,0.232621,-0.139148,-0.186403,0,0,0,0.994804,-0.0353422,0.0343988,0.999342,-0.0958175,-0.00816523,-0.335785,-0.450754,-0.984715,-0.622366,0.414353,0.0896272,0.119049,-0.103346,-0.202463,-0.237269,0.131597,-0.0528388,-0.546471,0.103594,-0.242056,-0.291595,0.698555,0.0778598,-0.870319,0.660775,-0.0752251,-0.305992,-0.339714,-0.346906,-0.0937812,0.140702,-0.0572325,-0.117158,3.45799,2.31225,0.237908,0.141171,-0.105927,0.843171,-1.4297,-1.14211,0.935221,-2.58845,-0.301039,0.0389154,0.541694,-9.14431,-0.740982,0.0673012,-0.719958,3.42967,-0.361974,1.31777,-2.46775,0.808955,2.26716,-0.0647101,-0.127317,-0.488261,0.260204,0.314056,0.206769,0.204267,0.588951,0.143326,-3.20009,-1.56473,1.1082,0.0723865,0.231245,2.13604,-0.259605,-1.3146,-0.480345,0.382018,0.396225,0.209079,0.0626062,0.50855,0.170973,-3.32704,-1.64051,0.911873,0.0837338,0.310903,1.82194,-0.165825,-1.29061,-0.682366,0.354353,0.0896272,0.119049,-0.103346,-0.202463,-0.237269,0.131597,-0.0528388,-0.546471,0.253594,-0.392056,-0.291595,0.818555,0.19786,-0.870319,0.660775,-0.135225,-0.365992,-0.589714,-0.596906,-0.0937812,0.140702,-0.0572325,-0.117158,-0.30413,0.0701021,0.0628112,0.0413537,0.0408534,0.0729223,-0.270331,0.11779,0.0286653,-0.640017,0.354268,-0.481827,-0.312947,0.674101,0.156193,-0.946933,0.622643,0.0556224,1.00802,-0.446915,-0.6991,-0.051921,-0.26292,-0.0629096,-0.119341,0.997057,-0.032743,-0.0197599,-0.0664476,0.747296,-0.0460264,0.00340279,-0.662887
-0.465091,0.206454,0.0866876,0.125303,0.125349,0.0925252,-0.287961,0,0.0945927,-0.303172,0.353352,-0.514288,0,0.413732,0.12373,-0.943995,0.603391,-0.0069858,-0.329213,-0.440429,-0.768301,-0.0396409,-0.0148981,-0.0700459,-0.131782,0.025784,1.08471,0.507124,-0.712196,0.163725,0.69423,-0.603985,0,0.301536,0.28126,-0.0706668,-0.89439,0,-7.51958,-0.194337,0.212991,-0.602245,1.36487,-0.962717,0.274196,-1.83614,-0.561814,0.256519,-0.144812,-0.222535,0,0,0,0.992139,-0.0494766,0.0486381,0.998766,-0.115299,-0.00442047,0.0636849,-0.184904,-0.390861,-0.580614,0.45552,0.0882423,0.116897,-0.106566,-0.187238,-0.266064,0.112539,-0.0304926,-0.601735,0.0992878,-0.237685,-0.300923,0.620845,0.0653755,-0.861921,0.645858,-0.0444133,-0.308789,-0.31777,-0.391793,0.00350611,0.166061,-0.0471965,-0.121536,0.254043,1.70194,-0.382836,-0.364611,-0.277475,0.478662,-1.4672,-0.615271,0.558232,-2.98182,-0.110581,0.407029,-1.11724,1.36861,-0.489426,0.91059,-0.76853,-1.11063,0.278818,0.562811,-1.97344,3.22973,0.350957,1.02905,-0.207594,-0.480345,0.382018,0.396225,0.209079,0.0626062,0.50855,0.170973,-3.32704,-1.64051,0.911873,0.0837338,0.310903,1.82194,-0.165825,-1.29061,-1.06958,0.624667,1.09339,0.716631,0.266002,0.590021,0.541651,-2.98018,-1.38839,0.339543,0.372147,-0.292421,1.53239,-0.337247,-0.746716,-0.640614,0.39552,0.0882423,0.116897,-0.106566,-0.187238,-0.266064,0.112539,-0.0304926,-0.601735,0.249288,-0.387685,-0.300923,0.740845,0.185376,-0.861921,0.645858,-0.104413,-0.368789,-0.56777,-0.641793,0.00350611,0.166061,-0.0471965,-0.121536,-0.300173,0.131009,0.0792451,0.0418157,0.0125212,0.0828631,-0.279667,0.10171,0.0341946,-0.665407,0.353658,-0.498714,-0.328103,0.575937,0.161867,-0.945604,0.612688,0.0954514,0.85097,-0.44303,-0.734925,-0.0331651,-0.258122,-0.0668854,-0.125645,0.996361,-0.034387,-0.0238551,-0.0742471,0.74676,-0.0424329,0.00801004,-0.663691
-0.424902,0.230059,0.0959403,0.11664,0.136397,0.10163,-0.294171,0,0.095914,-0.294659,0.353653,-0.527233,0,0.195752,0.1233,-0.941829,0.595407,0.0405107,-0.350328,-0.440398,-0.796782,-0.064964,-0.00663189,-0.0715758,-0.137585,0.620892,1.11337,0.493778,-0.628472,0.280328,0.622528,-0.515931,0,0.230895,0.324584,-0.0449598,-0.820256,0,-8.53341,-0.14249,0.18159,-0.541325,1.66786,-0.990626,0.192398,-1.7125,-0.773117,0.303557,-0.124317,-0.242829,0,0,0,0.991458,-0.0608043,0.0594341,0.998115,-0.116098,-0.00829296,0.164742,0.227732,-0.899809,-0.588667,0.477747,0.0910697,0.112825,-0.121139,-0.184201,-0.289907,0.102742,-0.0167364,-0.649077,0.0972676,-0.231738,-0.306056,0.678573,0.0644206,-0.847223,0.630815,-0.0859286,-0.302656,-0.31445,-0.432834,0.0288213,0.163786,-0.0387752,-0.127329,-0.558075,0.652619,0.653782,-0.0160008,-1.11267,-0.0823211,-0.957585,-0.431283,0.976991,-1.75948,-0.159982,0.16911,0.625977,3.20805,0.319091,0.508771,-0.694888,-2.37182,0.250263,0.0361847,-2.08894,0.406965,-0.348807,-0.0758511,-0.259864,-1.06958,0.624667,1.09339,0.716631,0.266002,0.590021,0.541651,-2.98018,-1.38839,0.339543,0.372147,-0.292421,1.53239,-0.337247,-0.746716,-1.02572,0.655304,1.07532,1.24596,0.503936,0.585102,0.0661496,-3.05331,-1.30214,0.191044,0.443442,-0.334821,0.582382,-0.333997,-0.339106,-0.648667,0.417747,0.0910697,0.112825,-0.121139,-0.184201,-0.289907,0.102742,-0.0167364,-0.649077,0.247268,-0.381738,-0.306056,0.798573,0.184421,-0.847223,0.630815,-0.145929,-0.362656,-0.56445,-0.682834,0.0288213,0.163786,-0.0387752,-0.127329,-0.59479,0.252334,0.218679,0.143326,0.0532003,0.0925252,-0.287961,0.118004,0.10833,-0.596035,0.353352,-0.514288,-0.277678,0.289772,0.306074,-0.943995,0.603391,-0.206211,0.706196,-0.440429,-0.768301,-0.0674494,-0.149343,-0.0700459,-0.131782,0.996017,-0.0317671,-0.0246578,-0.0795802,0.74676,-0.0424329,0.00801004,-0.663691
-0.432118,0.26032,0.109894,0.125522,0.152913,0.110264,-0.298551,0,0.105774,-0.278633,0.354144,-0.537302,0,0.117484,0.123741,-0.939884,0.588918,0.0217868,-0.371539,-0.44334,-0.818461,-0.113787,0.000346602,-0.0706539,-0.139942,0.326377,1.23328,0.554952,-0.306702,0.443959,0.565284,-0.42685,0,0.309524,0.467597,-0.0241056,-0.725207,0,-7.14741,-0.0931298,0.156295,-0.476267,0.886642,-1.0116,0.0905527,-1.52394,-1.27353,0.317167,-0.0731933,-0.205335,0,0,0,0.990564,-0.0768507,0.0734001,0.996713,-0.115735,-0.025634,0.0717851,0.493759,-1.4109,-0.597032,0.48126,0.112672,0.116051,-0.149963,-0.189153,-0.304821,0.0967095,0.00920474,-0.672257,0.093144,-0.23102,-0.273996,0.734831,0.0801841,-0.841684,0.619021,-0.131665,-0.304476,-0.313175,-0.474554,0.0316906,0.144081,-0.0450492,-0.133316,-0.276987,-0.174562,1.34511,0.271639,-1.65894,-0.335683,-0.60386,-0.16027,1.51112,-0.763319,-0.215086,-0.049897,2.08791,2.41591,1.13062,0.119911,-0.495907,-2.16389,-0.314857,0.0918713,-2.01086,0.0567359,-1.43762,-0.352825,-0.251269,-1.02572,0.655304,1.07532,1.24596,0.503936,0.585102,0.0661496,-3.05331,-1.30214,0.191044,0.443442,-0.334821,0.582382,-0.333997,-0.339106,-0.922635,0.683299,1.1727,1.51009,0.352459,0.571653,-0.226169,-3.09677,-1.23262,0.169325,0.208193,-0.108445,-0.385526,-0.388422,0.162805,-0.657032,0.42126,0.112672,0.116051,-0.149963,-0.189153,-0.304821,0.0967095,0.00920474,-0.672257,0.243144,-0.38102,-0.273996,0.854831,0.200184,-0.841684,0.619021,-0.191665,-0.364476,-0.563175,-0.724554,0.0316906,0.144081,-0.0450492,-0.133316,-0.572861,0.267652,0.215063,0.249191,0.100787,0.10163,-0.294171,0.11702,0.0132299,-0.610662,0.353653,-0.527233,-0.260429,0.215522,0.341721,-0.941829,0.595407,-0.227411,0.231191,-0.440398,-0.796782,-0.0667994,-0.0678213,-0.0715758,-0.137585,0.995163,-0.0275257,-0.0228835,-0.091486,0.743236,-0.0450937,0.0133346,-0.667375
-0.463038,0.293909,0.126198,0.143176,0.172162,0.118663,-0.302016,0,0.119903,-0.258851,0.35473,-0.545932,0,0.109072,0.124617,-0.938049,0.583176,-0.0300474,-0.392798,-0.447768,-0.83674,-0.17436,0.00668121,-0.0685061,-0.140576,-0.235329,1.36713,0.633032,0.0501177,0.599505,0.521687,-0.350772,0,0.428605,0.62405,-0.00807851,-0.637095,0,-5.12936,-0.0520449,0.136931,-0.41952,-0.156863,-1.027,-0.00303262,-1.34095,-1.80006,0.317036,-0.0190178,-0.153238,0,0,0,0.992043,-0.0848709,0.0787834,0.994618,-0.0982023,-0.0594307,0.0282591,0.62673,-1.5646,-0.599104,0.473713,0.142705,0.122454,-0.184617,-0.195049,-0.31417,0.0987252,0.0425535,-0.680157,0.0898628,-0.23348,-0.23273,0.774351,0.103817,-0.843276,0.610978,-0.171704,-0.315178,-0.309399,-0.512214,0.0330662,0.106373,-0.0509975,-0.137457,0.00889406,-0.486812,1.56809,0.315957,-1.72187,-0.287478,-0.356562,0.327854,1.72899,-0.161912,-0.119341,-0.174845,1.70267,1.65549,1.13628,-0.0415918,-0.334451,-1.87064,-0.664856,0.127752,-1.737,0.096879,-2.11391,-0.0227794,-0.150998,-0.922635,0.683299,1.1727,1.51009,0.352459,0.571653,-0.226169,-3.09677,-1.23262,0.169325,0.208193,-0.108445,-0.385526,-0.388422,0.162805,-0.809567,0.658657,1.06449,1.70043,0.177191,0.600981,-0.252111,-3.09686,-1.25267,0.413489,0.0419661,0.0554864,-0.670752,-0.454454,0.305971,-0.659104,0.413713,0.142705,0.122454,-0.184617,-0.195049,-0.31417,0.0987252,0.0425535,-0.680156,0.239863,-0.38348,-0.23273,0.894351,0.223817,-0.843276,0.610978,-0.231704,-0.375178,-0.559399,-0.762214,0.0330662,0.106373,-0.0509975,-0.137457,-0.521318,0.281649,0.23454,0.302019,0.0704919,0.110264,-0.298551,0.114331,-0.0452337,-0.619354,0.354144,-0.537302,-0.246523,0.204663,0.224097,-0.939884,0.588918,-0.114222,-0.252763,-0.44334,-0.818461,-0.0776843,0.032561,-0.0706539,-0.139942,0.993839,-0.0227991,-0.0194404,-0.106709,0.73402,-0.0576957,0.0185583,-0.676418
-0.471943,0.323358,0.136948,0.151795,0.180803,0.120788,-0.301134,0,0.142895,-0.241562,0.355071,-0.549297,0,0.108977,0.126681,-0.938023,0.580302,-0.0588262,-0.411465,-0.45099,-0.843828,-0.226824,0.0142664,-0.0685498,-0.138949,-0.298305,1.39872,0.604363,0.16437,0.54928,0.397054,-0.23231,0,0.644907,0.696163,-0.000533282,-0.49644,0,-3.59198,-0.0054747,0.0962363,-0.336768,-0.541486,-0.998918,-0.0504527,-1.04498,-2.047,0.335703,-0.0139686,-0.0828608,0,0,0,0.99014,-0.114549,0.108645,0.99131,-0.0884243,-0.0646715,0.032954,0.625349,-1.40867,-0.596944,0.463205,0.172008,0.127783,-0.212564,-0.197326,-0.319737,0.112534,0.0763578,-0.667895,0.0898675,-0.237156,-0.22029,0.802619,0.11817,-0.846758,0.605897,-0.206942,-0.328264,-0.306141,-0.543199,0.0355431,0.0711339,-0.0525439,-0.139506,0.173254,-0.473993,1.33176,0.200381,-1.13966,0.0381816,-0.21457,0.954662,1.61788,0.931127,0.0972467,-0.184975,-0.303149,1.25067,0.397649,-0.204631,-0.19559,-1.68024,-0.831056,0.154881,-1.37984,0.142117,-1.46863,-0.0178433,-0.0660002,-0.809567,0.658657,1.06449,1.70043,0.177191,0.600981,-0.252111,-3.09686,-1.25267,0.413489,0.0419661,0.0554864,-0.670752,-0.454454,0.305971,-0.858908,0.865499,1.0756,1.84336,-0.348998,0.654082,-0.136909,-3.10855,-1.18478,0.358735,0.0775814,0.298379,-0.49767,-0.623089,0.157737,-0.656944,0.403205,0.172008,0.127783,-0.212564,-0.197326,-0.319737,0.112534,0.0763578,-0.667895,0.239867,-0.387156,-0.22029,0.922619,0.23817,-0.846758,0.605897,-0.266942,-0.388264,-0.556142,-0.793199,0.0355431,0.0711339,-0.0525439,-0.139506,-0.464784,0.269329,0.212897,0.340085,0.0354382,0.118663,-0.302016,0.120196,-0.0504223,-0.619372,0.35473,-0.545932,-0.250534,0.326744,0.140983,-0.938049,0.583176,-0.0322568,-0.395376,-0.447768,-0.83674,-0.0908908,0.0611941,-0.0685061,-0.140576,0.9923,-0.0179929,-0.0153059,-0.121584,0.73402,-0.0576957,0.0185583,-0.676418
-0.474638,0.349309,0.142182,0.148545,0.181237,0.119311,-0.295376,0,0.157861,-0.232374,0.355337,-0.551145,0,0.109193,0.128712,-0.938229,0.575086,-0.065579,-0.427204,-0.452684,-0.849004,-0.249796,0.0245467,-0.0670455,-0.138211,-0.249237,1.36837,0.501571,0.0663014,0.390996,0.255788,-0.0762473,0,0.675922,0.625133,0.00361246,-0.375234,0,-2.51114,0.026632,0.0642728,-0.313988,-0.480333,-0.935326,-0.0607272,-0.809119,-1.77749,0.389197,0.0127872,-0.0469342,0,0,0,0.990138,-0.123871,0.11745,0.988598,-0.0763706,-0.0856136,0.152345,0.536348,-1.11248,-0.590611,0.458594,0.194797,0.128937,-0.232302,-0.193468,-0.322073,0.139221,0.107419,-0.655213,0.0933243,-0.24122,-0.233855,0.824052,0.119172,-0.847671,0.602967,-0.23872,-0.337988,-0.304893,-0.566405,0.0388713,0.0441742,-0.0498245,-0.139454,0.432276,-0.0104472,0.972776,-0.064726,-0.899582,0.336265,-0.0480394,1.56902,1.50533,0.327958,0.231314,-0.212809,-0.736173,0.936228,-0.197977,-0.0145141,-0.107849,-1.52624,-0.182333,0.0708768,-0.972853,0.191662,-1.24339,0.0175086,0.0251426,-0.858908,0.865499,1.0756,1.84336,-0.348998,0.654082,-0.136909,-3.10855,-1.18478,0.358735,0.0775814,0.298379,-0.49767,-0.623089,0.157737,-1.03197,1.02369,1.17989,1.95868,-0.773793,0.723412,-0.0349708,-3.18717,-1.051,0.454692,0.0770567,0.606685,0.0394787,-0.449263,-0.114783,-0.650611,0.398594,0.194797,0.128937,-0.232302,-0.193468,-0.322073,0.139221,0.107419,-0.655213,0.243324,-0.39122,-0.233855,0.944052,0.239172,-0.847671,0.602967,-0.29872,-0.397988,-0.554893,-0.816405,0.0388713,0.0441742,-0.0498245,-0.139454,-0.489454,0.372749,0.21512,0.368672,-0.0697996,0.120788,-0.301134,0.130816,-0.0273818,-0.621711,0.355071,-0.549297,-0.236956,0.299368,0.158791,-0.938023,0.580302,0.0891897,-0.308835,-0.45099,-0.843828,-0.124618,0.0315473,-0.0685498,-0.138949,0.990856,-0.0131333,-0.011645,-0.133777,0.728153,-0.0635514,0.0218154,-0.682113
-0.464912,0.368266,0.136387,0.121555,0.165253,0.110632,-0.279866,0,0.156774,-0.239388,0.355451,-0.549961,0,0.110032,0.130677,-0.938899,0.565183,-0.0282798,-0.437086,-0.451322,-0.850355,-0.213786,0.0402174,-0.062445,-0.139251,-0.028588,1.24222,0.264168,-0.358436,0.0339454,0.048856,0.179275,0,0.456838,0.33239,0.0042431,-0.244897,0,-1.74522,0.0481217,0.0349408,-0.368336,0.223255,-0.802948,-0.0220805,-0.586653,-0.704084,0.507497,0.0779589,-0.0484593,0,0,0,0.988335,-0.141478,0.135204,0.985469,-0.0700971,-0.0939939,0.301077,0.469985,-0.747927,-0.579926,0.465648,0.209234,0.123551,-0.250232,-0.183032,-0.320351,0.172563,0.135304,-0.658142,0.0988013,-0.246338,-0.230889,0.840342,0.108616,-0.848903,0.600586,-0.267992,-0.326073,-0.301609,-0.582451,0.0437922,0.0182526,-0.0495134,-0.138728,0.597142,0.660398,0.537527,-0.428013,-0.938148,0.648086,0.204441,1.62782,1.30096,-0.642675,0.304782,-0.299126,0.887286,0.724027,-0.725829,-0.0673076,-0.131323,-1.42007,0.701973,0.236834,-0.666259,0.285935,-1.22106,0.0168367,0.0317691,-1.03197,1.02369,1.17989,1.95868,-0.773793,0.723412,-0.0349708,-3.18717,-1.051,0.454692,0.0770567,0.606685,0.0394787,-0.449263,-0.114783,-1.06938,1.10758,1.21885,1.63307,-0.849081,0.882097,-0.33632,-3.40956,-0.932987,0.447705,0.19877,0.908179,0.765221,0.0473389,-0.444395,-0.639926,0.405648,0.209234,0.123551,-0.250232,-0.183032,-0.320351,0.172563,0.135304,-0.658142,0.248801,-0.396338,-0.230889,0.960342,0.228616,-0.848903,0.600586,-0.327992,-0.386073,-0.551609,-0.832451,0.0437922,0.0182526,-0.0495134,-0.138728,-0.575984,0.451844,0.235978,0.391736,-0.154759,0.119311,-0.295376,0.144682,-0.00699416,-0.637434,0.355337,-0.551145,-0.210201,0.347346,0.158528,-0.938229,0.575086,0.243343,-0.0402607,-0.452684,-0.849004,-0.0898526,-0.0229566,-0.0670455,-0.138211,0.989727,-0.00771097,-0.00905206,-0.142471,0.728153,-0.0635514,0.0218154,-0.682113
-0.456798,0.385927,0.12823,0.0814303,0.139607,0.100114,-0.261059,0,0.145236,-0.25161,0.353597,-0.542829,0,0.111928,0.133908,-0.937275,0.558782,0.0166906,-0.431806,-0.449966,-0.842222,-0.14834,0.0577933,-0.0584385,-0.138845,0.101708,1.13447,0.0625633,-0.852775,-0.360928,-0.123561,0.40759,0,0.146711,0.0493431,-0.0248408,-0.0644471,0,-1.19321,0.0821435,0.0488201,-0.35384,0.830835,-0.482871,0.00488242,-0.28866,0.488822,0.618888,0.114669,-0.0278291,0,0,0,0.983667,-0.167937,0.161843,0.982702,-0.0787838,-0.0780702,0.412734,0.468013,-0.121309,-0.567942,0.484207,0.21295,0.109136,-0.266328,-0.167791,-0.312964,0.20456,0.155677,-0.684816,0.105763,-0.253108,-0.195661,0.852376,0.0900477,-0.853334,0.59629,-0.294451,-0.305021,-0.292751,-0.592695,0.0509581,0.00633265,-0.050429,-0.138819,0.586349,1.08354,-0.0885778,-0.941738,-0.690838,0.908593,0.480646,1.50664,0.80439,-1.79584,0.379778,-0.36881,2.17214,0.502007,-1.05642,-0.506072,-0.261996,-1.2473,1.31944,0.6637,-0.385658,0.407958,-0.186009,-0.302047,-0.0167198,-1.06938,1.10758,1.21885,1.63307,-0.849081,0.882097,-0.33632,-3.40956,-0.932987,0.447705,0.19877,0.908179,0.765221,0.0473389,-0.444395,-0.860432,0.980977,1.07542,1.40399,-0.876,0.912964,-0.691529,-3.59977,-0.962115,0.429708,0.364775,1.04375,1.84269,0.651514,-0.748858,-0.627942,0.424207,0.21295,0.109136,-0.266328,-0.167791,-0.312964,0.20456,0.155677,-0.684816,0.255763,-0.403108,-0.195661,0.972376,0.210048,-0.853334,0.59629,-0.354451,-0.365021,-0.542751,-0.842695,0.0509581,0.00633265,-0.050429,-0.138819,-0.594691,0.493791,0.24377,0.326613,-0.169816,0.110632,-0.279866,0.176419,-0.0672639,-0.681912,0.355451,-0.549961,-0.186597,0.343853,0.219385,-0.938899,0.565183,0.39409,0.32261,-0.451322,-0.850355,0.00946779,-0.088879,-0.062445,-0.139251,0.989255,-0.00187769,-0.00695231,-0.146024,0.735746,-0.0501206,0.0182345,-0.675155
-0.449488,0.40294,0.118892,0.0347383,0.10913,0.0886782,-0.240604,0,0.128472,-0.266436,0.350759,-0.532723,0,0.114353,0.137771,-0.934504,0.554133,0.0654966,-0.418946,-0.448613,-0.829347,-0.0681776,0.076322,-0.054729,-0.137716,0.180836,1.04932,-0.0962714,-1.29732,-0.709809,-0.258035,0.592136,0,-0.148763,-0.187853,-0.0599623,0.106477,0,-0.798881,0.115448,0.0757412,-0.317426,1.31367,-0.145111,0.0237113,-0.00893072,1.54462,0.711152,0.13591,-0.00253908,0,0,0,0.979397,-0.184816,0.180156,0.981723,-0.0912404,-0.0454239,0.510397,0.511506,0.404047,-0.555423,0.506963,0.205043,0.0847311,-0.279237,-0.145755,-0.30017,0.230076,0.167196,-0.730406,0.112979,-0.261005,-0.165276,0.858211,0.0706008,-0.866285,0.58971,-0.317086,-0.269147,-0.275382,-0.596178,0.0608502,0.0160803,-0.05379,-0.138835,0.662914,1.12595,-0.618855,-1.41618,-0.643651,1.33514,0.748824,1.00879,0.43525,-2.52098,0.322276,-0.414722,0.723685,0.11332,-0.847503,-0.896372,-0.355788,-1.02473,2.12904,1.0271,-0.00810983,0.535548,0.878419,-0.23231,0.00339107,-0.860432,0.980977,1.07542,1.40399,-0.876,0.912964,-0.691529,-3.59977,-0.962115,0.429708,0.364775,1.04375,1.84269,0.651514,-0.748858,-0.542852,0.857209,0.875101,1.51716,-0.857261,0.942003,-0.979229,-3.57574,-1.11319,0.332359,0.515364,0.864979,2.94902,1.24568,-0.871238,-0.615423,0.446963,0.205043,0.0847311,-0.279237,-0.145755,-0.30017,0.230076,0.167196,-0.730406,0.262979,-0.411005,-0.165276,0.978211,0.190601,-0.866285,0.58971,-0.377086,-0.329147,-0.525382,-0.846178,0.0608502,0.0160803,-0.05379,-0.138835,-0.490216,0.430489,0.215083,0.280797,-0.1752,0.100114,-0.261059,0.182593,-0.138306,-0.719953,0.353597,-0.542829,-0.192423,0.334854,0.302387,-0.937275,0.558782,0.461873,0.861345,-0.449966,-0.842222,0.130303,-0.149772,-0.0584385,-0.138845,0.989613,0.00430731,-0.00474412,-0.143613,0.744686,-0.0285726,0.009919,-0.666729
-0.461408,0.384176,0.121332,-0.00147015,0.0602186,0.0831024,-0.219572,0,0.11287,-0.265187,0.343267,-0.518035,0,0.173843,0.233346,-0.921227,0.565175,0.0989313,-0.421747,-0.449157,-0.798054,-0.0230722,0.101383,-0.0563188,-0.12866,-0.0522137,0.453068,-0.0307876,-1.45125,-1.23054,-0.264261,0.72998,0,-0.338152,-0.11276,-0.154356,0.294842,0,0.333133,1.51445,0.252175,-0.0565653,1.42109,-0.143584,0.00843773,0.46313,1.75781,0.873723,0.0712897,0.134064,0,0,0,0.981806,-0.174281,0.168772,0.98286,-0.0870194,-0.0601094,0.618682,0.492793,0.571221,-0.538109,0.527739,0.190216,0.0532563,-0.295549,-0.112851,-0.28192,0.245306,0.175772,-0.780291,0.117167,-0.269252,-0.186153,0.85421,0.0606557,-0.885357,0.582149,-0.335084,-0.216989,-0.252542,-0.591025,0.0722087,0.0433631,-0.0551475,-0.138228,1.04138,0.944857,-0.806837,-1.67772,-0.98177,1.88811,1.04727,0.53292,0.452764,-2.34994,0.113596,-0.414905,-2.27604,-0.463494,-0.179617,-0.944368,-0.377539,-0.784794,2.94172,1.18645,0.447013,0.601821,1.62235,0.000999466,0.0311481,-0.542852,0.857209,0.875101,1.51716,-0.857261,0.942003,-0.979229,-3.57574,-1.11319,0.332359,0.515364,0.864979,2.94902,1.24568,-0.871238,-0.437312,0.692334,0.709087,1.86066,-1.04262,0.992823,-1.01948,-3.51974,-1.22809,0.498282,0.584835,0.396858,3.66196,1.67456,-0.675255,-0.598109,0.467739,0.190216,0.0532563,-0.295549,-0.112851,-0.28192,0.245306,0.175772,-0.780291,0.267167,-0.419252,-0.186153,0.97421,0.180656,-0.885357,0.582149,-0.395084,-0.276989,-0.502542,-0.841025,0.0722087,0.0433631,-0.0551475,-0.138228,-0.331426,0.368604,0.17502,0.303433,-0.171452,0.0886782,-0.240604,0.188401,-0.195846,-0.715148,0.350759,-0.532723,-0.222638,0.286179,0.377682,-0.934504,0.554133,0.372489,1.2773,-0.448613,-0.829347,0.249136,-0.174248,-0.054729,-0.137716,0.990403,0.0110844,-0.00269488,-0.137739,0.744686,-0.0285726,0.009919,-0.666729
-0.465408,0.359399,0.124155,-0.0309505,0.0105386,0.0773979,-0.198003,0,0.111574,-0.258397,0.335447,-0.50184,0,0.228587,0.344769,-0.90844,0.579291,0.117834,-0.416251,-0.448736,-0.761829,0.00732645,0.127204,-0.0599253,-0.118287,-0.0965497,-0.0545175,0.0207923,-1.45808,-1.60658,-0.270552,0.834523,0,-0.256157,0.0229142,-0.225344,0.449329,0,1.05436,2.73146,0.368331,0.172136,1.2783,-0.0180685,0.0122221,0.867567,1.68645,0.998912,-0.00419465,0.249441,0,0,0,0.984241,-0.155392,0.152056,0.987363,-0.0902695,-0.0311091,0.592862,0.485788,0.316909,-0.514151,0.540692,0.176115,0.0206286,-0.322061,-0.0697951,-0.259213,0.249056,0.187677,-0.816958,0.117404,-0.277072,-0.247354,0.839694,0.067901,-0.900457,0.576594,-0.349056,-0.152499,-0.230009,-0.576086,0.0842589,0.0822285,-0.0558489,-0.133494,1.30177,0.385412,-0.608904,-1.57516,-1.60262,2.33794,1.20258,-0.115269,0.699564,-1.35133,-0.0581559,-0.371324,-3.14483,-0.925229,0.803838,-0.607924,-0.192014,-0.628867,3.41948,1.0514,0.945311,0.59089,2.11153,-0.0386142,0.256855,-0.437312,0.692334,0.709087,1.86066,-1.04262,0.992823,-1.01948,-3.51974,-1.22809,0.498282,0.584835,0.396858,3.66196,1.67456,-0.675255,-0.394909,0.600743,0.383644,2.09547,-1.23053,1.10403,-1.11321,-3.17857,-1.30348,0.546249,0.697576,0.0438065,2.85851,1.60343,-0.5701,-0.574151,0.480692,0.176115,0.0206286,-0.322061,-0.0697951,-0.259213,0.249056,0.187677,-0.816958,0.267404,-0.427072,-0.247354,0.959694,0.187901,-0.900457,0.576594,-0.409056,-0.212499,-0.480009,-0.826086,0.0842589,0.0822285,-0.0558489,-0.133494,-0.278656,0.286167,0.141817,0.372131,-0.208524,0.0831024,-0.219572,0.198565,-0.203895,-0.703947,0.343267,-0.518035,-0.245618,0.369141,0.412418,-0.921227,0.565175,0.138429,1.3701,-0.449157,-0.798054,0.334913,-0.135051,-0.0563188,-0.12866,0.991026,0.0182347,-0.00104851,-0.132415,0.743062,-0.0094211,-0.00249378,-0.669151
-0.453569,0.322593,0.127744,-0.0469746,-0.0406788,0.0714357,-0.17536,0,0.138886,-0.240526,0.326973,-0.482626,0,0.27384,0.487887,-0.896632,0.599553,0.107671,-0.394162,-0.446386,-0.715738,0.00831127,0.154543,-0.0675652,-0.10528,0.110012,-0.590246,0.0683814,-1.26102,-1.89286,-0.278819,0.92381,0,0.230374,0.284104,-0.284859,0.602728,0,1.41685,4.05879,0.434947,0.424425,0.742371,0.318684,0.0438185,1.29866,1.19529,1.10933,-0.117534,0.369714,0,0,0,0.985202,-0.152687,0.148491,0.987263,-0.0856014,-0.0447148,0.46084,0.496001,-0.0299886,-0.48686,0.539529,0.16592,-0.00841881,-0.361638,-0.0191918,-0.2357,0.242785,0.204133,-0.824505,0.114899,-0.28291,-0.29364,0.817263,0.0966943,-0.908155,0.576102,-0.360186,-0.0822056,-0.211313,-0.551285,0.0954646,0.12204,-0.0580553,-0.125228,1.39425,-0.416829,-0.460684,-1.36291,-2.24303,2.64668,1.16156,-0.433852,0.88003,0.409009,-0.168762,-0.227113,-1.33881,-1.26525,1.92417,-0.246586,0.0899063,-0.496356,3.6185,0.837301,1.41134,0.533291,1.86388,-0.108425,0.381394,-0.394909,0.600743,0.383644,2.09547,-1.23053,1.10403,-1.11321,-3.17857,-1.30348,0.546249,0.697576,0.0438065,2.85851,1.60343,-0.5701,-0.415435,0.646595,0.0921227,2.36535,-1.18958,1.19344,-1.48926,-2.75164,-1.30535,0.0837574,1.10109,-0.359046,2.35659,1.72857,-0.206663,-0.54686,0.479529,0.16592,-0.00841881,-0.361638,-0.0191918,-0.2357,0.242785,0.204133,-0.824505,0.264899,-0.43291,-0.29364,0.937263,0.216694,-0.908155,0.576102,-0.420186,-0.142206,-0.461313,-0.801285,0.0954646,0.12204,-0.0580553,-0.125228,-0.257454,0.240371,0.0767287,0.419094,-0.246106,0.0773979,-0.198003,0.220807,-0.222641,-0.635714,0.335447,-0.50184,-0.260695,0.393124,0.468788,-0.90844,0.579291,-0.0380967,1.36926,-0.448736,-0.761829,0.320685,-0.11402,-0.0599253,-0.118287,0.99114,0.0249423,0.00105122,-0.130452,0.743062,-0.0094211,-0.00249378,-0.669151
-0.438312,0.283116,0.123184,-0.0722232,-0.0873264,0.0603685,-0.152846,0,0.149988,-0.220444,0.320742,-0.460212,0,0.318372,0.635527,-0.892159,0.62037,0.081401,-0.342454,-0.442505,-0.665357,0.0353286,0.183882,-0.0732986,-0.0941816,0.305854,-1.00533,-0.0205235,-1.26144,-2.02472,-0.361181,0.984379,0,0.327799,0.50011,-0.292865,0.758132,0,1.65978,5.05575,0.371563,0.609354,0.125609,0.998691,0.0888863,1.66479,1.24196,1.21661,-0.168274,0.425271,0,0,0,0.987917,-0.137128,0.135556,0.990422,-0.0751316,-0.0161444,0.369785,0.543191,-0.013739,-0.458697,0.519098,0.154288,-0.0360655,-0.413621,0.0345437,-0.214731,0.236793,0.220727,-0.79374,0.109843,-0.285263,-0.291586,0.787442,0.153043,-0.910063,0.581584,-0.367247,-0.00983247,-0.195898,-0.51748,0.106651,0.148265,-0.0630489,-0.11422,1.40842,-1.5019,-0.741601,-1.43756,-2.81592,2.66377,0.98639,-0.127249,0.716334,2.36505,-0.309328,-0.037364,1.11391,-1.66769,3.49803,-0.0210855,0.382941,-0.224708,3.73807,0.711731,1.83094,0.578764,0.894763,-0.243748,0.495942,-0.415435,0.646595,0.0921227,2.36535,-1.18958,1.19344,-1.48926,-2.75164,-1.30535,0.0837574,1.10109,-0.359046,2.35659,1.72857,-0.206663,-0.26353,0.357161,-0.00236151,2.9732,-1.03698,1.11671,-1.5919,-2.23226,-1.40093,0.0391382,1.43314,-0.132525,1.21165,0.909099,0.502831,-0.518697,0.459098,0.154288,-0.0360655,-0.413621,0.0345437,-0.214731,0.236793,0.220727,-0.79374,0.259843,-0.435263,-0.291586,0.907442,0.273043,-0.910063,0.581584,-0.427247,-0.0698325,-0.445898,-0.76748,0.106651,0.148265,-0.0630489,-0.11422,-0.267718,0.263297,0.0184245,0.473071,-0.237917,0.0714357,-0.17536,0.238688,-0.297853,-0.550327,0.326973,-0.482626,-0.261071,0.161879,0.670544,-0.896632,0.599553,-0.239523,1.1183,-0.446386,-0.715738,0.345714,-0.0413325,-0.0675652,-0.10528,0.990981,0.0308696,0.00397396,-0.130339,0.73857,0.00471127,-0.0177903,-0.673925
-0.421347,0.242303,0.114551,-0.102084,-0.131689,0.0467489,-0.130396,0,0.152986,-0.199255,0.315633,-0.436196,0,0.362544,0.785428,-0.891353,0.641465,0.0470772,-0.275937,-0.437859,-0.61283,0.0753623,0.21422,-0.0780787,-0.084038,0.468568,-1.31593,-0.143866,-1.33092,-2.08274,-0.457121,1.02581,0,0.274424,0.6679,-0.281643,0.890928,0,1.82442,5.78754,0.272185,0.742966,-0.42693,1.69684,0.131909,1.95326,1.46988,1.30671,-0.189494,0.449844,0,0,0,0.988642,-0.140488,0.141055,0.989977,-0.0518632,0.0144312,0.162905,0.665387,0.0916643,-0.434061,0.467402,0.138365,-0.0631921,-0.471926,0.0832393,-0.197587,0.234859,0.232549,-0.707229,0.10384,-0.282977,-0.269453,0.752338,0.248631,-0.909765,0.591746,-0.368608,0.0802057,-0.183215,-0.476901,0.116765,0.145107,-0.0688132,-0.102778,1.06544,-3.46227,-0.949589,-1.32353,-2.67385,2.19886,0.796055,-0.0554328,0.355612,6.02294,-0.242788,0.256162,0.774606,-1.77646,5.7582,0.0171213,0.571213,0.0303591,5.3623,0.559375,2.10724,0.492066,-0.524639,-0.243404,0.482618,-0.26353,0.357161,-0.00236151,2.9732,-1.03698,1.11671,-1.5919,-2.23226,-1.40093,0.0391382,1.43314,-0.132525,1.21165,0.909099,0.502831,-0.103806,0.432682,0.096422,3.28061,-0.860273,1.08488,-1.21444,-2.12333,-1.52111,-0.396936,1.58894,0.717684,1.08839,-0.919191,0.723555,-0.494061,0.407402,0.138365,-0.0631921,-0.471926,0.0832393,-0.197587,0.234859,0.232549,-0.707229,0.25384,-0.432977,-0.269453,0.872338,0.368631,-0.909765,0.591746,-0.428608,0.0202057,-0.433215,-0.726901,0.116765,0.145107,-0.0688132,-0.102778,-0.191765,0.118581,-0.000472301,0.594641,-0.207395,0.0603685,-0.152846,0.223342,-0.31838,-0.446453,0.320742,-0.460212,-0.280186,0.139569,0.836571,-0.892159,0.62037,-0.126263,0.545823,-0.442505,-0.665357,0.18182,0.100566,-0.0732986,-0.0941816,0.990891,0.035869,0.00827506,-0.12954,0.740333,0.0146045,-0.0365203,-0.671089
-0.389821,0.176256,0.10455,-0.123101,-0.162575,0.0276492,-0.11156,0,0.156472,-0.163632,0.314182,-0.412003,0,0.376135,0.949511,-0.901931,0.664684,0.0168695,-0.200353,-0.438913,-0.56222,0.0993802,0.188706,-0.0789657,-0.0805744,0.800889,-1.91185,-0.250727,-1.24689,-1.92122,-0.606479,1.00061,0,0.244382,1.00188,-0.218906,0.98654,0,1.48096,6.51252,0.0318501,0.868368,-0.751968,2.32155,0.0765176,2.12642,1.38918,0.531977,-0.145952,0.366844,0,0,0,0.990426,-0.131373,0.131557,0.991307,-0.0418116,0.00712127,0.130149,0.551394,0.768292,-0.411377,0.387476,0.114344,-0.0907244,-0.512667,0.119928,-0.179781,0.241663,0.232643,-0.568648,0.100567,-0.273665,-0.278207,0.714178,0.381809,-0.910489,0.605083,-0.364476,0.201304,-0.17193,-0.430911,0.125192,0.138882,-0.0740832,-0.0920567,1.25474,-4.17515,-1.43273,-1.44971,-1.48478,1.53673,1.03601,0.687656,-0.316624,7.03434,-0.0885251,0.620304,-1.35694,-2.02984,7.21988,-0.0732012,0.717895,0.345079,6.16426,0.555443,2.37046,0.385108,-0.115818,-0.219119,0.44623,-0.103806,0.432682,0.096422,3.28061,-0.860273,1.08488,-1.21444,-2.12333,-1.52111,-0.396936,1.58894,0.717684,1.08839,-0.919191,0.723555,0.109106,0.400094,0.152163,4.25357,-1.32261,0.931458,-0.675813,-2.03229,-1.59666,0.0236785,1.65193,1.56162,0.832031,-1.27254,0.734544,-0.471377,0.327476,0.114344,-0.0907244,-0.512667,0.119928,-0.179781,0.241663,0.232643,-0.568648,0.250567,-0.423665,-0.278207,0.834178,0.501809,-0.910489,0.605083,-0.424476,0.141304,-0.42193,-0.680911,0.125192,0.138882,-0.0740832,-0.0920567,-0.111903,0.156341,0.0192844,0.656122,-0.172055,0.0467489,-0.130396,0.216975,-0.242887,-0.424666,0.315633,-0.436196,-0.304222,-0.0103413,0.914468,-0.891353,0.641465,0.298842,0.484193,-0.437859,-0.61283,-0.183838,0.144711,-0.0780787,-0.084038,0.99136,0.0392884,0.0130414,-0.124463,0.740333,0.0146045,-0.0365203,-0.671089
-0.356257,0.108216,0.0953686,-0.141302,-0.194486,0.00749671,-0.094945,0,0.161815,-0.131783,0.31378,-0.389234,0,0.383108,1.10089,-0.91215,0.690929,-0.012184,-0.114078,-0.442235,-0.51448,0.11853,0.174515,-0.0772679,-0.0774223,1.06409,-2.3589,-0.313224,-1.14584,-1.82351,-0.726823,0.949651,0,0.251221,1.17905,-0.159272,1.03211,0,1.14127,6.82944,-0.13099,1.00154,-0.962179,2.91921,0.00373313,2.2046,1.25968,0.159517,-0.076698,0.304073,0,0,0,0.99333,-0.111804,0.112511,0.993339,-0.0252194,0.027876,0.171335,0.145729,1.065,-0.38026,0.306275,0.0864708,-0.117571,-0.53266,0.143871,-0.154331,0.260003,0.224348,-0.439526,0.101253,-0.257392,-0.318443,0.671799,0.533454,-0.914177,0.622134,-0.356181,0.3006,-0.161663,-0.380555,0.131544,0.13868,-0.0771215,-0.0850667,1.83731,-3.80734,-1.34847,-1.24595,-0.625016,0.943301,1.49645,1.0153,-0.491608,5.77194,0.138269,0.956243,-2.15767,-2.18483,7.69834,-0.245567,0.932104,0.441088,3.92813,0.463329,2.55124,0.276379,0.0288301,-0.102643,0.248537,0.109106,0.400094,0.152163,4.25357,-1.32261,0.931458,-0.675813,-2.03229,-1.59666,0.0236785,1.65193,1.56162,0.832031,-1.27254,0.734544,-0.0272199,0.280487,0.0436104,4.99205,-1.94354,0.881867,-0.794826,-1.59319,-1.62446,-0.0250542,1.89946,2.05883,0.897128,-0.768786,0.515932,-0.44026,0.246275,0.0864708,-0.117571,-0.53266,0.143871,-0.154331,0.260003,0.224348,-0.439526,0.251253,-0.407392,-0.318443,0.791799,0.653454,-0.914177,0.622134,-0.416181,0.2406,-0.411663,-0.630555,0.131544,0.13868,-0.0771215,-0.0850667,-0.00544714,0.140047,0.0304326,0.850713,-0.264521,0.0276492,-0.11156,0.186292,-0.135163,-0.406458,0.314182,-0.412003,-0.319332,0.131839,0.945966,-0.901931,0.664684,0.720808,0.356016,-0.438913,-0.56222,-0.254508,0.146909,-0.0789657,-0.0805744,0.992457,0.0413548,0.0148,-0.114457,0.740078,0.0202587,-0.0499701,-0.670356
-0.318616,0.036187,0.0878283,-0.153873,-0.228444,-0.0147616,-0.0827734,0,0.170875,-0.107483,0.315473,-0.369312,0,0.376847,1.22686,-0.92165,0.723227,-0.0389288,-0.00642113,-0.450092,-0.472479,0.127944,0.18297,-0.0704001,-0.0748931,1.30948,-2.73166,-0.332363,-0.990658,-1.78583,-0.842652,0.847329,0,0.311744,1.18983,-0.0860904,1.02131,0,0.704972,6.67017,-0.234196,1.18554,-1.0747,3.6583,-0.115238,2.17324,1.02298,0.2385,0.0493283,0.250789,0,0,0,0.99544,-0.0904092,0.0910957,0.9956,-0.0283134,0.0246533,0.14014,-0.157389,1.08189,-0.339222,0.231781,0.0625576,-0.139234,-0.538728,0.156127,-0.121596,0.273398,0.214323,-0.335556,0.106106,-0.235132,-0.34892,0.626215,0.689905,-0.920259,0.643769,-0.346734,0.362008,-0.154338,-0.328519,0.137331,0.133277,-0.0774748,-0.0806628,2.20751,-3.58604,-1.10707,-0.960277,-0.0489237,0.355431,1.7535,0.297778,-0.542384,4.64794,0.318128,1.22529,-0.782165,-2.34101,7.8093,-0.320318,1.15638,0.510688,2.4993,0.285063,2.55993,0.247254,-0.492195,0.0106076,0.169909,-0.0272199,0.280487,0.0436104,4.99205,-1.94354,0.881867,-0.794826,-1.59319,-1.62446,-0.0250542,1.89946,2.05883,0.897128,-0.768786,0.515932,-0.216388,0.111766,0.136136,5.4254,-2.47248,0.789602,-1.07658,-1.25378,-1.68154,0.0125593,2.10428,1.898,0.876772,0.247798,0.309427,-0.399222,0.171781,0.0625576,-0.139234,-0.538728,0.156127,-0.121596,0.273398,0.214323,-0.335556,0.256106,-0.385132,-0.34892,0.746215,0.809905,-0.920259,0.643769,-0.406734,0.302008,-0.404338,-0.578519,0.137331,0.133277,-0.0774748,-0.0806628,-0.07361,0.0802436,0.00872208,0.99841,-0.388709,0.00749671,-0.094945,0.176373,-0.158965,-0.318638,0.31378,-0.389234,-0.324892,0.107473,1.06973,-0.91215,0.690929,0.969415,0.388564,-0.442235,-0.51448,-0.153757,0.103186,-0.0772679,-0.0774223,0.993638,0.0418775,0.0128908,-0.103752,0.740078,0.0202587,-0.0499701,-0.670356
-0.278681,-0.0274657,0.0718854,-0.165452,-0.271681,-0.0387424,-0.0700178,0,0.171918,-0.106823,0.320081,-0.352201,0,0.364806,1.32534,-0.930967,0.75333,-0.0602088,0.0832128,-0.45951,-0.440738,0.132909,0.195998,-0.0592648,-0.0759588,1.51566,-2.86695,-0.471797,-0.867144,-1.89864,-0.949567,0.784464,0,0.233878,0.842793,0.00884828,0.971587,0,0.31287,6.14634,-0.303681,1.28142,-1.07149,3.90532,-0.221942,1.99737,0.79056,0.362366,0.201558,0.159566,0,0,0,0.998129,-0.0536146,0.0547991,0.99765,-0.0271033,0.0426523,-0.0110172,-0.214238,1.02511,-0.295597,0.158411,0.044373,-0.154636,-0.535018,0.155602,-0.0852938,0.260932,0.202714,-0.252223,0.114375,-0.208646,-0.350646,0.579543,0.845565,-0.927099,0.66989,-0.336086,0.399203,-0.151662,-0.278636,0.141538,0.11599,-0.0739837,-0.0774933,2.1439,-3.66412,-0.790668,-0.6257,0.375751,-0.326796,1.87175,-1.38214,-0.649819,3.68614,0.482692,1.39458,0.368987,-2.31358,7.66092,-0.330794,1.37252,0.547613,1.43315,0.0199783,2.37668,0.172006,-1.08584,0.190772,0.126985,-0.216388,0.111766,0.136136,5.4254,-2.47248,0.789602,-1.07658,-1.25378,-1.68154,0.0125593,2.10428,1.898,0.876772,0.247798,0.309427,-0.243171,0.0190778,0.10767,5.52811,-2.63746,0.644291,-0.80084,-0.939128,-1.7153,0.0251825,2.18205,1.54054,0.78501,0.711752,0.259876,-0.355597,0.0984112,0.044373,-0.154636,-0.535018,0.155602,-0.0852938,0.260932,0.202714,-0.252223,0.264375,-0.358646,-0.350646,0.699543,0.965565,-0.927099,0.66989,-0.396086,0.339203,-0.401662,-0.528636,0.141538,0.11599,-0.0739837,-0.0774933,-0.168194,-0.004117,0.0272271,1.08508,-0.494495,-0.0147616,-0.0827734,0.15792,-0.215316,-0.250756,0.315473,-0.369312,-0.336309,0.12628,1.17214,-0.92165,0.723227,0.889,0.378386,-0.450092,-0.472479,0.0495597,0.0618854,-0.0704001,-0.0748931,0.994719,0.0409067,0.00977935,-0.0936197,0.734436,0.025155,-0.0588936,-0.67565
-0.237598,-0.0869305,0.0517413,-0.176535,-0.319558,-0.0635843,-0.0569703,0,0.168954,-0.117981,0.326145,-0.336495,0,0.349876,1.41008,-0.940191,0.782336,-0.0787565,0.163835,-0.469709,-0.414128,0.135649,0.211312,-0.0459959,-0.078822,1.6772,-2.89884,-0.63242,-0.773241,-2.0472,-1.03733,0.744838,0,0.119254,0.422577,0.0971614,0.915704,0,-0.00494898,5.57349,-0.350941,1.33208,-1.02826,3.94306,-0.308347,1.79731,0.594492,0.48336,0.340125,0.0687481,0,0,0,0.998996,-0.0367692,0.0380914,0.997853,-0.0235705,0.0541935,-0.175315,-0.259846,0.879366,-0.253266,0.0855387,0.0330089,-0.162999,-0.52324,0.142673,-0.0474929,0.214879,0.190622,-0.186323,0.125094,-0.17945,-0.341135,0.533742,0.99195,-0.933949,0.699889,-0.325516,0.416027,-0.153963,-0.233574,0.143848,0.0928732,-0.0661518,-0.076511,2.11509,-3.52701,-0.434023,-0.261541,0.763148,-0.875542,1.90885,-2.92424,-0.594725,2.89396,0.56405,1.5052,0.41686,-2.26991,6.94017,-0.325974,1.54056,0.514739,0.454923,-0.205419,2.1059,0.0663992,-1.14347,0.376603,0.0183122,-0.243171,0.0190778,0.10767,5.52811,-2.63746,0.644291,-0.80084,-0.939128,-1.7153,0.0251825,2.18205,1.54054,0.78501,0.711752,0.259876,-0.226743,-0.109651,-0.01177,5.45579,-2.67759,0.464698,-0.604478,-0.760579,-1.68143,0.0182503,2.21841,1.45969,0.759948,0.900589,0.243316,-0.313266,0.0255387,0.0330088,-0.162999,-0.52324,0.142673,-0.0474929,0.214879,0.190622,-0.186323,0.275094,-0.32945,-0.341135,0.653742,1.11195,-0.933949,0.699889,-0.385516,0.356027,-0.403963,-0.483574,0.143848,0.0928732,-0.0661518,-0.076511,-0.181585,-0.0504611,0.021534,1.10562,-0.527493,-0.0387424,-0.0700178,0.128858,-0.160168,-0.187826,0.320081,-0.352201,-0.343061,0.132591,1.21103,-0.930967,0.75333,0.710268,0.332505,-0.45951,-0.440738,0.14235,0.0519752,-0.0592648,-0.0759588,0.995654,0.0383391,0.00706782,-0.0845822,0.734842,0.025329,-0.0650473,-0.674636
-0.203335,-0.132265,0.0217633,-0.178577,-0.319689,-0.0892047,-0.0363282,0,0.148458,-0.114873,0.336696,-0.323354,0,0.346651,1.44199,-0.945794,0.795037,-0.100975,0.1357,-0.482263,-0.403491,0.134508,0.200304,-0.033514,-0.0901738,1.68799,-2.7092,-0.892363,-0.571912,-1.435,-1.11043,0.831019,0,-0.223967,0.342432,0.226283,0.838096,0,-0.0518352,4.38007,-0.329698,1.12297,-1.05306,2.33812,-0.404143,1.41768,0.399032,0.173233,0.425315,-0.122152,0,0,0,0.999325,-0.0204942,0.0222847,0.997974,-0.0292084,0.060229,-0.321831,-0.322156,0.766722,-0.210763,0.0181091,0.0268656,-0.164695,-0.504195,0.120909,-0.0105557,0.143613,0.179778,-0.136923,0.136386,-0.148631,-0.333695,0.488249,1.11857,-0.940573,0.732355,-0.315345,0.419838,-0.160156,-0.194463,0.144086,0.072351,-0.0550057,-0.0777166,2.14972,-3.1701,-0.261267,0.046636,1.09827,-1.23032,1.79298,-3.90463,-0.533332,2.0474,0.552243,1.55998,0.290549,-2.27961,5.76761,-0.31209,1.6245,0.50818,0.0597758,-0.374162,1.79584,-0.033207,-0.90539,0.502836,-0.0687725,-0.226743,-0.109651,-0.01177,5.45579,-2.67759,0.464698,-0.604478,-0.760579,-1.68143,0.0182503,2.21841,1.45969,0.759948,0.900589,0.243316,-0.173418,-0.304803,-0.249621,5.20462,-2.70597,0.347647,-0.406935,-0.533854,-1.63034,0.149663,2.09199,1.62293,0.632006,0.564142,0.296122,-0.270763,-0.0418909,0.0268656,-0.164695,-0.504195,0.120909,-0.0105557,0.143613,0.179778,-0.136923,0.286386,-0.298631,-0.333695,0.608249,1.23857,-0.940573,0.732355,-0.375345,0.359838,-0.410156,-0.444463,0.144086,0.072351,-0.0550057,-0.0777166,-0.173371,-0.114826,-0.002354,1.09116,-0.535517,-0.0635843,-0.0569703,0.0929397,-0.120896,-0.152116,0.326145,-0.336495,-0.336287,0.129125,1.2292,-0.940191,0.782336,0.669843,0.319974,-0.469709,-0.414128,0.180118,0.0486633,-0.0459959,-0.078822,0.996428,0.0342523,0.00441238,-0.0770615,0.734842,0.025329,-0.0650473,-0.674636
-0.169129,-0.175162,-0.00728326,-0.179666,-0.318893,-0.114898,-0.0141505,0,0.127513,-0.113839,0.348317,-0.31108,0,0.342919,1.46231,-0.949254,0.802159,-0.122603,0.0925333,-0.496192,-0.396749,0.133905,0.183985,-0.0231566,-0.097912,1.69468,-2.5399,-1.06035,-0.41666,-0.992558,-1.1627,0.914378,0,-0.470946,0.255208,0.3327,0.77078,0,-0.0922628,3.37092,-0.282702,0.892915,-1.06156,0.989179,-0.491834,1.09351,0.270277,-0.123514,0.453083,-0.201579,0,0,0,0.999152,-0.0294246,0.0311136,0.997712,-0.0269846,0.0608749,-0.481587,-0.361059,0.653821,-0.168023,-0.0419167,0.0221307,-0.160322,-0.478422,0.0943671,0.022395,0.0629543,0.170425,-0.102935,0.147012,-0.117651,-0.326658,0.442905,1.2166,-0.946349,0.763219,-0.305359,0.415082,-0.169695,-0.163572,0.141809,0.0594009,-0.0427393,-0.0839869,2.13205,-2.81847,-0.271363,0.352911,1.43647,-1.38045,1.52002,-3.93223,-0.445418,1.35995,0.510542,1.52633,0.364775,-2.25111,4.14303,-0.25413,1.42787,0.479532,-0.429378,-0.539128,1.31705,-0.177659,-0.44925,0.525419,-0.328926,-0.173418,-0.304803,-0.249621,5.20462,-2.70597,0.347647,-0.406935,-0.533854,-1.63034,0.149663,2.09199,1.62293,0.632006,0.564142,0.296122,-0.0463463,-0.417431,-0.345864,4.60915,-2.59996,0.189154,-0.314345,-0.480188,-1.56065,0.354565,2.10118,2.15555,0.547899,-0.0540719,0.372782,-0.228023,-0.101917,0.0221307,-0.160322,-0.478422,0.0943671,0.022395,0.0629543,0.170425,-0.102935,0.297012,-0.267651,-0.326658,0.562905,1.3366,-0.946349,0.763219,-0.365359,0.355082,-0.419695,-0.413572,0.141809,0.0594009,-0.0427393,-0.0839869,-0.146709,-0.212402,-0.0499241,1.04092,-0.541194,-0.0892047,-0.0363282,0.0695293,-0.081387,-0.106771,0.336696,-0.323354,-0.326068,0.194832,1.16599,-0.945794,0.795037,0.751464,0.256003,-0.482263,-0.403491,0.112828,0.0592244,-0.033514,-0.0901738,0.997078,0.0286897,0.00177007,-0.0707748,0.742377,0.0188905,-0.064757,-0.666578
-0.13504,-0.213186,-0.0344672,-0.178844,-0.316242,-0.140737,0.0110981,0,0.105672,-0.116955,0.362074,-0.300538,0,0.338173,1.45947,-0.948432,0.798123,-0.143048,0.0193016,-0.512872,-0.397798,0.134377,0.157046,-0.0170479,-0.098423,1.69761,-2.34829,-1.15001,-0.279342,-0.655035,-1.20147,1.01879,0,-0.657278,0.131907,0.439256,0.697676,0,-0.135776,2.317,-0.185562,0.564508,-1.04977,-0.406049,-0.594484,0.749722,0.196279,-0.490552,0.408788,-0.148772,0,0,0,0.999234,-0.0176115,0.0200996,0.997191,-0.0335835,0.072807,-0.591088,-0.443282,0.585448,-0.125838,-0.0936739,0.0092347,-0.151024,-0.448451,0.0711373,0.0261025,-0.00489679,0.163212,-0.0838,0.155902,-0.0999447,-0.312458,0.399266,1.28043,-0.950208,0.745199,-0.295739,0.400605,-0.182286,-0.148455,0.137675,0.0556635,-0.0311353,-0.11375,2.09491,-2.33315,-0.894316,0.565013,1.58915,-1.10717,-0.489262,-2.84836,-0.386289,0.55666,0.426929,0.491295,0.78511,-2.10153,2.41186,-0.185789,-1.28354,0.449201,-0.914895,-0.663092,0.378243,-0.223128,0.00516456,0.474497,-0.936193,-0.0463463,-0.417431,-0.345864,4.60915,-2.59996,0.189154,-0.314345,-0.480188,-1.56065,0.354565,2.10118,2.15555,0.547899,-0.0540719,0.372782,-0.016588,-0.60363,-0.29983,4.10719,-2.56322,0.0648469,-0.124457,-0.499562,-1.49485,0.534085,2.10303,2.90624,0.412755,-0.902139,0.473666,-0.185838,-0.153674,0.0092347,-0.151024,-0.448451,0.0711373,0.0261025,-0.00489679,0.163212,-0.0838,0.305902,-0.249945,-0.312458,0.519266,1.40043,-0.950208,0.745199,-0.355739,0.340605,-0.432286,-0.398455,0.137675,0.0556635,-0.0311353,-0.11375,-0.0831731,-0.268716,-0.0691727,0.92183,-0.519993,-0.114898,-0.0141505,0.0378308,-0.062869,-0.0960376,0.348317,-0.31108,-0.31213,0.297282,1.17059,-0.949254,0.802159,1.01777,0.213949,-0.496192,-0.396749,-0.0108144,0.0745564,-0.0231566,-0.097912,0.997591,0.0218479,-0.000998351,-0.0658381,0.742377,0.0188905,-0.064757,-0.666578
-0.0979655,-0.247837,-0.0571411,-0.179201,-0.330389,-0.165844,0.0369741,0,0.0868973,-0.133585,0.377449,-0.291975,0,0.325718,1.43973,-0.94287,0.788167,-0.158935,-0.0516157,-0.533434,-0.402661,0.134417,0.127124,-0.0124905,-0.0959706,1.74445,-2.16357,-1.14511,-0.200888,-0.67073,-1.21764,1.1013,0,-0.74172,-0.157117,0.538094,0.616821,0,-0.281875,1.32588,-0.046455,0.245814,-0.973139,-1.34799,-0.724573,0.451855,0.137993,-0.792215,0.354513,-0.0673536,0,0,0,0.998947,-0.0303008,0.0328513,0.996562,-0.0320248,0.0771109,-0.7355,-0.40963,0.633097,-0.0873307,-0.138219,-0.00962247,-0.136966,-0.414906,0.0456605,0.0100493,-0.0497935,0.155034,-0.0795921,0.16489,-0.0953231,-0.297479,0.361781,1.31138,-0.954157,0.731057,-0.288078,0.373333,-0.196852,-0.145816,0.132071,0.0608223,-0.0225849,-0.116297,1.76948,-2.1467,-0.95249,0.812307,1.73313,-1.44604,-0.946627,-1.69925,-0.449437,-0.0832487,0.467744,0.0773823,0.611174,-1.66863,0.85111,-0.191337,-0.199607,0.306492,-1.65579,-0.759553,-0.00449666,-0.292179,0.414454,0.323931,0.264057,-0.016588,-0.60363,-0.29983,4.10719,-2.56322,0.0648469,-0.124457,-0.499562,-1.49485,0.534085,2.10303,2.90624,0.412755,-0.902139,0.473666,-0.0123992,-0.648468,-0.357111,3.49784,-2.35594,-0.140747,0.242516,-0.717544,-1.41458,0.511405,2.21363,3.79265,0.137861,-1.35755,0.565201,-0.147331,-0.198219,-0.00962247,-0.136966,-0.414906,0.0456605,0.0100493,-0.0497935,0.155034,-0.0795921,0.31489,-0.245323,-0.297479,0.481781,1.43138,-0.954157,0.731057,-0.348078,0.313333,-0.446852,-0.395816,0.132071,0.0608223,-0.0225849,-0.116297,-0.068294,-0.361815,-0.0599661,0.821437,-0.512644,-0.140737,0.0110981,0.0129694,-0.0248913,-0.0999125,0.362074,-0.300538,-0.29897,0.387043,1.17151,-0.948432,0.798123,1.16672,0.146378,-0.512872,-0.397798,-0.180428,0.0947331,-0.0170479,-0.098423,0.998055,0.0136418,-0.00374733,-0.0607104,0.750487,0.0117814,-0.0636923,-0.657703
-0.0593979,-0.280803,-0.0775598,-0.180146,-0.352935,-0.190585,0.0631638,0,0.0696553,-0.156972,0.393631,-0.284401,0,0.309407,1.41155,-0.934937,0.775251,-0.172542,-0.121376,-0.555937,-0.409432,0.134241,0.0957109,-0.00870859,-0.0920364,1.79963,-2.00898,-1.10786,-0.154805,-0.807697,-1.22347,1.16375,0,-0.777835,-0.460791,0.619405,0.545382,0,-0.441966,0.505403,0.0864742,-0.0216772,-0.885313,-1.99,-0.84475,0.21474,0.0939482,-1.02575,0.304887,0.0118657,0,0,0,0.998897,-0.0334455,0.0362813,0.995317,-0.0297989,0.0906996,-0.833719,-0.334987,0.709014,-0.0555527,-0.179524,-0.0278417,-0.118763,-0.38044,0.0123013,-0.00827846,-0.0748742,0.145503,-0.0886116,0.174719,-0.095847,-0.284722,0.333028,1.31458,-0.956768,0.73405,-0.284381,0.320452,-0.21377,-0.148607,0.126363,0.0723297,-0.0166068,-0.108426,1.44577,-1.98905,-0.870078,0.979635,1.694,-1.84228,-0.851492,-0.892425,-0.503598,-0.750514,0.49671,-0.0874504,0.615011,-1.24697,-0.385137,-0.0721803,0.35093,0.0812596,-3.30693,-0.888196,-0.224495,-0.275036,0.659217,0.230799,0.373721,-0.0123992,-0.648468,-0.357111,3.49784,-2.35594,-0.140747,0.242516,-0.717544,-1.41458,0.511405,2.21363,3.79265,0.137861,-1.35755,0.565201,-0.214537,-0.572821,-0.294418,2.74326,-2.14499,-0.262897,0.6869,-0.755619,-1.39241,0.458934,2.21772,4.60263,-0.119542,-1.75608,0.637394,-0.115553,-0.239524,-0.0278417,-0.118763,-0.38044,0.0123013,-0.00827846,-0.0748742,0.145503,-0.0886116,0.324719,-0.245847,-0.284722,0.453028,1.43458,-0.956768,0.73405,-0.344381,0.260452,-0.46377,-0.398607,0.126363,0.0723297,-0.0166068,-0.108426,-0.0661996,-0.384234,-0.0714223,0.699568,-0.471188,-0.165844,0.0369741,-0.0281495,0.0485032,-0.143509,0.377449,-0.291975,-0.282916,0.375703,1.22681,-0.94287,0.788167,1.16725,0.00893026,-0.533434,-0.402661,-0.271509,0.11304,-0.0124905,-0.0959706,0.99846,0.00430583,-0.00555409,-0.0550349,0.755823,0.00789588,-0.0647057,-0.651523
-0.0220426,-0.313273,-0.0930944,-0.179455,-0.379008,-0.213394,0.0852075,0,0.0577516,-0.190192,0.411954,-0.278764,0,0.286049,1.359,-0.921435,0.764295,-0.182558,-0.163851,-0.583932,-0.41541,0.131596,0.066168,-0.00820968,-0.0823336,1.82007,-1.89335,-1.00852,-0.0979933,-0.956477,-1.19856,1.14528,0,-0.72304,-0.820847,0.708424,0.466331,0,-0.659759,-0.434451,0.263063,-0.179511,-0.769958,-2.03012,-1.01125,0.060643,0.0260934,-1.16117,0.220905,0.153847,0,0,0,0.999208,-0.0191154,0.0227813,0.993904,-0.0326214,0.108583,-0.880509,-0.201721,0.69518,-0.0311183,-0.21804,-0.0424787,-0.0980411,-0.347483,-0.0288892,-0.0216081,-0.0881456,0.135886,-0.108695,0.184581,-0.0985079,-0.275449,0.313226,1.29432,-0.956146,0.740488,-0.285198,0.235072,-0.233583,-0.155576,0.120651,0.0872151,-0.0120757,-0.101318,1.03765,-1.86986,-0.609835,1.06988,1.60341,-2.21852,-0.513448,-0.487518,-0.462481,-1.18295,0.47332,-0.160373,0.294915,-0.776421,-1.51784,0.112354,0.273945,-0.139068,-4.82381,-1.04315,-0.420814,-0.292133,0.774653,0.180934,0.273516,-0.214537,-0.572821,-0.294418,2.74326,-2.14499,-0.262897,0.6869,-0.755619,-1.39241,0.458934,2.21772,4.60263,-0.119542,-1.75608,0.637394,-0.407193,-0.465049,-0.298938,1.92558,-1.92103,-0.303716,1.17965,-0.730409,-1.34081,0.288248,2.25167,5.20259,-0.288811,-2.02459,0.726568,-0.0911183,-0.27804,-0.0424787,-0.0980411,-0.347483,-0.0288892,-0.0216081,-0.0881456,0.135886,-0.108695,0.334581,-0.248508,-0.275449,0.433226,1.41432,-0.956146,0.740488,-0.345198,0.175072,-0.483583,-0.405576,0.120651,0.0872151,-0.0120757,-0.101318,-0.167268,-0.346411,-0.0588836,0.548651,-0.428998,-0.190585,0.0631638,-0.0525794,0.13738,-0.151124,0.393631,-0.284401,-0.278481,0.349467,1.22886,-0.934937,0.775251,1.15968,-0.119771,-0.555937,-0.409432,-0.351217,0.127479,-0.00870859,-0.0920364,0.998761,-0.00549873,-0.00620376,-0.0490607,0.755823,0.00789588,-0.0647057,-0.651523
0.0147809,-0.343923,-0.107422,-0.178363,-0.400384,-0.235928,0.105552,0,0.0466895,-0.222613,0.430678,-0.273415,0,0.262836,1.29656,-0.907762,0.753975,-0.192616,-0.196466,-0.612589,-0.420149,0.128173,0.0399593,-0.00630638,-0.0753476,1.8264,-1.78509,-0.92088,-0.0522206,-0.990184,-1.177,1.10686,0,-0.672059,-1.0609,0.776765,0.406659,0,-0.81002,-1.2408,0.389242,-0.280455,-0.689841,-1.91031,-1.13773,-0.0286365,-0.0330841,-1.20595,0.183183,0.212484,0,0,0,0.999277,-0.0175768,0.0216258,0.992081,-0.0312827,0.124364,-0.848656,-0.0524655,0.428704,-0.0133014,-0.254483,-0.0496893,-0.0771787,-0.316556,-0.0753314,-0.0275759,-0.0946252,0.12999,-0.132646,0.193123,-0.102235,-0.269065,0.300397,1.25305,-0.950974,0.74403,-0.289496,0.12838,-0.257065,-0.164856,0.11503,0.104106,-0.00967517,-0.0919117,0.789496,-1.77304,-0.163216,1.0068,1.49633,-2.38344,-0.116297,-0.193398,-0.147127,-1.19515,0.379492,-0.192328,0.337333,-0.556425,-2.48071,0.355977,0.167079,-0.280844,-5.52605,-1.24682,-0.450485,-0.254698,0.865974,0.0779874,0.502869,-0.407193,-0.465049,-0.298938,1.92558,-1.92103,-0.303716,1.17965,-0.730409,-1.34081,0.288248,2.25167,5.20259,-0.288811,-2.02459,0.726568,-0.459742,-0.413816,-0.421891,1.34802,-1.60004,-0.324596,1.36067,-0.67363,-1.3311,0.307134,2.25392,5.66713,-0.268207,-2.19992,0.757399,-0.0733014,-0.314483,-0.0496893,-0.0771787,-0.316556,-0.0753314,-0.0275759,-0.0946252,0.12999,-0.132646,0.343123,-0.252235,-0.269065,0.420397,1.37305,-0.950974,0.74403,-0.349496,0.0683804,-0.507065,-0.414856,0.11503,0.104106,-0.00967517,-0.0919117,-0.263597,-0.292524,-0.0597876,0.385116,-0.384206,-0.213394,0.0852075,-0.0607433,0.235931,-0.146082,0.411954,-0.278764,-0.268162,0.264124,1.24584,-0.921435,0.764295,1.14785,-0.204405,-0.583932,-0.41541,-0.404919,0.145314,-0.00820968,-0.0823336,0.99888,-0.0148648,-0.00547961,-0.0445827,0.758876,0.00668934,-0.0642096,-0.648028
0.0505408,-0.370932,-0.119336,-0.176471,-0.412369,-0.257913,0.122498,0,0.0373108,-0.253436,0.450207,-0.268645,0,0.239916,1.21432,-0.893747,0.744927,-0.202759,-0.20936,-0.642569,-0.42241,0.123192,0.0204187,-0.00159431,-0.073795,1.81488,-1.65469,-0.823324,-0.00817064,-0.872901,-1.15368,1.02899,0,-0.611122,-1.20498,0.836656,0.356214,0,-0.910814,-2.10213,0.482696,-0.332035,-0.63502,-1.53063,-1.24611,-0.0539594,-0.0978665,-1.13727,0.198909,0.172028,0,0,0,0.999445,-0.0123509,0.0165646,0.990038,-0.0289153,0.140256,-0.762996,0.0835496,0.190096,-0.000143341,-0.288135,-0.0499208,-0.0584007,-0.287088,-0.122478,-0.0261137,-0.0955094,0.129797,-0.15515,0.200158,-0.105684,-0.262877,0.29228,1.19451,-0.941299,0.745594,-0.297022,0.0257616,-0.284856,-0.173204,0.109972,0.121008,-0.00781713,-0.0819358,0.555385,-1.59967,0.0777304,0.872844,1.45057,-2.31042,0.205681,0.0797056,0.0839875,-1.06387,0.326175,-0.151758,0.254594,-0.281096,-3.24961,0.557635,0.0179312,-0.45548,-4.67573,-1.45835,-0.376068,-0.22614,0.798932,0.082218,0.393422,-0.459742,-0.413816,-0.421891,1.34802,-1.60004,-0.324596,1.36067,-0.67363,-1.3311,0.307134,2.25392,5.66713,-0.268207,-2.19992,0.757399,-0.411652,-0.40477,-0.503424,0.920608,-1.27732,-0.346949,1.40749,-0.773843,-1.29838,0.314688,2.24161,5.99196,-0.236949,-2.25123,0.776083,-0.0601433,-0.348135,-0.0499208,-0.0584007,-0.287088,-0.122478,-0.0261137,-0.0955094,0.129797,-0.15515,0.350158,-0.255684,-0.262877,0.41228,1.31451,-0.941299,0.745594,-0.357022,-0.0342384,-0.534856,-0.423204,0.109972,0.121008,-0.00781713,-0.0819358,-0.289871,-0.266908,-0.0843782,0.269604,-0.320008,-0.235928,0.105552,-0.0649191,0.272134,-0.134726,0.430678,-0.273415,-0.266219,0.273567,1.24696,-0.907762,0.753975,1.13646,-0.194103,-0.612589,-0.420149,-0.439983,0.15148,-0.00630638,-0.0753476,0.998814,-0.023016,-0.00361476,-0.0427497,0.758876,0.00668934,-0.0642096,-0.648028
0.0847454,-0.393807,-0.128927,-0.176458,-0.414631,-0.278713,0.136253,0,0.0293633,-0.278258,0.469644,-0.264231,0,0.217038,1.11188,-0.880778,0.736719,-0.212674,-0.208249,-0.672676,-0.422202,0.119298,0.0123945,0.0038626,-0.0759946,1.78348,-1.50141,-0.720189,-0.00552946,-0.644955,-1.11958,0.926631,0,-0.546999,-1.21583,0.877218,0.315552,0,-0.980743,-3.00815,0.532416,-0.355549,-0.593251,-1.05478,-1.32388,-0.0346508,-0.126915,-0.916453,0.22109,0.0874251,0,0,0,0.999449,-0.0168123,0.0209659,0.988197,-0.0257146,0.152264,-0.62306,0.149808,0.01776,0.00963265,-0.317053,-0.0476686,-0.0430443,-0.258825,-0.16575,-0.0191624,-0.0908473,0.132985,-0.175014,0.206711,-0.10794,-0.256851,0.289381,1.12355,-0.928551,0.743998,-0.308055,-0.0522003,-0.316242,-0.179473,0.105834,0.135221,-0.00448178,-0.0764283,0.447617,-1.31692,0.119073,0.672455,1.36843,-2.02716,0.448275,0.350329,0.21622,-0.934705,0.324851,-0.0822018,0.323851,-0.0383358,-3.73616,0.671596,-0.134403,-0.628809,-3.26429,-1.60389,-0.255628,-0.184656,0.626715,0.163485,0.180055,-0.411652,-0.40477,-0.503424,0.920608,-1.27732,-0.346949,1.40749,-0.773843,-1.29838,0.314688,2.24161,5.99196,-0.236949,-2.25123,0.776083,-0.27929,-0.49684,-0.541177,0.782075,-1.01852,-0.341787,1.10987,-0.936045,-1.23872,0.22309,2.24814,6.19917,-0.231064,-2.20022,0.856281,-0.0503674,-0.377053,-0.0476686,-0.0430443,-0.258825,-0.16575,-0.0191624,-0.0908473,0.132985,-0.175014,0.356711,-0.25794,-0.256851,0.409381,1.24355,-0.928551,0.743998,-0.368055,-0.1122,-0.566242,-0.429473,0.105834,0.135221,-0.00448178,-0.0764283,-0.265826,-0.262385,-0.100685,0.184122,-0.255464,-0.257913,0.122498,-0.0693897,0.281498,-0.154769,0.450207,-0.268645,-0.259676,0.277344,1.2408,-0.893747,0.744927,1.1202,-0.178474,-0.642569,-0.42241,-0.450247,0.155217,-0.00159431,-0.073795,0.998644,-0.0296342,-0.00111703,-0.0427937,0.760671,0.00644008,-0.0631414,-0.646028
0.118172,-0.414615,-0.137356,-0.177386,-0.412031,-0.298922,0.148414,0,0.0221313,-0.300081,0.489035,-0.259996,0,0.194181,0.99933,-0.868333,0.72893,-0.222477,-0.200136,-0.702846,-0.420759,0.115948,0.0101286,0.00969192,-0.0800703,1.74984,-1.36311,-0.63057,-0.0177772,-0.412468,-1.08683,0.831052,0,-0.491378,-1.17842,0.904928,0.284412,0,-1.02938,-3.7939,0.559371,-0.365714,-0.562315,-0.616653,-1.37927,-0.00261774,-0.139099,-0.675506,0.242203,6.13394e-05,0,0,0,0.999348,-0.0206764,0.0252807,0.985999,-0.0257679,0.165467,-0.420344,0.161151,-0.108316,0.0194706,-0.340515,-0.046085,-0.0327764,-0.233493,-0.201764,-0.00790383,-0.0814002,0.138348,-0.192415,0.213592,-0.108815,-0.246111,0.288773,1.04766,-0.914552,0.739871,-0.321696,-0.103898,-0.34944,-0.183026,0.10321,0.147452,0.000228281,-0.0754079,0.540566,-1.06744,0.033095,0.373512,1.16325,-1.61037,0.647524,0.551174,0.314335,-0.818675,0.353303,-0.0174825,0.656713,-0.0372581,-3.77303,0.696169,-0.240156,-0.716564,-2.08412,-1.64975,-0.11389,-0.0905081,0.58873,0.213327,-0.0029355,-0.27929,-0.49684,-0.541177,0.782075,-1.01852,-0.341787,1.10987,-0.936045,-1.23872,0.22309,2.24814,6.19917,-0.231064,-2.20022,0.856281,-0.0772055,-0.716075,-0.645578,0.944894,-0.81134,-0.38843,0.722882,-1.25762,-1.16557,0.180183,2.2092,6.25044,-0.190175,-2.19609,0.949718,-0.0405294,-0.400515,-0.046085,-0.0327764,-0.233493,-0.201764,-0.00790383,-0.0814002,0.138348,-0.192415,0.363592,-0.258815,-0.246111,0.408773,1.16766,-0.914552,0.739871,-0.381696,-0.163898,-0.59944,-0.433026,0.10321,0.147452,0.000228281,-0.0754079,-0.199645,-0.30842,-0.108235,0.156415,-0.203703,-0.278713,0.136253,-0.0683574,0.221973,-0.187209,0.469644,-0.264231,-0.247744,0.231545,1.24407,-0.880778,0.736719,1.1005,-0.175532,-0.672676,-0.422202,-0.440045,0.171256,0.0038626,-0.0759946,0.998436,-0.0343412,0.00126185,-0.044096,0.761433,0.00912411,-0.062496,-0.64516
0.148727,-0.423515,-0.142298,-0.179202,-0.395482,-0.316309,0.156926,0,0.0174193,-0.318167,0.506467,-0.25654,0,0.172288,0.850046,-0.855527,0.723068,-0.234003,-0.172768,-0.73083,-0.417304,0.111211,0.0310172,0.0145595,-0.0787531,1.68321,-1.08767,-0.515533,-0.0396982,-0.0405008,-1.02159,0.709417,0,-0.414645,-1.09618,0.894915,0.250932,0,-1.04895,-4.895,0.583642,-0.34394,-0.566512,-0.0211273,-1.38524,0.050004,-0.168427,-0.159525,0.242556,0.0198013,0,0,0,0.999362,-0.024029,0.0281871,0.985008,-0.021957,0.170829,-0.18091,0.181412,-0.125213,0.0316159,-0.360737,-0.0481868,-0.0290716,-0.214127,-0.228666,0.00659266,-0.0725229,0.144609,-0.209592,0.22164,-0.108394,-0.228464,0.286727,0.975653,-0.90065,0.734158,-0.336136,-0.132847,-0.382823,-0.183788,0.102462,0.159843,0.00568637,-0.0775024,0.662291,-0.987517,-0.222656,0.0274061,0.794155,-1.1356,0.782802,0.317407,0.312772,-0.899832,0.436018,0.0460629,0.949373,-0.159347,-3.39863,0.67061,-0.30111,-0.718546,-0.992769,-1.63164,0.0178349,0.000626173,0.624299,0.238813,-0.118995,-0.0772055,-0.716075,-0.645578,0.944894,-0.81134,-0.38843,0.722882,-1.25762,-1.16557,0.180183,2.2092,6.25044,-0.190175,-2.19609,0.949718,0.138188,-0.912976,-0.784797,1.15082,-0.60659,-0.461291,0.439945,-1.62651,-1.03034,0.22962,2.11361,6.15606,-0.102342,-2.33565,1.07041,-0.0283841,-0.420737,-0.0481868,-0.0290716,-0.214127,-0.228666,0.00659266,-0.0725229,0.144609,-0.209592,0.37164,-0.258394,-0.228464,0.406727,1.09565,-0.90065,0.734158,-0.396136,-0.192847,-0.632823,-0.433788,0.102462,0.159843,0.00568637,-0.0775024,-0.0986027,-0.418037,-0.129116,0.188979,-0.162268,-0.298922,0.148414,-0.077686,0.144576,-0.251525,0.489035,-0.259996,-0.233113,0.210092,1.2246,-0.868333,0.72893,1.08248,-0.155088,-0.702846,-0.420759,-0.439218,0.189944,0.00969192,-0.0800703,0.998268,-0.0367483,0.00328104,-0.0458322,0.761433,0.00912411,-0.062496,-0.64516
0.178378,-0.428013,-0.146699,-0.180788,-0.373595,-0.332351,0.164168,0,0.0129402,-0.331773,0.522967,-0.253351,0,0.151512,0.689398,-0.842697,0.718103,-0.246154,-0.137706,-0.757646,-0.413315,0.106071,0.0590594,0.0188858,-0.077031,1.62302,-0.828846,-0.42688,-0.0515772,0.299967,-0.955748,0.60522,0,-0.357438,-0.971414,0.873954,0.22349,0,-1.04591,-5.83622,0.601003,-0.315225,-0.578818,0.511128,-1.37191,0.094825,-0.194999,0.308965,0.234683,0.0396931,0,0,0,0.999147,-0.0258943,0.031172,0.98384,-0.0270703,0.177168,0.0522637,0.188739,-0.0262173,0.045943,-0.380186,-0.0571412,-0.0319346,-0.203237,-0.245926,0.0232195,-0.0724143,0.149497,-0.231552,0.231987,-0.106593,-0.202553,0.282515,0.913532,-0.887542,0.727957,-0.350264,-0.138953,-0.415054,-0.181888,0.102737,0.174,0.0109588,-0.0783744,0.76408,-0.975134,-0.617437,-0.278843,0.345514,-0.659536,0.873325,-0.256553,0.198052,-1.25377,0.575295,0.118079,1.4208,-0.252434,-2.82702,0.620181,-0.299823,-0.697189,0.163345,-1.54508,0.146363,0.0293412,0.745549,0.219635,-0.0116865,0.138188,-0.912976,-0.784797,1.15082,-0.60659,-0.461291,0.439945,-1.62651,-1.03034,0.22962,2.11361,6.15606,-0.102342,-2.33565,1.07041,0.0261268,-0.904787,-0.772042,1.31053,-0.519856,-0.455508,0.290751,-1.80279,-0.912828,0.157821,2.01515,6.07381,-0.146838,-2.5243,1.07214,-0.014057,-0.440186,-0.0571412,-0.0319346,-0.203237,-0.245926,0.0232195,-0.0724143,0.149497,-0.231552,0.381987,-0.256593,-0.202553,0.402515,1.03353,-0.887542,0.727957,-0.410264,-0.198953,-0.665054,-0.431888,0.102737,0.174,0.0109588,-0.0783744,0.00909419,-0.516488,-0.156959,0.230164,-0.121318,-0.316309,0.156926,-0.0922582,0.0879889,-0.325301,0.506467,-0.25654,-0.206067,0.23481,1.17681,-0.855527,0.723068,1.06794,-0.111171,-0.73083,-0.417304,-0.467131,0.214082,0.0145595,-0.0787531,0.998211,-0.0368211,0.00509845,-0.0468355,0.761548,0.0142216,-0.0609972,-0.645075
0.206223,-0.423709,-0.150016,-0.181912,-0.341028,-0.345704,0.16887,0,0.00892697,-0.336419,0.537608,-0.250696,0,0.132967,0.506023,-0.829817,0.714935,-0.259553,-0.0872603,-0.782125,-0.408262,0.100125,0.101409,0.0221294,-0.074499,1.55379,-0.515626,-0.34857,-0.052962,0.698473,-0.86931,0.494177,0,-0.310405,-0.74968,0.831381,0.196268,0,-1.01032,-6.83598,0.6139,-0.268178,-0.606169,1.11448,-1.32753,0.142172,-0.225682,0.851516,0.212933,0.0657648,0,0,0,0.999295,-0.0251481,0.0295984,0.984503,-0.0231016,0.173553,0.240167,0.23817,0.195813,0.0608824,-0.399752,-0.0742332,-0.0400457,-0.200802,-0.255557,0.0420937,-0.0841662,0.150357,-0.262127,0.24525,-0.103285,-0.172646,0.27723,0.86326,-0.875707,0.721949,-0.364015,-0.132257,-0.445003,-0.177892,0.103747,0.187707,0.0156699,-0.0776502,0.732926,-0.994362,-1.01094,-0.50343,-0.0369688,-0.366159,1.00821,-0.815385,-0.0642725,-1.70892,0.719454,0.196111,1.35722,-0.274478,-2.2423,0.551789,-0.285231,-0.682251,0.388421,-1.41577,0.23294,0.0703531,0.616014,0.194144,0.0418028,0.0261268,-0.904787,-0.772042,1.31053,-0.519856,-0.455508,0.290751,-1.80279,-0.912828,0.157821,2.01515,6.07381,-0.146838,-2.5243,1.07214,0.0140013,-0.914216,-0.723837,1.47566,-0.516529,-0.445199,0.085063,-1.80167,-0.793474,0.0995273,1.86691,6.10814,-0.18734,-2.75263,1.06576,0.000882405,-0.459752,-0.0742332,-0.0400457,-0.200802,-0.255557,0.0420937,-0.0841662,0.150357,-0.262127,0.39525,-0.253285,-0.172646,0.39723,0.98326,-0.875707,0.721949,-0.424015,-0.192257,-0.695003,-0.427892,0.103747,0.187707,0.0156699,-0.0776502,-0.0469366,-0.512394,-0.154408,0.262107,-0.103971,-0.332351,0.164168,-0.0911015,0.0581503,-0.360558,0.522967,-0.253351,-0.182566,0.198911,1.12758,-0.842697,0.718103,1.05488,-0.133419,-0.757646,-0.413315,-0.504861,0.214427,0.0188858,-0.077031,0.998307,-0.0349274,0.00699111,-0.0459881,0.761548,0.0142216,-0.0609972,-0.645075
0.234059,-0.401053,-0.157192,-0.18786,-0.314745,-0.356676,0.173196,0,-0.000544746,-0.341173,0.550869,-0.248363,0,0.12627,0.313545,-0.818184,0.711626,-0.278761,-0.0411541,-0.803468,-0.405727,0.0957349,0.163699,0.0221406,-0.0738998,1.50518,-0.0211,-0.351639,-0.126294,0.883179,-0.773106,0.410817,0,-0.359359,-0.596082,0.78088,0.172375,0,-0.807664,-7.67235,0.604226,-0.237363,-0.712431,1.47173,-1.24941,0.137557,-0.22383,1.53042,0.14922,0.0550235,0,0,0,0.999242,-0.0194765,0.02498,0.984862,-0.0298421,0.172244,0.384157,0.291885,0.307522,0.0757971,-0.419659,-0.096555,-0.0520948,-0.203344,-0.260858,0.0642034,-0.10309,0.147315,-0.29771,0.260834,-0.0985594,-0.14797,0.2707,0.822707,-0.865128,0.716728,-0.377314,-0.125898,-0.47187,-0.172187,0.105485,0.197915,0.019545,-0.0759299,0.768622,-1.00197,-1.16008,-0.680466,-0.169177,-0.204315,1.18827,-0.981516,-0.192876,-1.76867,0.811428,0.26119,1.00891,-0.377963,-1.85702,0.49679,-0.228833,-0.650942,0.237445,-1.25035,0.319487,0.101942,0.424965,0.155379,0.081276,0.0140013,-0.914216,-0.723837,1.47566,-0.516529,-0.445199,0.085063,-1.80167,-0.793474,0.0995273,1.86691,6.10814,-0.18734,-2.75263,1.06576,-0.0866785,-0.794355,-0.646719,1.62971,-0.626125,-0.470136,-0.00970648,-1.69185,-0.709603,0.0836607,1.6189,6.09543,-0.196966,-3.04287,0.98521,0.0157971,-0.479659,-0.096555,-0.0520948,-0.203344,-0.260858,0.0642034,-0.10309,0.147315,-0.29771,0.410834,-0.248559,-0.14797,0.3907,0.942707,-0.865128,0.716728,-0.437314,-0.185898,-0.72187,-0.422187,0.105485,0.197915,0.019545,-0.0759299,-0.0529993,-0.517108,-0.144767,0.295131,-0.103306,-0.345704,0.16887,-0.0890398,0.0170126,-0.360334,0.537608,-0.250696,-0.158695,0.169764,1.05345,-0.829817,0.714935,1.04187,-0.15367,-0.782125,-0.408262,-0.550527,0.213152,0.0221294,-0.074499,0.998522,-0.0314715,0.00936182,-0.0433044,0.761332,0.020234,-0.058409,-0.645409
0.261889,-0.369221,-0.166297,-0.19622,-0.291603,-0.366459,0.177334,0,-0.0127457,-0.34598,0.56344,-0.246192,0,0.125499,0.116516,-0.807174,0.708246,-0.300872,0.00278228,-0.823242,-0.404449,0.0921225,0.235961,0.0205355,-0.0742669,1.47109,0.462704,-0.382731,-0.213808,0.965349,-0.687915,0.349649,0,-0.434566,-0.489371,0.73518,0.15323,0,-0.57694,-8.32608,0.588103,-0.216853,-0.830373,1.68926,-1.17119,0.115448,-0.210868,2.15522,0.080378,0.0330092,0,0,0,0.999236,-0.0269737,0.031649,0.983046,-0.0229339,0.181362,0.467696,0.31809,0.42943,0.0914595,-0.437405,-0.120624,-0.0664881,-0.205623,-0.264472,0.0904433,-0.121448,0.141584,-0.331709,0.277866,-0.092331,-0.132732,0.262709,0.783711,-0.855599,0.712767,-0.390275,-0.121191,-0.495323,-0.165028,0.107494,0.202715,0.0213741,-0.0746744,0.798297,-0.788955,-1.21088,-0.745955,-0.0426506,-0.180415,1.41126,-0.814348,-0.345851,-1.59263,0.870367,0.346931,0.506278,-0.413605,-2.05055,0.450025,-0.163952,-0.650715,0.221676,-1.08448,0.379532,0.100071,0.106313,0.0523945,0.0422663,-0.0866785,-0.794355,-0.646719,1.62971,-0.626125,-0.470136,-0.00970648,-1.69185,-0.709603,0.0836607,1.6189,6.09543,-0.196966,-3.04287,0.98521,-0.167988,-0.636489,-0.610864,1.72535,-0.749509,-0.517614,-0.0973431,-1.64138,-0.707474,0.0665906,1.44147,6.1416,-0.174741,-3.39576,0.890519,0.0314596,-0.497405,-0.120624,-0.0664881,-0.205623,-0.264472,0.0904433,-0.121448,0.141584,-0.331709,0.427866,-0.242331,-0.132732,0.382709,0.903711,-0.855599,0.712767,-0.450275,-0.181191,-0.745323,-0.415028,0.107494,0.202715,0.0213741,-0.0746744,-0.103339,-0.457178,-0.129344,0.325943,-0.125225,-0.356676,0.173196,-0.0940272,-0.0019413,-0.33837,0.550869,-0.248363,-0.141921,0.16183,0.92945,-0.818184,0.711626,1.03014,-0.158483,-0.803468,-0.405727,-0.608573,0.197042,0.0221406,-0.0738998,0.998784,-0.0269172,0.0120377,-0.0395146,0.765586,0.0272089,-0.0639857,-0.639565
0.291216,-0.397496,-0.176995,-0.205725,-0.298644,-0.374415,0.182077,0,-0.0319044,-0.34145,0.571141,-0.244333,0,0.128085,0.108525,-0.80078,0.703935,-0.323444,-0.0509239,-0.834096,-0.406734,0.0885953,0.251464,0.0206279,-0.0761887,1.46965,-0.100223,-0.428373,-0.292233,0.570129,-0.600884,0.315892,0,-0.591576,-0.274601,0.630141,0.135151,0,-0.365059,-5.94812,0.507588,-0.216465,-0.919832,0.376887,-0.982646,0.046544,-0.200514,1.7412,0.0576502,-0.00572002,0,0,0,0.999659,-0.0159809,0.0192728,0.985157,-0.0176183,0.170912,0.49182,0.250936,0.783195,0.109437,-0.443424,-0.147562,-0.0809587,-0.21644,-0.268071,0.122211,-0.133682,0.130084,-0.371311,0.294441,-0.0847588,-0.132685,0.253122,0.763956,-0.846817,0.710167,-0.402385,-0.150007,-0.51544,-0.15666,0.108201,0.125054,0.0211,-0.07442,0.959429,0.0139761,-1.36547,-0.695195,-0.692415,-0.209276,1.70166,-0.453632,-0.678803,-1.97277,0.810849,0.412933,-0.360983,-0.527213,-0.569265,0.421061,-0.0968038,-0.591768,-1.68722,-0.942668,0.434904,0.020528,-4.43107,-0.0296718,0.000669141,-0.167988,-0.636489,-0.610864,1.72535,-0.749509,-0.517614,-0.0973431,-1.64138,-0.707474,0.0665906,1.44147,6.1416,-0.174741,-3.39576,0.890519,0.22739,-0.96549,-0.868844,2.12613,-0.854259,-0.398104,-0.609701,-2.01738,-0.928057,0.0320363,1.5384,5.86319,-0.0355413,-3.51265,0.911427,0.0494375,-0.503424,-0.147562,-0.0809587,-0.21644,-0.268071,0.122211,-0.133682,0.130084,-0.371311,0.444441,-0.234759,-0.132685,0.373122,0.883956,-0.846817,0.710167,-0.462385,-0.210007,-0.76544,-0.40666,0.108201,0.125054,0.0211,-0.07442,-0.143994,-0.378245,-0.122173,0.34507,-0.149902,-0.366459,0.177334,-0.103523,-0.0194686,-0.328277,0.56344,-0.246192,-0.141495,0.153295,0.840735,-0.807174,0.708246,1.01719,-0.147371,-0.823242,-0.404449,-0.679151,0.178104,0.0205355,-0.0742669,0.999105,-0.0220312,0.0145681,-0.0330346,0.765586,0.0272089,-0.0639857,-0.639565
0.316697,-0.415796,-0.18349,-0.209223,-0.300233,-0.37912,0.183281,0,-0.0460756,-0.345353,0.577097,-0.242902,0,0.131122,0.103521,-0.79275,0.699595,-0.342939,-0.0828108,-0.843361,-0.40736,0.0842637,0.2618,0.0217338,-0.078165,1.41098,-0.344666,-0.397285,-0.257037,0.375258,-0.491193,0.239194,0,-0.626671,-0.250773,0.530434,0.116074,0,-0.209988,-4.23874,0.475763,-0.216627,-0.936317,-0.214482,-0.826839,0.0231949,-0.205335,1.37388,0.0569438,-0.033649,0,0,0,0.999663,-0.0232077,0.0249624,0.982462,-0.00716016,0.185011,0.518866,0.210398,0.892197,0.13189,-0.439156,-0.175211,-0.0951641,-0.232253,-0.271846,0.157298,-0.133208,0.114954,-0.408696,0.310261,-0.0762832,-0.164483,0.238467,0.758721,-0.838404,0.708801,-0.412997,-0.175177,-0.532772,-0.14832,0.110513,0.0508097,0.0207503,-0.0753403,1.28272,0.41603,-1.40681,-0.728395,-1.06543,-0.165219,1.78391,0.428349,-0.818882,-1.92389,0.748918,0.414382,-2.40272,-0.952822,0.457279,0.411064,-0.0426885,-0.438048,-1.82222,-0.786585,0.400266,0.212581,-4.56777,-0.00994076,-0.0532277,0.22739,-0.96549,-0.868844,2.12613,-0.854259,-0.398104,-0.609701,-2.01738,-0.928057,0.0320363,1.5384,5.86319,-0.0355413,-3.51265,0.911427,0.531657,-1.17177,-1.00787,2.57508,-1.06179,-0.368872,-0.900498,-2.24147,-1.03747,0.26192,1.59611,6.04833,0.0221691,-3.34337,0.866119,0.0718898,-0.499156,-0.175211,-0.0951641,-0.232253,-0.271846,0.157298,-0.133208,0.114954,-0.408696,0.460261,-0.226283,-0.164483,0.358467,0.878721,-0.838404,0.708801,-0.472997,-0.235177,-0.782772,-0.39832,0.110513,0.0508097,0.0207503,-0.0753403,0.0536949,-0.542745,-0.173769,0.425225,-0.170852,-0.374415,0.182077,-0.0796209,-0.12194,-0.403476,0.571141,-0.244333,-0.185611,0.136018,0.889202,-0.80078,0.703935,1.00803,-0.0777706,-0.834096,-0.406734,-0.702531,0.182285,0.0206279,-0.0761887,0.999408,-0.0171893,0.0168041,-0.0246306,0.772272,0.0354573,-0.0729598,-0.630092
0.334488,-0.414149,-0.18158,-0.200709,-0.290918,-0.377322,0.17741,0,-0.0502718,-0.366125,0.579562,-0.242327,0,0.13506,0.104491,-0.781449,0.695197,-0.356284,-0.0710591,-0.849451,-0.404668,0.0783229,0.2618,0.0248668,-0.0802505,1.25455,-0.216564,-0.249448,-0.0522134,0.402414,-0.316869,0.0793699,0,-0.501614,-0.487115,0.408283,0.0898757,0,-0.0879284,-2.95257,0.502555,-0.217605,-0.855585,0.0261378,-0.670127,0.0566144,-0.232846,0.961714,0.0868557,-0.0548365,0,0,0,0.999976,-0.00560981,0.00622219,0.984762,-0.00297837,0.173818,0.519154,0.20598,1.04213,0.158686,-0.429639,-0.204845,-0.109055,-0.255375,-0.274822,0.191838,-0.115613,0.0963287,-0.439114,0.325041,-0.0678368,-0.218529,0.218515,0.777321,-0.830061,0.708147,-0.421875,-0.21741,-0.547051,-0.140824,0.114026,0.00807864,0.0211912,-0.076951,1.35918,0.499867,-1.54362,-0.648449,-1.23841,-0.152701,1.65729,1.1794,-1.02973,-1.07758,0.729956,0.433316,-2.5092,-1.0172,1.42367,0.411909,-0.0221899,-0.431058,-3.22743,-0.645112,0.353181,0.170682,0.13631,0.0279823,-0.0742709,0.531657,-1.17177,-1.00787,2.57508,-1.06179,-0.368872,-0.900498,-2.24147,-1.03747,0.26192,1.59611,6.04833,0.0221691,-3.34337,0.866119,0.79333,-1.3642,-1.11847,2.9388,-1.02524,-0.307439,-0.969389,-2.21715,-0.966078,0.535928,1.46703,6.45303,0.00011833,-2.91094,0.981298,0.0986859,-0.489639,-0.204845,-0.109055,-0.255375,-0.274822,0.191838,-0.115613,0.0963287,-0.439114,0.475041,-0.217837,-0.218529,0.338515,0.897321,-0.830061,0.708147,-0.481875,-0.27741,-0.797051,-0.390824,0.114026,0.00807864,0.0211912,-0.076951,0.205828,-0.645887,-0.201573,0.515017,-0.212358,-0.37912,0.183281,-0.0737745,-0.1801,-0.448294,0.577097,-0.242902,-0.207493,0.25096,0.918056,-0.79275,0.699595,1.0051,-0.0489154,-0.843361,-0.40736,-0.668674,0.173224,0.0217338,-0.078165,0.999638,-0.0122407,0.0187804,-0.0148534,0.772272,0.0354573,-0.0729598,-0.630092
0.33049,-0.415742,-0.177073,-0.178179,-0.274794,-0.362574,0.164865,0,-0.0425328,-0.38772,0.578201,-0.243815,0,0.176745,0.127706,-0.762557,0.694029,-0.377528,-0.031325,-0.855371,-0.397812,0.0697545,0.234992,0.0294343,-0.0816442,0.818216,-0.175484,-0.107018,0.301404,0.523552,-0.000574181,-0.132622,0,-0.235044,-0.664907,0.265383,0.0405898,0,0.563732,-1.71858,0.635156,-0.169845,-0.917577,0.614307,-0.557884,0.142467,-0.291518,0.271085,0.129311,-0.0592909,0,0,0,0.999869,0.0146681,-0.0133741,0.987043,-0.00917097,0.159783,0.444908,0.275199,0.995279,0.183983,-0.421602,-0.23568,-0.120205,-0.276413,-0.27799,0.221547,-0.0868369,0.0751741,-0.446901,0.340312,-0.0586225,-0.237797,0.20112,0.805314,-0.820897,0.707697,-0.431926,-0.267558,-0.558955,-0.134186,0.118007,0.0440407,0.0230629,-0.0788501,1.17017,0.316057,-1.51305,-0.480433,-0.884778,-0.171289,1.34148,1.56839,-1.04465,0.0954286,0.782878,0.476751,0.421522,-0.720569,1.30594,0.481489,-0.0227526,-0.589873,-1.71697,-0.540011,0.304831,0.175798,2.15968,0.0962796,-0.0838747,0.79333,-1.3642,-1.11847,2.9388,-1.02524,-0.307439,-0.969389,-2.21715,-0.966078,0.535928,1.46703,6.45303,0.00011833,-2.91094,0.981298,0.887714,-1.38388,-1.1604,2.7549,-0.530515,-0.170613,-0.713512,-2.22654,-0.865919,0.635332,1.28532,6.98331,0.0243966,-2.72868,0.998789,0.123983,-0.481602,-0.23568,-0.120205,-0.276413,-0.27799,0.221547,-0.0868369,0.0751741,-0.446901,0.490312,-0.208623,-0.237797,0.32112,0.925314,-0.820897,0.707697,-0.491926,-0.327558,-0.808955,-0.384186,0.118007,0.0440407,0.0230629,-0.0788501,0.336665,-0.742099,-0.223695,0.587761,-0.205049,-0.377322,0.17741,-0.0614877,-0.193878,-0.443429,0.579562,-0.242327,-0.193216,0.387964,0.853515,-0.781449,0.695197,0.996572,-0.0599408,-0.849451,-0.404668,-0.582188,0.19626,0.0248668,-0.0802505,0.999736,-0.00772452,0.0211749,-0.00438908,0.772329,0.0376205,-0.0673987,-0.630516
0.315598,-0.418954,-0.171269,-0.148641,-0.255265,-0.341349,0.148982,0,-0.028826,-0.409727,0.574927,-0.246335,0,0.237305,0.162043,-0.739872,0.694476,-0.402723,0.0224002,-0.861205,-0.388874,0.0598723,0.194781,0.034719,-0.082692,0.349367,-0.171025,0.0121562,0.654056,0.659413,0.317967,-0.331073,0,0.0410704,-0.795538,0.136655,-0.00938346,0,1.303,-0.687946,0.784898,-0.112191,-1.02022,1.23589,-0.478042,0.233794,-0.352296,-0.413414,0.169789,-0.0572205,0,0,0,0.998755,0.0455153,-0.0428665,0.992405,-0.0255307,0.11428,0.274215,0.313959,0.575974,0.206103,-0.415193,-0.261809,-0.127313,-0.289068,-0.28043,0.244013,-0.0504597,0.0590275,-0.435916,0.355871,-0.0487292,-0.19801,0.189909,0.831202,-0.808851,0.707706,-0.446342,-0.317139,-0.568613,-0.12758,0.117183,0.0585565,0.0264149,-0.0805633,1.04515,0.30455,-1.10482,-0.241913,-0.330031,-0.105269,0.945362,1.96195,-0.620952,0.924599,0.782787,0.516565,2.82402,-0.431944,1.19509,0.66651,0.0150657,-0.836719,-2.80278,-0.434174,0.334475,-0.192333,0.0698622,0.159331,-0.0694446,0.887714,-1.38388,-1.1604,2.7549,-0.530515,-0.170613,-0.713512,-2.22654,-0.865919,0.635332,1.28532,6.98331,0.0243966,-2.72868,0.998789,0.816447,-1.2261,-1.11452,1.90708,-0.0226947,0.107094,-0.34998,-2.47105,-0.75332,0.727358,1.12033,7.26281,0.279142,-2.41254,0.893089,0.146103,-0.475193,-0.261809,-0.127313,-0.289068,-0.28043,0.244013,-0.0504597,0.0590275,-0.435916,0.505871,-0.198729,-0.19801,0.309909,0.951202,-0.808851,0.707706,-0.506342,-0.377139,-0.818613,-0.37758,0.117183,0.0585565,0.0264149,-0.0805633,0.383857,-0.751938,-0.23208,0.55098,-0.106103,-0.362574,0.164865,-0.0341227,-0.142702,-0.445307,0.578201,-0.243815,-0.173184,0.437666,0.762658,-0.762557,0.694029,0.97858,-0.0478017,-0.855371,-0.397812,-0.545736,0.199758,0.0294343,-0.0816442,0.999694,-0.00424367,0.0241125,0.00362402,0.768196,0.0300501,-0.0471737,-0.637767
0.291526,-0.452654,-0.168419,-0.10692,-0.2301,-0.313063,0.137547,0,-0.0212171,-0.403574,0.564348,-0.249322,0,0.326281,0.263099,-0.724057,0.691716,-0.420132,0.0146632,-0.857501,-0.385106,0.0429015,0.0947189,0.0321431,-0.0825255,-0.116517,-0.625211,0.0512593,1.08364,0.839068,0.646861,-0.403281,0,0.142884,-0.464594,-0.0630255,-0.0513765,0,2.24675,1.03428,0.786651,-0.119931,-0.975298,0.74907,-0.279057,0.220182,-0.501169,-1.79032,0.0802135,-0.0375567,0,0,0,0.998609,0.0510337,-0.0492248,0.99241,-0.0188726,0.111887,-0.00938806,0.326637,0.131439,0.225145,-0.406227,-0.279024,-0.128385,-0.286565,-0.281815,0.258225,-0.00142512,0.0515858,-0.410878,0.3713,-0.0376251,-0.138562,0.186091,0.846624,-0.792643,0.708657,-0.466448,-0.371188,-0.576384,-0.120111,0.1098,0.0714507,0.030884,-0.0819307,0.862251,0.587409,-0.663539,0.107058,0.490967,-0.0600116,0.529907,2.78685,-0.173995,1.37812,0.756894,0.583891,2.59859,0.017453,0.456537,0.884093,0.0638888,-1.13896,-2.78422,-0.345507,0.380724,-0.504475,0.67349,0.201769,-0.0543561,0.816447,-1.2261,-1.11452,1.90708,-0.0226947,0.107094,-0.34998,-2.47105,-0.75332,0.727358,1.12033,7.26281,0.279142,-2.41254,0.893089,0.648546,-1.11972,-1.10784,1.12508,0.156986,0.148513,0.00104649,-2.39621,-0.539096,0.966843,1.10187,7.75636,0.295816,-1.84301,0.782078,0.165145,-0.466227,-0.279024,-0.128385,-0.286565,-0.281815,0.258225,-0.00142512,0.0515858,-0.410878,0.5213,-0.187625,-0.138562,0.306091,0.966624,-0.792643,0.708657,-0.526448,-0.431188,-0.826385,-0.370111,0.1098,0.0714507,0.030884,-0.0819307,0.348223,-0.673052,-0.222904,0.381415,-0.00453894,-0.341349,0.148982,0.0214188,-0.0699961,-0.49421,0.574927,-0.246335,-0.150664,0.483679,0.680166,-0.739872,0.694476,0.951822,0.079571,-0.861205,-0.388874,-0.482509,0.178618,0.034719,-0.082692,0.999598,-0.00298305,0.0273396,0.00686253,0.768196,0.0300501,-0.0471737,-0.637767
0.26598,-0.475767,-0.167564,-0.0650938,-0.206056,-0.284969,0.126714,0,-0.0190643,-0.402508,0.552537,-0.251981,0,0.421916,0.351662,-0.713439,0.688464,-0.428188,0.00185703,-0.849229,-0.381656,0.0241434,0.0134164,0.026352,-0.0812214,-0.46475,-0.784344,0.0486942,1.38595,0.948002,0.874215,-0.44479,0,0.13231,-0.309215,-0.221277,-0.0758453,0,3.00725,2.05243,0.709915,-0.132732,-0.803544,0.332257,-0.0712662,0.205875,-0.632189,-2.47276,-0.0307174,-0.00672815,0,0,0,0.998256,0.0535845,-0.051787,0.996323,-0.0283397,0.0668494,-0.278852,0.478139,-0.219592,0.235244,-0.392948,-0.288442,-0.122942,-0.269095,-0.283101,0.263538,0.0531066,0.0494243,-0.382128,0.385998,-0.0256971,-0.0931213,0.197712,0.848434,-0.77259,0.709613,-0.492968,-0.429728,-0.582378,-0.113454,0.101093,0.0842952,0.0320788,-0.0824741,0.185107,0.710752,-0.322156,0.399284,1.14832,-0.086974,0.0591872,2.50115,-0.110046,1.47705,0.716254,0.596716,1.80289,1.06795,-0.218836,1.04851,0.0288693,-1.49079,-2.959,-0.260681,0.269492,-0.372642,0.889317,0.00283493,-0.0133366,0.648546,-1.11972,-1.10784,1.12508,0.156986,0.148513,0.00104649,-2.39621,-0.539096,0.966843,1.10187,7.75636,0.295816,-1.84301,0.782078,0.157222,-0.578111,-0.632386,0.483169,-0.135287,0.274239,0.581482,-1.96497,-0.220568,1.18962,0.780359,7.82418,0.676767,-1.5347,0.19547,0.175244,-0.452948,-0.288442,-0.122942,-0.269095,-0.283101,0.263538,0.0531066,0.0494243,-0.382128,0.535998,-0.175697,-0.0931213,0.317712,0.968434,-0.77259,0.709613,-0.552968,-0.489728,-0.832378,-0.363454,0.101093,0.0842952,0.0320788,-0.0824741,0.264273,-0.619861,-0.221568,0.225015,0.0313973,-0.313063,0.137547,0.0297026,0.000209299,-0.479243,0.564348,-0.249322,-0.107819,0.603422,0.670937,-0.724057,0.691716,0.916604,0.087908,-0.857501,-0.385106,-0.368602,0.156416,0.0321431,-0.0825255,0.99948,-0.00445,0.0313577,0.0060899,0.767335,0.0167221,-0.0250329,-0.64054
0.237486,-0.477707,-0.170702,-0.0230548,-0.184256,-0.257258,0.117086,0,-0.0278241,-0.411612,0.538263,-0.253983,0,0.530868,0.415238,-0.713217,0.684227,-0.417536,-0.0210874,-0.831824,-0.378843,0.00181097,-0.0303675,0.0141304,-0.0776421,-0.752738,-0.578143,-0.0129763,1.60075,0.990604,1.02762,-0.455772,0,-0.0387791,-0.353014,-0.369003,-0.0831208,0,3.73936,2.39034,0.500275,-0.15646,-0.402703,-0.111587,0.211191,0.186302,-0.777519,-2.38769,-0.204826,0.0489798,0,0,0,0.998847,0.0458468,-0.044618,0.996013,-0.01769,0.0765271,-0.579356,0.614017,-0.52658,0.227692,-0.374351,-0.289689,-0.110976,-0.23925,-0.286843,0.260769,0.0976083,0.050473,-0.357556,0.397804,-0.0132377,-0.0499885,0.23804,0.834,-0.751459,0.709387,-0.526047,-0.495333,-0.58463,-0.108928,0.0935668,0.0918315,0.0291134,-0.0820399,-0.81088,0.780042,0.204354,0.807566,1.55239,-0.268701,-0.333315,2.0961,0.246632,0.872789,0.445259,0.663417,2.26862,2.78259,-0.503494,1.0243,-0.0165335,-1.62976,-2.74397,0.0525013,0.245049,-0.357969,0.256516,-0.169632,0.0256151,0.157222,-0.578111,-0.632386,0.483169,-0.135287,0.274239,0.581482,-1.96497,-0.220568,1.18962,0.780359,7.82418,0.676767,-1.5347,0.19547,-0.721889,0.639845,-0.0520585,-0.392224,-1.12485,0.692419,1.30442,-1.25128,0.357024,1.37433,0.631071,7.47441,2.27159,-1.81869,-1.38093,0.167692,-0.434351,-0.289689,-0.110976,-0.23925,-0.286843,0.260769,0.0976083,0.050473,-0.357556,0.547804,-0.163238,-0.0499886,0.35804,0.954,-0.751459,0.709387,-0.586047,-0.555333,-0.83463,-0.358928,0.0935668,0.0918315,0.0291134,-0.0820399,0.0186112,-0.349056,-0.126477,0.0966338,-0.0270573,-0.284969,0.126714,0.0548478,0.116296,-0.392993,0.552537,-0.251981,-0.0441135,0.714811,0.51018,-0.713439,0.688464,0.872493,0.278384,-0.849229,-0.381656,-0.30694,0.0390941,0.026352,-0.0812214,0.999274,-0.00848553,0.0370831,0.00223638,0.767335,0.0167221,-0.0250329,-0.64054
0.204649,-0.462126,-0.17008,0.0174419,-0.155749,-0.230394,0.103945,0,-0.0349921,-0.423377,0.521713,-0.257034,0,0.652815,0.455091,-0.723378,0.6849,-0.375611,-0.0486374,-0.804455,-0.371509,-0.019255,-0.0645183,-0.00119689,-0.0719775,-1.01946,-0.170976,0.000248868,1.72797,1.12103,1.12229,-0.516164,0,-0.134666,-0.423584,-0.506557,-0.10396,0,4.44675,2.27105,0.197775,-0.0994384,0.346984,-0.491361,0.558365,0.240431,-0.860252,-2.18365,-0.373287,0.119254,0,0,0,0.999651,0.0224044,-0.0216935,0.998567,-0.0151075,0.048594,-1.10572,0.283022,-0.387863,0.200608,-0.358175,-0.283839,-0.0842621,-0.209634,-0.293898,0.251213,0.158129,0.0671152,-0.355965,0.399953,0.00185992,0.0344874,0.321242,0.834224,-0.733931,0.708724,-0.554363,-0.525187,-0.576167,-0.102471,0.0748377,0.0954187,0.0209903,-0.0800467,-1.772,1.10499,0.334572,1.76134,1.56597,-0.399688,-0.516572,3.69439,1.27151,-0.454916,-0.148819,0.796474,5.40234,5.26498,-0.0164838,0.738159,-0.0570123,-1.11848,-0.902783,0.621481,0.308251,-1.27458,0.125654,-0.400183,0.104068,-0.721889,0.639845,-0.0520585,-0.392224,-1.12485,0.692419,1.30442,-1.25128,0.357024,1.37433,0.631071,7.47441,2.27159,-1.81869,-1.38093,-1.25883,1.28212,0.177499,-0.756384,-2.54592,1.06201,1.16358,0.060706,0.572459,1.63219,0.683602,7.13273,2.87247,-2.07371,-2.4857,0.140608,-0.418175,-0.283839,-0.0842621,-0.209634,-0.293898,0.251213,0.158129,0.0671152,-0.355965,0.549953,-0.14814,0.0344874,0.441242,0.954224,-0.733931,0.708724,-0.614363,-0.585187,-0.826167,-0.352471,0.0748377,0.0954187,0.0209903,-0.0800467,-0.420945,0.259922,-0.0104117,-0.0784448,-0.224969,-0.257258,0.117086,0.138484,0.260885,-0.250256,0.538263,-0.253983,0.0714047,0.807163,0.435535,-0.713217,0.684227,0.832465,0.807469,-0.831824,-0.378843,-0.363738,-0.276185,0.0141304,-0.0776421,0.998971,-0.0171348,0.0418941,-0.00303192,0.771766,0.00061066,-0.00761026,-0.635861
0.169642,-0.437783,-0.167578,0.0571675,-0.123889,-0.203954,0.0890464,0,-0.0413643,-0.436472,0.504024,-0.260611,0,0.781259,0.483084,-0.738731,0.688026,-0.318049,-0.0784902,-0.772104,-0.361913,-0.0396876,-0.0938527,-0.0180771,-0.0652703,-1.23874,0.245454,0.0377039,1.80547,1.26263,1.1822,-0.584791,0,-0.189849,-0.49294,-0.61992,-0.126419,0,5.03939,2.00962,-0.0918511,-0.0227085,1.10632,-0.791744,0.876115,0.312237,-0.908666,-1.96857,-0.514504,0.184086,0,0,0,0.99987,0.0153509,-0.0152134,0.999526,-0.00534896,0.0266804,-1.3401,0.117271,-0.0823822,0.149364,-0.329804,-0.2756,-0.0414283,-0.17616,-0.303759,0.240107,0.24277,0.0940487,-0.372523,0.390878,0.0170887,0.142611,0.456987,0.827226,-0.722978,0.707039,-0.547505,-0.538076,-0.560658,-0.0981721,0.0438025,0.0971332,0.00861701,-0.0760241,-3.17866,1.64552,0.527833,2.41638,1.77489,-0.543338,-0.570726,4.44902,1.31481,-1.04021,-0.6777,0.706406,4.56373,7.91174,-0.648101,0.399645,-0.0978385,1.57194,-0.51148,0.822368,0.12335,-1.55064,0.0654421,-0.565672,0.192553,-1.25883,1.28212,0.177499,-0.756384,-2.54592,1.06201,1.16358,0.060706,0.572459,1.63219,0.683602,7.13273,2.87247,-2.07371,-2.4857,-1.38518,1.41894,0.575422,-0.330299,-3.87089,1.29821,0.956835,0.461787,0.558597,1.56321,0.52723,5.82702,3.17642,-1.99194,-3.05747,0.0893635,-0.389804,-0.2756,-0.0414283,-0.17616,-0.303759,0.240107,0.24277,0.0940487,-0.372523,0.540878,-0.132911,0.142611,0.576987,0.947226,-0.722978,0.707039,-0.607505,-0.598076,-0.810658,-0.348172,0.0438025,0.0971332,0.00861701,-0.0760241,-0.689416,0.445853,0.0354998,-0.151277,-0.509183,-0.230394,0.103945,0.212402,0.232715,0.0121412,0.521713,-0.257034,0.114492,0.936096,0.461801,-0.723378,0.6849,0.829713,0.869674,-0.804455,-0.371509,-0.414742,-0.497139,-0.00119689,-0.0719775,0.99857,-0.0295864,0.0442445,-0.00502062,0.772878,-0.0198099,0.00487342,-0.634227
0.111997,-0.399276,-0.162662,0.0900556,-0.0905473,-0.187218,0.070368,0,-0.0531118,-0.452506,0.486826,-0.264208,0,0.925993,0.477396,-0.772873,0.694718,-0.238634,-0.102954,-0.729799,-0.353785,-0.0358611,-0.111657,-0.0336929,-0.0636375,-1.73178,0.749425,0.100124,1.75715,1.38396,1.07859,-0.689529,0,-0.309107,-0.58556,-0.691922,-0.142453,0,5.69858,1.32141,-0.57643,0.0844857,1.96565,-0.921181,1.24787,0.340481,-0.578668,-1.64506,-0.594391,0.153352,0,0,0,0.999868,0.0157338,-0.0154897,0.998397,-0.0049091,0.0543589,-1.39643,-0.016539,-0.154531,0.0764388,-0.291367,-0.258075,0.0102795,-0.138302,-0.31473,0.229825,0.331045,0.115348,-0.394588,0.370702,0.0288897,0.180115,0.630601,0.80614,-0.719434,0.705396,-0.499544,-0.546058,-0.542038,-0.096475,0.033855,0.098666,-0.00651189,-0.0704416,-3.92886,2.12997,1.20589,2.69977,1.99465,-0.491037,-0.459649,4.17071,0.844997,-1.07889,-1.24635,0.476874,-0.455766,9.03098,-1.37296,0.0195076,-0.0630698,3.70381,-0.314468,0.952538,0.0586045,0.152918,0.0937597,-0.666378,0.253212,-1.38518,1.41894,0.575422,-0.330299,-3.87089,1.29821,0.956835,0.461787,0.558597,1.56321,0.52723,5.82702,3.17642,-1.99194,-3.05747,-1.32858,1.26294,0.437243,0.183803,-5.22211,1.53388,0.494693,0.426508,0.432848,1.51714,0.292445,4.65249,2.82487,-1.93962,-3.51208,0.0164388,-0.351367,-0.258075,0.0102795,-0.138302,-0.31473,0.229825,0.331045,0.115348,-0.394588,0.520702,-0.12111,0.180115,0.750601,0.92614,-0.719434,0.705396,-0.559544,-0.606058,-0.792038,-0.346475,0.033855,0.098666,-0.00651189,-0.0704416,-0.752589,0.489238,0.115084,-0.0660599,-0.774177,-0.203954,0.0890464,0.259641,0.191367,0.0923575,0.504024,-0.260611,0.111719,0.901606,0.383615,-0.738731,0.688026,0.971092,0.87635,-0.772104,-0.361913,-0.398387,-0.611494,-0.0180771,-0.0652703,0.998009,-0.04336,0.0454398,-0.00571585,0.772878,-0.0198099,0.00487342,-0.634227
0.0505608,-0.359613,-0.158425,0.119818,-0.0605487,-0.174598,0.0507708,0,-0.0674367,-0.469765,0.471024,-0.267676,0,1.06477,0.468046,-0.813194,0.700838,-0.155149,-0.127164,-0.687479,-0.347767,-0.0386575,-0.124378,-0.0469638,-0.0635763,-2.1338,1.11954,0.133641,1.67645,1.41875,0.944314,-0.776628,0,-0.431249,-0.668784,-0.721375,-0.151739,0,6.07065,0.784746,-1.00831,0.150936,2.62822,-1.00798,1.5083,0.328613,-0.447014,-1.34236,-0.615137,0.108265,0,0,0,0.999947,0.0100904,-0.00999467,0.999001,-0.00241604,0.0435393,-1.37367,-0.372554,0.113379,-0.00417038,-0.238838,-0.233749,0.0640957,-0.0984967,-0.319818,0.2216,0.40919,0.114719,-0.422385,0.341281,0.0351073,0.120614,0.805663,0.769809,-0.725534,0.705952,-0.34698,-0.550592,-0.520057,-0.0939885,0.0339305,0.102211,-0.0220767,-0.0665344,-4.01164,3.04802,1.26233,2.63911,1.99053,0.0390853,-0.368716,3.57407,-0.643002,-1.55528,-1.62419,0.154121,-4.30378,8.42538,-2.19964,-0.522798,0.0856128,9.03427,-0.110124,1.17373,0.17428,0.546903,0.290107,-0.659484,0.140829,-1.32858,1.26294,0.437243,0.183803,-5.22211,1.53388,0.494693,0.426508,0.432848,1.51714,0.292445,4.65249,2.82487,-1.93962,-3.51208,-1.71985,1.28739,-0.194041,0.73583,-6.88525,1.99275,0.183378,0.529541,0.791704,2.59751,-0.0192159,1.38297,2.6571,-1.45432,-4.65244,-0.0641704,-0.298838,-0.233749,0.0640957,-0.0984967,-0.319818,0.2216,0.40919,0.114719,-0.422385,0.491281,-0.114893,0.120614,0.925663,0.889809,-0.725534,0.705952,-0.40698,-0.610592,-0.770057,-0.343989,0.0339305,0.102211,-0.0220767,-0.0665344,-0.724288,0.541132,0.0874485,0.0367606,-1.04442,-0.187218,0.070368,0.306776,0.0989386,0.0853016,0.486826,-0.264208,0.0865696,0.878571,0.266223,-0.772873,0.694718,1.12565,0.878219,-0.729799,-0.353785,-0.387925,-0.702416,-0.0336929,-0.0636375,0.99735,-0.0573855,0.0444197,-0.0052155,0.774994,-0.036653,0.0148347,-0.63073
-0.0184606,-0.317638,-0.155545,0.143331,-0.0372356,-0.17021,0.0293361,0,-0.0869165,-0.489477,0.458015,-0.270886,0,1.19163,0.451376,-0.865873,0.705813,-0.0635252,-0.150867,-0.645133,-0.345967,-0.0546999,-0.126934,-0.0555447,-0.0666582,-2.52898,1.41331,0.136749,1.5262,1.34282,0.726826,-0.865161,0,-0.59407,-0.763825,-0.700095,-0.154365,0,6.15234,0.299262,-1.49599,0.18028,3.21412,-1.06113,1.691,0.257029,-0.553546,-0.977995,-0.559309,0.0295566,0,0,0,0.999489,0.0306361,-0.0299271,0.997134,-0.0112623,0.0691789,-1.37851,-0.632451,1.48908,-0.100343,-0.170211,-0.225621,0.113286,-0.0604862,-0.313597,0.210172,0.474378,0.0708878,-0.470873,0.310898,0.0353535,0.0813805,0.981525,0.717171,-0.742714,0.709444,-0.098599,-0.552949,-0.495574,-0.0895362,-0.00301905,0.112432,-0.036332,-0.0647786,-5.42132,3.64708,-0.154559,2.22207,1.90917,0.542259,-0.72846,2.91501,-3.17751,-2.94131,-1.41662,-0.126497,0.498243,9.03699,-2.91887,-1.06594,0.211623,14.4289,-0.200549,1.22797,0.224207,-3.5928,0.464444,-0.592011,0.0559334,-1.71985,1.28739,-0.194041,0.73583,-6.88525,1.99275,0.183378,0.529541,0.791704,2.59751,-0.0192159,1.38297,2.6571,-1.45432,-4.65244,-1.52137,1.13631,-0.963817,1.81723,-8.78323,2.24986,-0.156584,0.22567,1.68714,3.31869,-0.138421,-0.188869,2.30655,-0.742939,-5.73342,-0.160343,-0.230211,-0.225621,0.113286,-0.0604862,-0.313597,0.210172,0.474378,0.0708878,-0.470873,0.460898,-0.114646,0.0813805,1.10153,0.837171,-0.742714,0.709444,-0.158599,-0.612949,-0.745574,-0.339536,-0.00301905,0.112432,-0.036332,-0.0647786,-0.919924,0.583695,-0.0388081,0.147166,-1.37705,-0.174598,0.0507708,0.398549,0.0366755,0.105908,0.471024,-0.267676,0.158341,1.41876,0.110392,-0.813194,0.700838,0.631485,0.883902,-0.687479,-0.347767,-0.290863,-0.930489,-0.0469638,-0.0635763,0.996593,-0.0711062,0.0415726,0.00420201,0.774994,-0.036653,0.0148347,-0.63073
-0.0813161,-0.273141,-0.14615,0.179717,-0.0124501,-0.165819,0.0057316,0,-0.083736,-0.502501,0.44665,-0.276338,0,1.29405,0.426698,-0.915697,0.712054,0.000522437,-0.168159,-0.608827,-0.346841,-0.0566176,-0.126129,-0.0506692,-0.0686801,-2.71312,1.65677,0.236654,1.61413,1.31176,0.574657,-0.95968,0,-0.368142,-0.730034,-0.660538,-0.189827,0,5.84298,-0.160687,-1.79456,0.219814,3.2106,-1.00216,1.72829,0.166806,-0.416247,-0.672519,-0.318383,-0.00963826,0,0,0,0.998809,0.0470169,-0.045995,0.99648,-0.0162505,0.0693994,-1.43572,-0.88855,1.83684,-0.217529,-0.0930705,-0.238602,0.155071,-0.018653,-0.293927,0.190461,0.528055,-0.000338228,-0.535167,0.28736,0.0288883,0.221755,1.1783,0.653412,-0.771248,0.714822,0.0827158,-0.549261,-0.468648,-0.0846921,-0.0664583,0.11976,-0.0474454,-0.0655177,-6.04295,3.97468,-0.752228,1.999,2.30714,1.3638,-1.14989,2.06734,-3.49784,-3.07947,-1.0132,-0.510697,11.249,10.3617,-3.34529,-1.63687,0.267902,4.45496,0.121606,1.4186,0.218271,-2.55913,0.284659,-0.439744,-0.0570347,-1.52137,1.13631,-0.963817,1.81723,-8.78323,2.24986,-0.156584,0.22567,1.68714,3.31869,-0.138421,-0.188869,2.30655,-0.742939,-5.73342,-1.6535,0.950297,-1.29711,2.06814,-10.0158,2.19478,-0.855162,-0.120517,1.96104,3.09567,0.0976928,-0.106092,3.17833,-0.396074,-6.277,-0.277529,-0.153071,-0.238602,0.155071,-0.018653,-0.293927,0.190461,0.528055,-0.000338228,-0.535167,0.43736,-0.121112,0.221755,1.2983,0.773411,-0.771248,0.714822,0.0227158,-0.609261,-0.718648,-0.334692,-0.0664583,0.11976,-0.0474454,-0.0655177,-0.820687,0.508156,-0.192763,0.363447,-1.50321,-0.17021,0.0293361,0.449971,-0.0313168,0.045134,0.458015,-0.270886,0.337428,1.77935,0.0507893,-0.865873,0.705813,-0.154434,0.877024,-0.645133,-0.345967,-0.148588,-1.14668,-0.0555447,-0.0666582,0.995366,-0.0849816,0.0382646,0.0236898,0.782065,-0.0475274,0.0210638,-0.621025
-0.141089,-0.227382,-0.133497,0.22254,0.0130715,-0.161424,-0.0189577,0,-0.0692253,-0.512181,0.436107,-0.28291,0,1.38426,0.398016,-0.964095,0.718928,0.0507819,-0.182244,-0.575541,-0.349053,-0.0514729,-0.123643,-0.0390654,-0.0701719,-2.79577,1.84612,0.355453,1.77224,1.30106,0.468176,-1.04212,0,-0.0400393,-0.656223,-0.620519,-0.231462,0,5.44317,-0.542707,-1.98216,0.256984,3.00131,-0.912798,1.7091,0.0835929,-0.214203,-0.433477,-0.0488114,-0.029124,0,0,0,0.996439,0.0810829,-0.0785465,0.992367,-0.030643,0.0929183,-1.33058,-0.720042,1.00548,-0.340754,-0.0172467,-0.249211,0.190402,0.0309456,-0.26009,0.163101,0.537197,-0.0652653,-0.583494,0.269971,0.0137626,0.459199,1.38206,0.586879,-0.810096,0.719752,0.114267,-0.550677,-0.437303,-0.0817368,-0.096135,0.121313,-0.0502938,-0.0672206,-6.11353,3.60223,-0.160105,1.64385,2.55184,1.94757,-1.52385,-0.43949,-2.84311,-1.72363,-0.804115,-0.955234,10.2401,9.80553,-3.22482,-2.0963,0.209244,-0.0650752,-0.0771444,1.67526,0.0989826,-0.718911,-0.136461,-0.0226892,-0.0757022,-1.6535,0.950297,-1.29711,2.06814,-10.0158,2.19478,-0.855162,-0.120517,1.96104,3.09567,0.0976928,-0.106092,3.17833,-0.396074,-6.277,-1.77575,0.90432,-1.28307,2.21753,-10.4737,2.05574,-1.18489,-0.566082,2.13357,3.05882,0.124501,-0.355652,3.51472,-0.339792,-6.16488,-0.400754,-0.0772467,-0.249211,0.190402,0.0309456,-0.26009,0.163101,0.537197,-0.0652653,-0.583494,0.419971,-0.136237,0.459199,1.50206,0.706879,-0.810096,0.719752,0.0542668,-0.610677,-0.687303,-0.331737,-0.0961349,0.121313,-0.0502938,-0.0672206,-0.88675,0.415149,-0.259421,0.413628,-1.44944,-0.165819,0.0057316,0.438955,-0.171032,-0.0241034,0.44665,-0.276338,0.392208,1.66783,0.168846,-0.915697,0.712054,-0.113046,0.89682,-0.608827,-0.346841,-0.0792148,-1.2554,-0.0506692,-0.0686801,0.993779,-0.0984456,0.0335367,0.0398375,0.782065,-0.0475274,0.0210638,-0.621025
-0.183714,-0.184554,-0.110484,0.260766,0.0331189,-0.146825,-0.0435558,0,-0.0376754,-0.504,0.426161,-0.293912,0,1.43429,0.371478,-0.991123,0.725686,2.06754e-05,-0.193648,-0.55279,-0.357342,-0.0184733,-0.121342,-0.0160831,-0.0754561,-2.59642,1.93471,0.594016,1.81396,1.21145,0.546711,-1.09845,0,0.44522,-0.336647,-0.583564,-0.327057,0,4.56072,-0.777963,-1.79294,0.281259,1.3395,-0.81001,1.53764,-0.0658174,0.345052,-0.268908,0.310566,-0.0996492,0,0,0,0.996247,0.0822927,-0.0792029,0.991734,-0.0348998,0.0984431,-1.2018,-0.465308,-0.225734,-0.460303,0.050521,-0.241565,0.223492,0.0813927,-0.217158,0.12981,0.502966,-0.111993,-0.601218,0.254541,-0.00912439,0.566761,1.56283,0.526179,-0.856971,0.723518,0.0801958,-0.552123,-0.400319,-0.0805643,-0.0990179,0.10994,-0.0446857,-0.0688899,-5.80235,3.23527,0.874436,1.7419,2.44838,2.32199,-1.7625,-2.68809,-1.87076,-0.120751,-0.765907,-1.28536,0.954455,8.29533,-2.85192,-2.43413,0.158873,-2.6719,-0.125633,1.9377,0.0326719,0.190389,-1.00324,0.317028,-0.0665974,-1.77575,0.90432,-1.28307,2.21753,-10.4737,2.05574,-1.18489,-0.566082,2.13357,3.05882,0.124501,-0.355652,3.51472,-0.339792,-6.16488,-2.16871,1.05521,-1.01848,1.83581,-10.1032,2.04354,-1.25752,-0.611644,2.04226,3.32201,0.211924,-0.464325,4.04554,-0.522695,-5.77656,-0.520303,-0.00947899,-0.241565,0.223492,0.0813927,-0.217158,0.12981,0.502966,-0.111993,-0.601218,0.404541,-0.159124,0.566761,1.68283,0.646179,-0.856971,0.723518,0.0201958,-0.612123,-0.650319,-0.330564,-0.0990179,0.10994,-0.0446857,-0.0688899,-0.947874,0.39216,-0.256614,0.443505,-1.3925,-0.161424,-0.0189577,0.411149,-0.236978,-0.113216,0.436107,-0.28291,0.426714,1.64941,0.182251,-0.964095,0.718928,-0.237826,0.885466,-0.575541,-0.349053,-0.0679584,-1.23298,-0.0390654,-0.0701719,0.992482,-0.110501,0.027786,0.0446786,0.784778,-0.0569762,0.0229566,-0.616725
-0.223956,-0.140775,-0.0872155,0.289421,0.0516656,-0.129598,-0.0679394,0,-0.00982136,-0.493354,0.41657,-0.306027,0,1.47243,0.343071,-1.01054,0.730657,-0.0510885,-0.203527,-0.533675,-0.368198,0.0106482,-0.118655,0.00156605,-0.0813315,-2.42113,2.01098,0.764835,1.6996,1.12622,0.641099,-1.13467,0,0.729465,-0.0759611,-0.552362,-0.410668,0,3.76466,-0.970678,-1.54634,0.271436,0.171012,-0.715197,1.36306,-0.20892,0.678359,-0.147929,0.482134,-0.157886,0,0,0,0.996174,0.0821819,-0.078086,0.989752,-0.039235,0.116777,-1.07292,-0.174635,-1.27926,-0.576588,0.111458,-0.213836,0.259753,0.125347,-0.16883,0.0928679,0.433129,-0.147583,-0.589633,0.239324,-0.0372768,0.488315,1.7136,0.475237,-0.905977,0.726535,0.0189252,-0.553653,-0.360971,-0.0813864,-0.0888162,0.0918563,-0.0295812,-0.0722923,-5.79122,2.9177,1.80688,1.89474,1.98754,2.51255,-1.91128,-3.8539,-1.82296,1.29228,-0.756876,-1.49634,-6.7298,6.89976,-2.31127,-2.36603,0.13374,-2.99778,-0.174746,1.93221,-0.0928486,0.837287,-0.978494,0.744934,-0.167119,-2.16871,1.05521,-1.01848,1.83581,-10.1032,2.04354,-1.25752,-0.611644,2.04226,3.32201,0.211924,-0.464325,4.04554,-0.522695,-5.77656,-2.37876,1.18972,-0.715145,1.48915,-9.26108,2.00018,-1.05625,-0.933206,1.82074,3.4304,0.224159,-0.690746,4.58788,-0.592665,-5.21986,-0.636588,0.0514584,-0.213836,0.259753,0.125347,-0.16883,0.0928679,0.433129,-0.147583,-0.589633,0.389324,-0.187277,0.488315,1.8336,0.595237,-0.905977,0.726535,-0.0410748,-0.613653,-0.610971,-0.331386,-0.0888162,0.0918563,-0.0295812,-0.0722923,-1.14436,0.467606,-0.203696,0.367163,-1.34516,-0.146825,-0.0435558,0.408708,-0.251503,-0.122329,0.426161,-0.293912,0.408452,1.781,0.225962,-0.991123,0.725686,-0.292162,0.881595,-0.55279,-0.357342,-0.104539,-1.15531,-0.0160831,-0.0754561,0.991715,-0.120961,0.0210258,0.0377729,0.781114,-0.0612687,0.0190537,-0.621083
-0.259432,-0.0950945,-0.0634374,0.298935,0.0672113,-0.107116,-0.0918941,0,0.0106411,-0.477777,0.40769,-0.320369,0,1.4868,0.310926,-1.01474,0.732052,-0.102894,-0.210358,-0.521833,-0.38419,0.0320135,-0.115197,0.00854899,-0.0883894,-2.22692,2.09289,0.892056,1.33243,1.02154,0.785996,-1.15359,0,0.817563,0.180481,-0.519851,-0.502587,0,2.85075,-1.16165,-1.14542,0.21093,-0.657369,-0.603106,1.13177,-0.386123,0.795331,-0.0516825,0.442238,-0.216389,0,0,0,0.997563,0.0523483,-0.0455491,0.989411,-0.0528478,0.135369,-0.889863,-0.191315,-2.00055,-0.690273,0.171646,-0.166465,0.297214,0.156346,-0.126317,0.0583137,0.363241,-0.180698,-0.560918,0.230384,-0.0693582,0.333579,1.83472,0.434141,-0.925195,0.728357,-0.0577244,-0.55737,-0.340851,-0.0852058,-0.0841773,0.0828199,0.00424409,-0.0774653,-5.30464,3.19737,3.20509,1.74093,1.17332,0.875038,-1.19785,-2.71134,-1.46052,1.57087,0.48836,-1.68912,-7.36608,5.28425,-1.8554,2.40938,-0.0136255,-4.31115,-0.280006,-1.49884,-0.273662,-0.148061,-0.0814293,3.37366,-0.255363,-2.37876,1.18972,-0.715145,1.48915,-9.26108,2.00018,-1.05625,-0.933206,1.82074,3.4304,0.224159,-0.690746,4.58788,-0.592665,-5.21986,-2.41518,0.841333,-0.340602,1.29375,-7.27671,1.88117,-1.04969,-1.12844,1.13482,3.25965,0.0573912,-1.13733,4.77568,-0.606588,-3.93278,-0.750273,0.111646,-0.166465,0.297214,0.156346,-0.126317,0.0583137,0.363241,-0.180698,-0.560918,0.380384,-0.219358,0.333579,1.95472,0.554141,-0.925195,0.728357,-0.117724,-0.61737,-0.590851,-0.335206,-0.0841773,0.0828199,0.00424409,-0.0774653,-1.24938,0.534861,-0.143029,0.29783,-1.31503,-0.129598,-0.0679394,0.400037,-0.21125,-0.186641,0.41657,-0.306027,0.364149,1.8352,0.232079,-1.01054,0.730657,-0.405373,0.87761,-0.533675,-0.368198,-0.118533,-1.04397,0.00156605,-0.0813315,0.991266,-0.129388,0.0129464,0.0219562,0.781114,-0.0612687,0.0190537,-0.621083
-0.294445,-0.0465206,-0.0422962,0.296125,0.0812573,-0.0826848,-0.115086,0,0.0250081,-0.463079,0.399913,-0.336451,0,1.48043,0.271247,-1.01059,0.728132,-0.131077,-0.213074,-0.513759,-0.405479,0.0401408,-0.110507,0.00166349,-0.0938988,-2.08404,2.19363,0.941556,0.890547,0.925766,0.916672,-1.15539,0,0.787798,0.346803,-0.480545,-0.593044,0,1.89997,-1.40835,-0.739556,0.0888552,-0.882911,-0.462905,0.913351,-0.58962,0.678641,0.0341645,0.206284,-0.234114,0,0,0,0.997854,0.0306357,-0.0213978,0.987838,-0.0618766,0.152438,-0.533892,-0.244555,-2.54223,-0.787131,0.238747,-0.0865145,0.327055,0.167496,-0.139529,0.0432347,0.327123,-0.201848,-0.52577,0.249931,-0.10603,0.199719,1.91832,0.400484,-0.860549,0.72797,-0.161364,-0.563143,-0.407459,-0.0909471,-0.0913385,0.100803,0.0523446,-0.0835311,-4.5581,3.42121,4.40734,1.27704,0.0240126,-1.60307,-0.590334,-1.1999,-0.717555,1.89609,0.983509,-1.94362,-6.00621,3.22913,-1.57249,2.71819,0.0158379,-5.86097,-0.276723,-3.85771,-0.262789,-0.461099,1.78368,1.25816,-0.282018,-2.41518,0.841333,-0.340602,1.29375,-7.27671,1.88117,-1.04969,-1.12844,1.13482,3.25965,0.0573912,-1.13733,4.77568,-0.606588,-3.93278,-1.98114,0.306375,-0.528594,1.53601,-4.35867,1.5041,-1.38575,-1.97486,0.504266,2.95607,0.106587,-1.36501,4.09532,-0.40304,-2.0531,-0.847131,0.178747,-0.0865145,0.327055,0.167496,-0.139529,0.0432347,0.327123,-0.201848,-0.52577,0.399931,-0.25603,0.199719,2.03832,0.520484,-0.860549,0.72797,-0.221364,-0.623143,-0.657459,-0.340947,-0.0913385,0.100803,0.0523446,-0.0835311,-1.26759,0.360666,-0.0681203,0.25875,-1.30845,-0.107116,-0.0918941,0.376235,-0.209937,-0.225689,0.40769,-0.320369,0.226964,1.74983,0.148696,-1.01474,0.732052,-0.628663,0.868629,-0.521833,-0.38419,-0.121318,-0.786557,0.00854899,-0.0883894,0.990945,-0.134258,0.00135834,0.00107306,0.775668,-0.0629814,0.012056,-0.627875
-0.329227,0.00350015,-0.0224736,0.287153,0.0945536,-0.0572781,-0.137897,0,0.0363272,-0.448821,0.392688,-0.353403,0,1.46369,0.227799,-1.00227,0.721555,-0.14745,-0.213731,-0.507569,-0.429416,0.041649,-0.105202,-0.0121562,-0.098634,-1.98057,2.28585,0.956429,0.488797,0.84748,1.02277,-1.15094,0,0.721245,0.456635,-0.444756,-0.66942,0,1.07889,-1.63755,-0.392836,-0.0364584,-0.863629,-0.333895,0.732197,-0.771796,0.497672,0.103495,-0.0628971,-0.234908,0,0,0,0.996417,-0.0154522,0.0282954,0.987421,-0.0797083,0.157357,-0.15326,-0.145862,-2.60998,-0.870665,0.307291,-0.000973443,0.345609,0.15636,-0.180325,0.0281722,0.303266,-0.210656,-0.489343,0.262763,-0.146521,0.0808436,1.9541,0.370017,-0.829901,0.729077,-0.287703,-0.566914,-0.475129,-0.0965338,-0.0958318,0.157069,0.0569254,-0.0894128,-3.84433,3.3974,4.02439,0.621284,-1.00195,-2.19472,-0.983294,-1.26886,-0.231298,1.72847,0.34224,-2.06005,-5.29319,0.572889,-1.48573,0.699937,0.0707023,-6.41831,-0.158657,-2.82327,-0.282341,-0.0343777,3.4317,-0.240629,-0.232747,-1.98114,0.306375,-0.528594,1.53601,-4.35867,1.5041,-1.38575,-1.97486,0.504266,2.95607,0.106587,-1.36501,4.09532,-0.40304,-2.0531,-1.70652,0.138612,-0.0408708,0.939634,-2.41641,1.27809,-1.67122,-2.642,-0.0750302,2.74136,0.24966,-1.2515,3.66741,0.0759341,-0.922689,-0.930665,0.247291,-0.000973443,0.345609,0.15636,-0.180325,0.0281722,0.303266,-0.210656,-0.489343,0.412763,-0.296521,0.0808436,2.0741,0.490017,-0.829901,0.729077,-0.347703,-0.626914,-0.725129,-0.346534,-0.0958318,0.157069,0.0569254,-0.0894128,-1.05057,0.0931877,-0.105719,0.307201,-0.871734,-0.0826848,-0.115086,0.300819,-0.277149,-0.394973,0.399913,-0.336451,0.100853,1.59803,0.173294,-1.01059,0.728132,-0.742503,0.863021,-0.513759,-0.405479,-0.0806081,-0.410619,0.00166349,-0.0938988,0.990587,-0.134612,-0.0108302,-0.0223655,0.775668,-0.0629814,0.012056,-0.627875
-0.362946,0.0497724,-0.00494927,0.261163,0.101707,-0.0325253,-0.157911,0,0.040623,-0.435678,0.386946,-0.372951,0,1.4159,0.184384,-0.990422,0.709494,-0.149975,-0.214732,-0.503101,-0.462083,0.0351982,-0.0941433,-0.0319663,-0.100753,-1.89218,2.29418,0.932365,-0.047684,0.700543,1.08723,-1.10587,0,0.569308,0.516784,-0.397465,-0.761809,0,0.0383964,-1.79752,-0.0972943,-0.206435,-0.642417,-0.248746,0.579559,-1.03025,0.251608,0.238326,-0.341178,-0.196227,0,0,0,0.994623,-0.0413001,0.0558757,0.986122,-0.0872002,0.160805,0.237474,-0.102676,-2.12875,-0.937755,0.373637,0.0683264,0.344003,0.128034,-0.223766,0.00336015,0.271707,-0.214751,-0.466597,0.26146,-0.187611,-0.027198,1.93336,0.341819,-0.828492,0.729109,-0.397363,-0.568089,-0.515019,-0.104547,-0.0815818,0.235287,0.0435257,-0.0944365,-2.93178,3.20371,2.94351,-0.685389,-1.64158,-2.07827,-1.48361,-1.81505,-0.214578,0.713146,-0.396792,-2.01425,-4.97902,-2.33431,-1.29695,-0.285124,-0.0556711,-4.62464,-0.305237,-1.33721,-0.478632,1.21991,3.26462,-0.739308,-0.204833,-1.70652,0.138612,-0.0408708,0.939634,-2.41641,1.27809,-1.67122,-2.642,-0.0750302,2.74136,0.24966,-1.2515,3.66741,0.0759341,-0.922689,-1.44373,-0.0460741,-0.0314395,0.529615,-0.858299,0.985136,-1.569,-2.58324,-0.565677,2.47851,0.242424,-1.03025,3.33892,-0.0759385,-0.54492,-0.997755,0.313637,0.0683264,0.344003,0.128034,-0.223766,0.00336015,0.271707,-0.214751,-0.466597,0.41146,-0.337611,-0.027198,2.05336,0.461819,-0.828492,0.729109,-0.457363,-0.628089,-0.765019,-0.354547,-0.0815818,0.235287,0.0435257,-0.0944365,-0.913262,0.00930587,-0.00817416,0.187927,-0.483282,-0.0572781,-0.137897,0.255617,-0.334245,-0.5284,0.392688,-0.353403,-0.015006,1.49068,0.24483,-1.00227,0.721555,-0.685752,0.865154,-0.507569,-0.429416,0.0151868,-0.184538,-0.0121562,-0.098634,0.990201,-0.130973,-0.0216131,-0.0433731,0.770984,-0.0634122,0.00514767,-0.633669
-0.395114,0.0907115,0.0120241,0.23405,0.106705,-0.00913045,-0.17749,0,0.0435828,-0.423198,0.381548,-0.393089,0,1.35743,0.149887,-0.979045,0.696861,-0.152325,-0.219333,-0.499238,-0.496275,0.0267385,-0.0830274,-0.0482246,-0.103427,-1.80705,2.22001,0.907256,-0.440079,0.565346,1.11198,-1.06779,0,0.442914,0.548961,-0.359196,-0.835333,0,-0.850167,-1.77571,0.102547,-0.333996,-0.48494,-0.243126,0.463634,-1.23406,0.0492294,0.333568,-0.4827,-0.177458,0,0,0,0.992728,-0.0549598,0.0713104,0.985277,-0.0969813,0.16189,0.578558,-0.0720204,-1.28614,-0.983304,0.433685,0.110347,0.313542,0.0941894,-0.259784,-0.0326165,0.224276,-0.220668,-0.46141,0.245658,-0.225376,-0.126477,1.85258,0.319231,-0.835188,0.725431,-0.456005,-0.580385,-0.527582,-0.118386,-0.0579864,0.271884,0.0213889,-0.0978472,-1.72503,2.81764,1.41653,-2.17767,-1.75358,-1.56866,-2.08487,-2.8254,-0.357254,-0.105557,-1.08551,-1.76544,-4.45665,-5.38208,-1.01489,-0.297433,-0.27324,-1.69405,-0.656589,-0.0474153,-0.84892,1.06027,1.2846,-1.1821,-0.125631,-1.44373,-0.0460741,-0.0314395,0.529615,-0.858299,0.985136,-1.569,-2.58324,-0.565677,2.47851,0.242424,-1.03025,3.33892,-0.0759385,-0.54492,-0.741046,-0.450877,-0.0937623,0.951667,0.623454,0.688828,-1.63381,-2.3305,-1.0345,2.29111,0.131251,-0.618049,2.41601,-0.101171,-0.286387,-1.0433,0.373685,0.110347,0.313542,0.0941894,-0.259784,-0.0326165,0.224276,-0.220668,-0.46141,0.395658,-0.375376,-0.126477,1.97258,0.439231,-0.835188,0.725431,-0.516005,-0.640385,-0.777582,-0.368386,-0.0579864,0.271884,0.0213889,-0.0978472,-0.781864,-0.0830371,-0.0062879,0.105923,-0.17166,-0.0325253,-0.157911,0.197027,-0.313801,-0.516648,0.386946,-0.372951,-0.113135,1.35925,0.241212,-0.990422,0.709494,-0.575125,0.856649,-0.503101,-0.462083,-0.0151877,-0.108984,-0.0319663,-0.100753,0.990119,-0.124514,-0.0297673,-0.0572177,0.766894,-0.060165,-0.00084491,-0.638947
-0.42418,0.120984,0.0278955,0.204689,0.107391,0.0115486,-0.196197,0,0.0438709,-0.41204,0.376838,-0.414407,0,1.2776,0.133229,-0.968607,0.683085,-0.154324,-0.231131,-0.496586,-0.53352,0.0142608,-0.0717968,-0.0573797,-0.107208,-1.70093,2.0081,0.87315,-0.748473,0.406026,1.08858,-1.02807,0,0.314361,0.551632,-0.322076,-0.904504,0,-1.79259,-1.49287,0.228357,-0.440446,-0.369449,-0.347161,0.364324,-1.42251,-0.152704,0.401955,-0.475217,-0.180936,0,0,0,0.990636,-0.0716096,0.0875586,0.986488,-0.104759,0.147353,0.772572,0.0208634,-0.826662,-0.996498,0.486177,0.125563,0.262429,0.0572892,-0.283916,-0.0807422,0.157005,-0.227368,-0.463813,0.217986,-0.25609,-0.216009,1.7109,0.302142,-0.837768,0.717629,-0.448675,-0.589646,-0.514828,-0.140419,-0.0414666,0.292973,-0.00646824,-0.100584,0.245371,2.45975,0.271106,-2.77271,-1.90929,-0.910291,-2.65589,-3.70342,-0.362565,-0.0478114,-1.5368,-1.3058,-4.09284,-8.39697,-0.705389,-0.023017,-0.461139,1.73495,-0.283757,1.12759,-1.27071,0.644602,0.932763,-1.31214,-0.115668,-0.741046,-0.450877,-0.0937623,0.951667,0.623454,0.688828,-1.63381,-2.3305,-1.0345,2.29111,0.131251,-0.618049,2.41601,-0.101171,-0.286387,-0.319506,-0.354702,0.175163,1.25541,1.43265,0.433472,-1.78375,-2.55405,-1.51052,1.6607,0.240814,-0.412959,1.6341,0.0727226,0.120446,-1.0565,0.426177,0.125563,0.262429,0.0572892,-0.283916,-0.0807422,0.157005,-0.227368,-0.463813,0.367986,-0.40609,-0.216009,1.83091,0.422142,-0.837768,0.717629,-0.508675,-0.649646,-0.764828,-0.390419,-0.0414666,0.292973,-0.00646824,-0.100584,-0.430523,-0.285438,-0.0187525,0.190333,0.124691,-0.00913045,-0.17749,0.137766,-0.326762,-0.4661,0.381548,-0.393089,-0.206901,1.26556,0.185626,-0.979045,0.696861,-0.369024,0.826786,-0.499238,-0.496275,-0.0202342,-0.0572774,-0.0482246,-0.103427,0.990505,-0.116251,-0.0349727,-0.0645205,0.766894,-0.060165,-0.00084491,-0.638947
-0.447038,0.145614,0.0413167,0.180933,0.10747,0.0300502,-0.214778,0,0.0467863,-0.402465,0.372564,-0.435716,0,1.17779,0.126006,-0.957417,0.669983,-0.151439,-0.247399,-0.4955,-0.570957,0.00514807,-0.0641967,-0.0589009,-0.110195,-1.53352,1.77512,0.812524,-0.880273,0.285412,1.03953,-0.998355,0,0.263783,0.529773,-0.289562,-0.952796,0,-2.75193,-1.15336,0.327699,-0.504837,-0.215329,-0.487042,0.27132,-1.55732,-0.243584,0.395371,-0.355469,-0.171464,0,0,0,0.989645,-0.0699803,0.086331,0.987723,-0.114672,0.139664,0.831128,-0.00996576,-0.802064,-0.963045,0.533841,0.123863,0.207903,0.0164539,-0.292152,-0.13618,0.0813963,-0.236901,-0.463238,0.187705,-0.275308,-0.30531,1.50431,0.292508,-0.842548,0.706506,-0.384763,-0.585055,-0.478737,-0.171051,-0.0275663,0.321336,-0.0324637,-0.103883,2.83896,2.32289,-0.307665,-2.62141,-2.13294,-0.0380967,-2.81024,-3.70736,-0.65716,0.154592,-1.44136,-0.655859,-4.37914,-11.8699,-0.289881,-0.313296,-0.604301,3.99139,0.679203,2.12025,-1.69837,0.743544,1.88834,-0.984664,-0.152791,-0.319506,-0.354702,0.175163,1.25541,1.43265,0.433472,-1.78375,-2.55405,-1.51052,1.6607,0.240814,-0.412959,1.6341,0.0727226,0.120446,-0.0845906,-0.0262879,0.38232,1.21146,1.93374,0.252544,-1.45334,-2.96698,-1.88248,0.969244,0.461334,-0.00842102,1.45224,0.228701,0.328999,-1.02305,0.473841,0.123863,0.207903,0.0164539,-0.292152,-0.13618,0.0813963,-0.236901,-0.463238,0.337705,-0.425308,-0.30531,1.62431,0.412508,-0.842548,0.706506,-0.444763,-0.645055,-0.728737,-0.421051,-0.0275663,0.321336,-0.0324637,-0.103883,-0.219753,-0.237351,0.0350327,0.251082,0.28653,0.0115486,-0.196197,0.0866943,-0.35675,-0.510809,0.376838,-0.414407,-0.302104,0.950349,0.240407,-0.968607,0.683085,-0.26648,0.757052,-0.496586,-0.53352,0.0145445,0.0240893,-0.0573797,-0.107208,0.991031,-0.107117,-0.0391989,-0.0696182,0.762985,-0.0555401,-0.00404264,-0.644013
-0.466792,0.167422,0.0535129,0.159979,0.107247,0.047463,-0.233295,0,0.0510153,-0.393681,0.368508,-0.457022,0,1.068,0.1235,-0.945851,0.657219,-0.14611,-0.265903,-0.495197,-0.608491,-0.00228219,-0.0584118,-0.0566051,-0.112785,-1.36977,1.5697,0.751709,-0.930495,0.196436,0.988861,-0.976603,0,0.248084,0.502608,-0.263538,-0.986536,0,-3.57328,-0.844943,0.402877,-0.54485,-0.0708067,-0.618487,0.194473,-1.65313,-0.281963,0.363534,-0.214391,-0.158879,0,0,0,0.987227,-0.084058,0.0994181,0.98883,-0.124494,0.123083,0.79474,-0.239487,-1.18978,-0.872819,0.581663,0.115552,0.162843,-0.0284828,-0.280181,-0.189785,0.0175929,-0.255116,-0.462632,0.162735,-0.28062,-0.393032,1.23897,0.294117,-0.856163,0.693705,-0.313567,-0.56518,-0.429046,-0.209306,-0.004092,0.353081,-0.0482053,-0.107257,5.9513,2.43009,-0.274988,-1.59036,-2.46349,1.26264,-2.54683,-2.61069,-1.01932,0.153341,-1.06746,0.1464,-3.86909,-10.4214,0.409913,-1.0034,-0.639078,-6.21438,1.35677,2.76767,-1.96606,2.31955,1.24495,-0.593962,-0.13454,-0.0845906,-0.0262879,0.38232,1.21146,1.93374,0.252544,-1.45334,-2.96698,-1.88248,0.969244,0.461334,-0.00842102,1.45224,0.228701,0.328999,-0.422328,0.038345,0.992209,1.18948,1.84844,0.149648,-0.597605,-3.49788,-2.00352,0.702746,0.303354,2.85036,0.945281,1.10411,1.77894,-0.932819,0.521663,0.115552,0.162843,-0.0284828,-0.280181,-0.189785,0.017593,-0.255116,-0.462632,0.312735,-0.43062,-0.393032,1.35897,0.414117,-0.856163,0.693705,-0.373567,-0.62518,-0.679046,-0.459306,-0.004092,0.353081,-0.0482053,-0.107257,-0.110852,-0.0731439,0.076464,0.242292,0.386748,0.0300502,-0.214778,0.0505089,-0.290667,-0.593397,0.372564,-0.435716,-0.376497,0.604622,0.350667,-0.957417,0.669983,-0.0642105,0.666121,-0.4955,-0.570957,0.0457402,0.0657998,-0.0589009,-0.110195,0.991298,-0.0980067,-0.0451642,-0.0753929,0.762985,-0.0555401,-0.00404264,-0.644013
-0.474608,0.185908,0.0625111,0.145857,0.107326,0.0586465,-0.249993,0,0.0639709,-0.386451,0.365346,-0.476134,0,0.926925,0.121771,-0.944384,0.644016,-0.125183,-0.285312,-0.492112,-0.64199,-0.00748694,-0.0497034,-0.0554196,-0.116455,-1.07607,1.37609,0.66117,-0.863171,0.138694,0.859955,-0.93409,0,0.367993,0.460271,-0.23191,-0.977255,0,-4.61738,-0.617391,0.304022,-0.579441,0.264342,-0.724065,0.182406,-1.65968,-0.275445,0.385099,-0.132292,-0.166264,0,0,0,0.982254,-0.0976026,0.11414,0.988667,-0.148826,0.114066,0.680871,-0.471414,-1.6916,-0.798537,0.630519,0.117445,0.160213,-0.0774415,-0.257277,-0.231784,-0.00988691,-0.228104,-0.465267,0.145508,-0.263955,-0.44326,1.20625,0.307316,-0.848526,0.679975,-0.407095,-0.525029,-0.383227,-0.248875,0.0164892,0.360999,-0.0398216,-0.110371,2.57315,2.33373,0.256285,0.340201,-2.40336,0.914107,-1.72247,-0.711146,2.17828,-0.551861,-0.721716,1.19534,-1.22693,1.77735,0.824022,1.00872,-0.682991,-3.36857,2.49682,1.76667,-2.04824,0.344626,0.0338477,0.68477,-0.138227,-0.422328,0.038345,0.992209,1.18948,1.84844,0.149648,-0.597605,-3.49788,-2.00352,0.702746,0.303354,2.85036,0.945281,1.10411,1.77894,-0.229129,-0.0866063,1.99929,0.388496,2.25626,0.52544,-2.6333,-2.94286,-1.84138,-0.377452,0.689771,5.70452,-0.65356,0.505574,2.30769,-0.858537,0.570519,0.117445,0.160213,-0.0774415,-0.257277,-0.231784,-0.00988691,-0.228104,-0.465267,0.295508,-0.413955,-0.44326,1.32625,0.427316,-0.848526,0.679975,-0.467095,-0.585029,-0.633227,-0.498875,0.0164892,0.360999,-0.0398216,-0.110371,-0.271164,-0.0408275,0.198442,0.237895,0.369687,0.047463,-0.233295,0.0299296,-0.119521,-0.699575,0.368508,-0.457022,-0.400704,0.471373,0.271677,-0.945851,0.657219,0.815714,0.412641,-0.495197,-0.608491,0.220822,0.355788,-0.0566051,-0.112785,0.990632,-0.089124,-0.0556756,-0.0872053,0.759436,-0.0511344,-0.00458906,-0.648554
-0.478684,0.202836,0.0706702,0.132368,0.10856,0.0682733,-0.26593,0,0.0762375,-0.38023,0.362423,-0.49392,0,0.775591,0.120576,-0.944673,0.630943,-0.097652,-0.305015,-0.488611,-0.673442,-0.0128731,-0.0405045,-0.0548086,-0.119992,-0.814387,1.21718,0.585205,-0.806557,0.115595,0.746371,-0.892918,0,0.441593,0.4155,-0.206187,-0.950867,0,-5.50218,-0.450097,0.208479,-0.6017,0.598008,-0.802399,0.180189,-1.63356,-0.273603,0.407552,-0.0834398,-0.169443,0,0,0,0.975409,-0.113857,0.131545,0.987747,-0.176842,0.106738,0.469777,-0.34233,-1.43385,-0.75512,0.663285,0.12782,0.168396,-0.119392,-0.245062,-0.255515,-0.00338593,-0.183732,-0.463894,0.134862,-0.237329,-0.422974,1.25284,0.335347,-0.842592,0.666416,-0.459963,-0.480527,-0.350376,-0.293795,0.0182398,0.358414,-0.0395946,-0.114056,2.01438,1.03421,0.707203,0.395351,-1.80746,0.372936,-0.758931,1.18279,2.11845,0.563518,-0.379368,1.38864,2.55724,2.27752,1.94116,-0.211378,-0.63566,-2.26488,1.66736,1.51433,-2.32371,0.00137244,-0.184021,-0.322019,-0.163484,-0.229129,-0.0866063,1.99929,0.388496,2.25626,0.52544,-2.6333,-2.94286,-1.84138,-0.377452,0.689771,5.70452,-0.65356,0.505574,2.30769,-0.102006,0.0489576,1.62957,0.455746,0.853697,0.423529,-2.59313,-2.30646,-1.54374,-0.355814,0.326323,7.47179,-1.30612,0.186085,2.52782,-0.81512,0.603285,0.12782,0.168396,-0.119392,-0.245062,-0.255515,-0.00338593,-0.183732,-0.463894,0.284862,-0.387329,-0.422974,1.37284,0.455347,-0.842592,0.666416,-0.519963,-0.540527,-0.600376,-0.543795,0.0182398,0.358414,-0.0395946,-0.114056,-0.174565,-0.103303,0.399858,0.0776992,0.451252,0.0586465,-0.249993,0.105088,-0.526659,-0.588572,0.365346,-0.476134,-0.368275,0.542291,0.464885,-0.944384,0.644016,0.864477,-0.38678,-0.492112,-0.64199,0.101115,0.461538,-0.0554196,-0.116455,0.989568,-0.0814029,-0.0657625,-0.0990198,0.756775,-0.0455934,-0.00287844,-0.652077
-0.475279,0.216648,0.077151,0.120144,0.112103,0.0747868,-0.280345,0,0.0871259,-0.376028,0.359977,-0.509053,0,0.603733,0.120449,-0.948475,0.618131,-0.0569126,-0.325309,-0.48428,-0.700801,-0.018622,-0.0303246,-0.0553466,-0.123264,-0.519004,1.0592,0.506855,-0.747957,0.134067,0.620163,-0.841274,0,0.472442,0.353889,-0.181013,-0.892614,0,-6.4294,-0.316974,0.0889078,-0.613371,1.0297,-0.866092,0.191098,-1.55387,-0.277756,0.437985,-0.0664781,-0.167687,0,0,0,0.969762,-0.136876,0.153647,0.985663,-0.189616,0.0986574,0.309098,-0.240361,-1.34039,-0.711502,0.671849,0.145504,0.177425,-0.14332,-0.235284,-0.264721,0.0346792,-0.140638,-0.422918,0.131319,-0.208899,-0.331867,1.28878,0.368617,-0.854379,0.655998,-0.502346,-0.469862,-0.322705,-0.340186,0.0182224,0.355362,-0.0455588,-0.117649,2.34151,0.0207191,0.990649,0.468595,-0.731714,0.632817,-0.249126,2.35615,2.18318,2.98541,-0.0274324,1.42783,5.43356,1.38613,1.32918,-0.79864,-0.415455,-2.04892,-0.509868,1.25487,-2.24842,0.0188317,-0.119195,-0.32481,-0.149043,-0.102006,0.0489576,1.62957,0.455746,0.853697,0.423529,-2.59313,-2.30646,-1.54374,-0.355814,0.326323,7.47179,-1.30612,0.186085,2.52782,-0.377557,0.303181,0.9823,0.942188,-0.416049,0.709049,-2.09141,-2.13551,-0.860701,-0.30792,0.309681,8.36099,-1.60885,0.12499,2.40904,-0.771502,0.611849,0.145504,0.177425,-0.14332,-0.235284,-0.264721,0.0346792,-0.140638,-0.422918,0.281319,-0.358899,-0.331867,1.40878,0.488617,-0.854379,0.655998,-0.562346,-0.529862,-0.572705,-0.590186,0.0182224,0.355362,-0.0455588,-0.117649,-0.111003,-0.0355212,0.325913,0.0911492,0.170739,0.0682733,-0.26593,0.0847059,-0.518627,-0.461292,0.362423,-0.49392,-0.308748,0.602771,0.283162,-0.944673,0.630943,0.866793,-0.713058,-0.488611,-0.673442,0.037217,0.505565,-0.0548086,-0.119992,0.988373,-0.075497,-0.0733888,-0.109692,0.756775,-0.0455934,-0.00287844,-0.652077
-0.457889,0.232402,0.0847856,0.108183,0.118375,0.0792435,-0.29252,0,0.0933051,-0.368637,0.357863,-0.521239,0,0.41337,0.120306,-0.952422,0.605402,-0.0082005,-0.345199,-0.481251,-0.723515,-0.0311129,-0.0214705,-0.0524634,-0.126452,-0.10245,0.97775,0.469317,-0.702975,0.187921,0.500964,-0.771509,0,0.423398,0.358584,-0.158427,-0.80761,0,-7.35602,-0.224028,0.00302929,-0.620284,1.45147,-0.904604,0.179202,-1.42842,-0.381794,0.439401,-0.0032858,-0.165201,0,0,0,0.961347,-0.154122,0.17027,0.983985,-0.216381,0.0895534,0.258901,-0.0867132,-1.34031,-0.661288,0.665819,0.164057,0.186233,-0.155024,-0.213422,-0.269795,0.0945575,-0.0939613,-0.361312,0.134024,-0.181028,-0.181383,1.30788,0.386927,-0.872586,0.650259,-0.542682,-0.511363,-0.300057,-0.38319,0.0197641,0.353563,-0.0502275,-0.120901,2.595,-0.53583,0.860889,0.377983,-0.521658,1.39094,-0.251079,3.4219,2.41913,2.89333,0.251976,1.33645,8.2374,0.649215,0.560431,-0.713933,-0.207087,-1.98493,-3.09267,1.01767,-2.04653,0.127032,-0.0685745,0.046224,-0.136948,-0.377557,0.303181,0.9823,0.942188,-0.416049,0.709049,-2.09141,-2.13551,-0.860701,-0.30792,0.309681,8.36099,-1.60885,0.12499,2.40904,-0.784706,0.684495,0.765828,1.34659,-1.16573,1.09544,-1.64294,-1.92863,-0.304736,-0.280771,0.423925,8.65141,-1.44875,0.0207537,2.14022,-0.721288,0.605819,0.164057,0.186233,-0.155024,-0.213422,-0.269795,0.0945575,-0.0939613,-0.361312,0.284024,-0.331028,-0.181383,1.42788,0.506927,-0.872586,0.650259,-0.602682,-0.571363,-0.550057,-0.63319,0.0197641,0.353563,-0.0502275,-0.120901,-0.248778,0.0915903,0.19646,0.188438,-0.0832097,0.0747868,-0.280345,0.14181,-0.418281,-0.427102,0.359977,-0.509053,-0.17214,0.613947,0.274841,-0.948475,0.618131,0.835208,-0.864426,-0.48428,-0.700801,0.024998,0.481809,-0.0553466,-0.123264,0.987028,-0.0699386,-0.0795566,-0.120648,0.754576,-0.040477,0.00348332,-0.654954
-0.433506,0.249127,0.0929971,0.0963551,0.126011,0.0826717,-0.303574,0,0.0971297,-0.359652,0.355914,-0.53195,0,0.213756,0.120155,-0.956442,0.592716,0.044498,-0.364885,-0.478873,-0.743906,-0.046975,-0.0132793,-0.0478695,-0.129598,0.294032,0.935311,0.451694,-0.669507,0.246082,0.402098,-0.705867,0,0.353747,0.385782,-0.140136,-0.725994,0,-8.14343,-0.159086,-0.0581764,-0.624494,1.80651,-0.928526,0.161108,-1.30576,-0.505186,0.430449,0.0666085,-0.162832,0,0,0,0.955796,-0.177845,0.191877,0.980668,-0.222793,0.0816186,0.247303,0.13133,-1.26047,-0.609732,0.650765,0.178138,0.190836,-0.167859,-0.1773,-0.276091,0.17598,-0.044284,-0.317211,0.140643,-0.157089,-0.0149792,1.31587,0.390011,-0.889526,0.646854,-0.580926,-0.572734,-0.28152,-0.422239,0.0232603,0.35234,-0.0513788,-0.124063,2.50402,-0.92997,0.56835,0.0791056,-0.743628,2.09767,-0.353218,4.44418,2.48144,1.56879,0.366339,1.05891,7.28242,0.235103,-0.173056,-0.901235,-0.155868,-1.83739,-2.83831,0.862485,-1.8563,0.209594,-0.0531736,-0.0571652,-0.135279,-0.784706,0.684495,0.765828,1.34659,-1.16573,1.09544,-1.64294,-1.92863,-0.304736,-0.280771,0.423925,8.65141,-1.44875,0.0207537,2.14022,-1.18108,1.18841,0.861315,1.42373,-1.76865,1.25689,-1.07828,-1.69253,0.0435722,-0.231281,0.429984,8.92434,-1.22539,-0.417747,1.79045,-0.669732,0.590765,0.178138,0.190836,-0.167859,-0.1773,-0.276091,0.17598,-0.044284,-0.317211,0.290643,-0.307089,-0.0149792,1.43587,0.510011,-0.889526,0.646854,-0.640926,-0.632734,-0.53152,-0.672239,0.0232603,0.35234,-0.0513788,-0.124063,-0.452353,0.282248,0.153166,0.269318,-0.233146,0.0792435,-0.29252,0.219087,-0.328588,-0.385726,0.357863,-0.521239,-0.0609472,0.612584,0.331962,-0.952422,0.605402,0.798071,-0.784376,-0.481251,-0.723515,0.00415073,0.428043,-0.0524634,-0.126452,0.985692,-0.0638016,-0.0838122,-0.131589,0.754576,-0.040477,0.00348332,-0.654954
-0.445179,0.277288,0.11014,0.107221,0.142069,0.0867951,-0.311027,0,0.105175,-0.335974,0.35457,-0.538216,0,0.150697,0.120056,-0.95691,0.582976,0.0138401,-0.384763,-0.480712,-0.756679,-0.0897997,-0.00562916,-0.0419214,-0.130319,0.0307276,1.07712,0.573334,-0.305664,0.413135,0.343319,-0.605901,0,0.368307,0.625211,-0.118245,-0.602194,0,-6.64628,-0.112849,-0.0477411,-0.583248,0.804686,-0.948137,0.0852055,-1.10562,-0.996001,0.416066,0.135847,-0.124788,0,0,0,0.950596,-0.188363,0.197695,0.980172,-0.23934,0.0614935,0.359563,0.358415,-0.988034,-0.562239,0.636064,0.18603,0.18638,-0.190032,-0.130057,-0.282431,0.265864,0.00400818,-0.309275,0.146973,-0.141802,0.0864681,1.31846,0.388365,-0.907804,0.642693,-0.616618,-0.629279,-0.26538,-0.458531,0.0284334,0.351239,-0.0499182,-0.127248,2.25334,-0.431416,0.237322,-0.523087,-1.4827,2.54141,-0.26966,4.25537,2.28799,-0.596192,0.253091,0.495451,2.79158,0.0439644,0.32344,-0.896506,-0.25121,-1.80821,-2.84452,0.758326,-1.75554,0.235415,-0.0505715,0.0992921,-0.136418,-1.18108,1.18841,0.861315,1.42373,-1.76865,1.25689,-1.07828,-1.69253,0.0435722,-0.231281,0.429984,8.92434,-1.22539,-0.417747,1.79045,-1.0339,1.28999,1.1997,1.52738,-1.63827,1.40469,-1.14119,-1.71907,0.10542,-0.0734879,0.211746,9.34371,-1.16926,-0.723546,1.7461,-0.622239,0.576064,0.18603,0.18638,-0.190032,-0.130057,-0.282431,0.265864,0.00400818,-0.309275,0.296973,-0.291802,0.0864681,1.43846,0.508365,-0.907804,0.642693,-0.676618,-0.689279,-0.51538,-0.708531,0.0284334,0.351239,-0.0499182,-0.127248,-0.650542,0.534207,0.172263,0.284747,-0.35373,0.0826717,-0.303574,0.251377,-0.215657,-0.338505,0.355914,-0.53195,0.00871444,0.609064,0.334992,-0.956442,0.592716,0.767205,-0.672694,-0.478873,-0.743906,-0.0835494,0.35809,-0.0478695,-0.129598,0.984653,-0.0567755,-0.0857243,-0.141019,0.750145,-0.038687,0.0107732,-0.660053
-0.456755,0.305352,0.126204,0.11874,0.155668,0.0895993,-0.316833,0,0.118736,-0.312235,0.353457,-0.542922,0,0.10897,0.121098,-0.957127,0.574255,-0.0211445,-0.403927,-0.482516,-0.766912,-0.137597,0.00257092,-0.0374076,-0.130204,-0.152135,1.17494,0.642292,-0.041178,0.493173,0.282386,-0.511221,0,0.461229,0.793742,-0.0994676,-0.492115,0,-5.27831,-0.0633575,-0.0366732,-0.539092,0.0385108,-0.951147,0.0325754,-0.92744,-1.41416,0.414248,0.162799,-0.0856291,0,0,0,0.954963,-0.1766,0.175864,0.984109,-0.238991,0.0185065,0.529513,0.486039,-0.566598,-0.523353,0.633772,0.188965,0.168299,-0.217987,-0.0785042,-0.284353,0.343422,0.0422638,-0.327351,0.150062,-0.137569,0.0824972,1.32116,0.380984,-0.925125,0.635851,-0.642081,-0.643924,-0.250055,-0.489633,0.0356549,0.350889,-0.0458023,-0.129274,1.61566,0.437173,0.0301354,-1.26869,-1.4842,2.59557,0.0605201,3.40085,1.57137,-1.08148,0.0533537,-0.0473101,-2.27117,0.313564,-0.130141,-0.81734,-0.394507,-0.706987,0.0523093,0.757702,-1.38195,0.576939,0.0481908,0.198,-0.0702695,-1.0339,1.28999,1.1997,1.52738,-1.63827,1.40469,-1.14119,-1.71907,0.10542,-0.0734879,0.211746,9.34371,-1.16926,-0.723546,1.7461,-1.00644,1.22657,1.48738,2.10319,-1.44817,1.68923,-0.734189,-1.78267,0.245155,0.290212,0.0705489,9.0591,-1.25405,-0.65962,1.58521,-0.583353,0.573772,0.188965,0.168299,-0.217987,-0.0785043,-0.284354,0.343422,0.0422638,-0.327351,0.300062,-0.287569,0.0824972,1.44116,0.500984,-0.925125,0.635851,-0.702081,-0.703924,-0.500055,-0.739633,0.0356549,0.350889,-0.0458023,-0.129274,-0.576948,0.584995,0.239941,0.305476,-0.327654,0.0867951,-0.311027,0.280939,-0.228237,-0.343814,0.35457,-0.538216,0.021084,0.606347,0.225873,-0.95691,0.582976,0.732972,-0.644628,-0.480712,-0.756679,-0.144709,0.349221,-0.0419214,-0.130319,0.984224,-0.0488209,-0.0856708,-0.146904,0.738618,-0.0474217,0.0172857,-0.672232
-0.468138,0.333223,0.140109,0.131566,0.164347,0.0897651,-0.319345,0,0.143328,-0.288371,0.352804,-0.544505,0,0.109906,0.124424,-0.956842,0.567571,-0.0647826,-0.421661,-0.484254,-0.772068,-0.195341,0.0118709,-0.0357626,-0.128419,-0.277234,1.24054,0.658183,0.163555,0.475404,0.200158,-0.395539,0,0.691734,0.913576,-0.0794169,-0.368227,0,-3.68077,0.00553839,-0.0213976,-0.477618,-0.627614,-0.931818,-0.00326379,-0.726539,-1.85607,0.429473,0.138636,-0.0331614,0,0,0,0.95488,-0.18567,0.181017,0.982609,-0.235451,0.00244737,0.479072,0.64607,-0.588116,-0.496459,0.650196,0.194098,0.143154,-0.247505,-0.0282234,-0.279001,0.400617,0.0743646,-0.343998,0.150136,-0.143936,0.0302847,1.32978,0.36998,-0.939739,0.626633,-0.64848,-0.635529,-0.236242,-0.512471,0.0490228,0.349569,-0.0411936,-0.130059,1.14367,0.905231,0.508501,-1.17018,-1.34009,2.41359,0.405272,2.34199,1.66975,-0.533154,-0.00545658,-0.511059,-2.20373,0.476449,-1.39039,-0.646798,-0.487576,-0.0791181,0.766899,0.623006,-0.919583,0.680053,-0.273593,0.19505,-0.022659,-1.00644,1.22657,1.48738,2.10319,-1.44817,1.68923,-0.734189,-1.78267,0.245155,0.290212,0.0705489,9.0591,-1.25405,-0.65962,1.58521,-1.00125,1.35748,1.21567,2.20529,-1.47756,1.91624,-0.615431,-1.74867,0.350073,0.392888,0.182676,8.52661,-1.09515,-0.694659,1.34951,-0.556459,0.590196,0.194098,0.143154,-0.247505,-0.0282234,-0.279001,0.400617,0.0743646,-0.343998,0.300136,-0.293936,0.0302847,1.44978,0.48998,-0.939739,0.626633,-0.70848,-0.695529,-0.486242,-0.762471,0.0490228,0.349569,-0.0411936,-0.130059,-0.56322,0.553285,0.297477,0.420638,-0.289634,0.0895993,-0.316833,0.337846,-0.146838,-0.356534,0.353457,-0.542922,0.049031,0.616533,0.155274,-0.957127,0.574255,0.76257,-0.687027,-0.482516,-0.766912,-0.131924,0.317043,-0.0374076,-0.130204,0.984272,-0.0400383,-0.0842598,-0.150018,0.738618,-0.0474217,0.0172857,-0.672232
-0.467274,0.353162,0.137252,0.112924,0.151772,0.081054,-0.313561,0,0.15222,-0.287631,0.352003,-0.543333,0,0.110317,0.127733,-0.958592,0.558099,-0.0458339,-0.431903,-0.481188,-0.776244,-0.171558,0.0253829,-0.0372643,-0.128437,-0.181107,1.16746,0.417867,-0.16514,0.14416,0.00944337,-0.190123,0,0.617589,0.650599,-0.0676215,-0.240183,0,-2.57037,0.0535165,-0.0412264,-0.476414,-0.155099,-0.805898,0.0436969,-0.571219,-0.942508,0.503311,0.0745188,-0.0234844,0,0,0,0.960696,-0.172486,0.160074,0.984358,-0.226804,-0.0358749,0.408982,0.785548,-0.614998,-0.476896,0.67209,0.206552,0.120152,-0.272703,0.018953,-0.269964,0.438195,0.108073,-0.350682,0.150287,-0.158054,0.0228933,1.33927,0.332904,-0.950292,0.61734,-0.646868,-0.620574,-0.225958,-0.525484,0.0627526,0.344096,-0.0379596,-0.129439,0.84701,1.23861,0.68197,-1.15321,-1.19886,2.30295,0.46771,1.46107,1.67077,-0.175336,0.0219212,-0.856058,1.147,0.456078,-2.11557,-0.438818,-0.438846,0.168623,0.739654,0.430525,-0.444358,0.694673,-0.348368,0.119033,0.0422378,-1.00125,1.35748,1.21567,2.20529,-1.47756,1.91624,-0.615431,-1.74867,0.350073,0.392888,0.182676,8.52661,-1.09515,-0.694659,1.34951,-0.934239,1.38228,0.985691,2.21156,-1.47508,1.98522,-0.810393,-1.8275,0.372792,0.431397,0.282933,8.15609,-0.891104,-0.665666,1.21187,-0.536896,0.61209,0.206552,0.120152,-0.272703,0.018953,-0.269964,0.438195,0.108073,-0.350682,0.300287,-0.308054,0.0228933,1.45927,0.452904,-0.950292,0.61734,-0.706868,-0.680574,-0.475958,-0.775484,0.0627527,0.344096,-0.0379596,-0.129439,-0.560625,0.618741,0.243134,0.441058,-0.295511,0.0897651,-0.319345,0.383248,-0.123086,-0.349734,0.352804,-0.544505,0.0700146,0.62968,0.211338,-0.956842,0.567571,0.787564,-0.607573,-0.484254,-0.772068,-0.138932,0.269902,-0.0357626,-0.128419,0.984175,-0.0310508,-0.0812001,-0.154411,0.728319,-0.0540029,0.021572,-0.682766
-0.460287,0.369134,0.126013,0.0785481,0.12857,0.0679043,-0.30363,0,0.153261,-0.298454,0.351126,-0.540784,0,0.110466,0.131034,-0.961359,0.547233,0.00440828,-0.438398,-0.475721,-0.77993,-0.107013,0.0410008,-0.0403395,-0.129356,-0.0219681,1.0568,0.123927,-0.631232,-0.247113,-0.190634,0.0158881,0,0.447939,0.293085,-0.0604855,-0.129889,0,-1.79703,0.0869767,-0.0703666,-0.496485,0.645063,-0.661559,0.112594,-0.45515,0.308427,0.586586,0.00603578,-0.0302354,0,0,0,0.961984,-0.181535,0.166366,0.982009,-0.216584,-0.0519975,0.373793,0.923326,-0.40788,-0.463362,0.697983,0.218717,0.095357,-0.293966,0.0626896,-0.260929,0.45664,0.138142,-0.35443,0.151136,-0.177929,0.0668095,1.34742,0.286969,-0.957752,0.60826,-0.642889,-0.598412,-0.218377,-0.530358,0.0770157,0.330488,-0.0372269,-0.128862,0.531986,1.31766,0.532993,-1.31665,-0.960186,2.0688,0.434657,0.452739,1.34991,-0.205905,0.0575169,-1.10001,2.5421,0.3644,-2.326,-0.327681,-0.463849,0.202306,1.37405,0.344413,-0.100149,0.730249,-0.883312,0.00236043,0.0175507,-0.934239,1.38228,0.985691,2.21156,-1.47508,1.98522,-0.810393,-1.8275,0.372792,0.431397,0.282933,8.15609,-0.891104,-0.665666,1.21187,-0.844122,1.31257,0.947374,2.09657,-1.4327,2.0032,-1.12931,-1.90881,0.355727,0.338228,0.354311,7.75106,-0.598051,-0.652093,1.16586,-0.523362,0.637983,0.218717,0.095357,-0.293966,0.0626896,-0.260929,0.45664,0.138142,-0.35443,0.301136,-0.327929,0.0668095,1.46742,0.406969,-0.957752,0.60826,-0.702889,-0.658412,-0.468377,-0.780358,0.0770157,0.330488,-0.0372269,-0.128862,-0.52712,0.631142,0.197138,0.442311,-0.295016,0.081054,-0.313561,0.397044,-0.162079,-0.365501,0.352003,-0.543333,0.0745584,0.638604,0.261467,-0.958592,0.558099,0.801563,-0.505552,-0.481188,-0.776244,-0.133133,0.242374,-0.0372643,-0.128437,0.984222,-0.0220508,-0.0765325,-0.158,0.728319,-0.0540029,0.021572,-0.682766
-0.463909,0.38702,0.113663,0.0321093,0.0952298,0.0523432,-0.286019,0,0.138503,-0.315245,0.348321,-0.530244,0,0.132082,0.135543,-0.960793,0.54117,0.0558471,-0.426315,-0.46681,-0.773924,-0.0313534,0.0610278,-0.0397286,-0.131298,-0.0697134,1.00806,-0.0985042,-1.13844,-0.673085,-0.36686,0.275281,0,0.092187,-0.0467186,-0.0844049,0.0671812,0,-0.933675,0.128506,-0.0407772,-0.438482,1.22313,-0.281836,0.21248,-0.228511,1.35079,0.711015,0.0133884,-0.0502871,0,0,0,0.957793,-0.198548,0.18719,0.979596,-0.218158,-0.031159,0.318355,1.08871,-0.101464,-0.456589,0.72331,0.227452,0.0663158,-0.313455,0.0993951,-0.251831,0.45384,0.159815,-0.36621,0.152256,-0.20226,0.101312,1.35333,0.246716,-0.963945,0.597487,-0.639497,-0.565609,-0.211316,-0.530186,0.092091,0.312607,-0.0387442,-0.129086,0.182223,1.15537,0.363665,-1.5425,-0.943758,1.62712,0.470151,-0.59408,0.873132,-0.8074,0.0594347,-1.29435,0.769569,0.236828,-1.79471,-0.291485,-0.581195,0.138415,1.90284,0.356235,0.0968371,0.771336,-0.9026,-0.0863329,-0.019738,-0.844122,1.31257,0.947374,2.09657,-1.4327,2.0032,-1.12931,-1.90881,0.355727,0.338228,0.354311,7.75106,-0.598051,-0.652093,1.16586,-0.607114,1.15639,0.876337,1.73286,-1.28285,1.8447,-1.59894,-1.94793,0.16083,0.0108634,0.468203,7.35827,-0.520133,-0.984026,1.16399,-0.516589,0.66331,0.227452,0.0663158,-0.313455,0.0993951,-0.251831,0.45384,0.159815,-0.36621,0.302256,-0.35226,0.101312,1.47333,0.366716,-0.963945,0.597487,-0.699497,-0.625609,-0.461316,-0.780186,0.092091,0.312607,-0.0387442,-0.129086,-0.482061,0.596286,0.189475,0.419314,-0.28654,0.0679043,-0.30363,0.40064,-0.225862,-0.381761,0.351126,-0.540784,0.0711455,0.644208,0.297155,-0.961359,0.547233,0.807226,-0.359026,-0.475721,-0.77993,-0.130419,0.233172,-0.0403395,-0.129356,0.9847,-0.0133934,-0.069876,-0.15907,0.736099,-0.0365262,0.016054,-0.675697
-0.469639,0.395694,0.106264,-0.00499216,0.0587361,0.0386569,-0.266526,0,0.12987,-0.326142,0.344928,-0.518706,0,0.170066,0.167805,-0.956282,0.538892,0.0963644,-0.419096,-0.45901,-0.764619,0.0205977,0.0818778,-0.0390819,-0.130756,-0.13475,0.835734,-0.179947,-1.35343,-1.01857,-0.462097,0.485097,0,-0.0649704,-0.196148,-0.109978,0.220092,0,-0.0838062,0.573897,0.0391325,-0.341108,1.46395,-0.0890101,0.26574,-0.0203865,1.72482,0.810461,0.0190717,-0.0270663,0,0,0,0.954983,-0.208136,0.203909,0.978095,-0.215471,0.00313844,0.264325,1.22594,0.275748,-0.45602,0.740288,0.232237,0.0321094,-0.329979,0.125897,-0.241617,0.428891,0.170089,-0.383694,0.153281,-0.228783,0.0736888,1.35589,0.219348,-0.969155,0.584848,-0.6381,-0.522763,-0.203116,-0.525463,0.107274,0.29411,-0.0395496,-0.130271,-0.077615,0.587969,0.135781,-1.83642,-0.761612,1.08672,0.538943,-1.71817,0.242609,-0.952127,0.0443317,-1.33597,-2.85793,0.0361098,-0.956443,-0.226488,-0.643639,0.0206775,2.06819,0.437507,0.345767,0.760373,-0.896247,-0.016105,-0.0615999,-0.607114,1.15639,0.876337,1.73286,-1.28285,1.8447,-1.59894,-1.94793,0.16083,0.0108634,0.468203,7.35827,-0.520133,-0.984026,1.16399,-0.21003,0.901992,0.750875,1.44817,-1.47542,1.60938,-1.99182,-1.99764,-0.165384,-0.250964,0.526489,6.85033,-0.471207,-1.74797,1.34653,-0.51602,0.680288,0.232237,0.0321094,-0.329979,0.125897,-0.241617,0.428891,0.170089,-0.383694,0.303281,-0.378783,0.0736888,1.47589,0.339348,-0.969155,0.584848,-0.6981,-0.582763,-0.453116,-0.775463,0.107274,0.29411,-0.0395496,-0.130271,-0.363557,0.518194,0.175267,0.346573,-0.25657,0.0523432,-0.286019,0.36894,-0.319787,-0.389586,0.348321,-0.530244,0.032166,0.646579,0.354102,-0.960793,0.54117,0.807424,-0.320066,-0.46681,-0.773924,-0.196805,0.232798,-0.0397286,-0.131298,0.985699,-0.00543635,-0.0611096,-0.156949,0.744313,-0.0141826,0.00601912,-0.667653
-0.479585,0.38594,0.108765,-0.0234188,0.0159359,0.0287201,-0.243267,0,0.133486,-0.325247,0.340358,-0.505173,0,0.240787,0.255578,-0.943877,0.544183,0.115039,-0.421609,-0.453431,-0.748717,0.0251324,0.104374,-0.0383637,-0.125246,-0.243509,0.438713,-0.0884378,-1.2238,-1.355,-0.47252,0.688447,0,0.00875769,-0.123883,-0.145539,0.357053,0,1.00214,1.71831,0.213464,-0.159402,1.30488,-0.0999948,0.269705,0.224257,1.27539,0.904767,0.0241229,0.0637021,0,0,0,0.961146,-0.200818,0.194478,0.979544,-0.195902,-0.0128408,0.235499,1.26882,0.387592,-0.457082,0.743668,0.234558,-0.00759441,-0.346726,0.142562,-0.230135,0.383668,0.170093,-0.400982,0.153296,-0.254425,-0.0188597,1.35282,0.213642,-0.972238,0.57243,-0.639496,-0.479998,-0.193237,-0.515203,0.120888,0.28152,-0.0393801,-0.130753,-0.00622546,-0.169013,0.0958889,-2.09551,-0.913691,0.650716,0.589211,-2.58536,-0.165895,-0.746739,-0.0328453,-1.21824,-5.30406,-0.31429,0.266323,-0.0970765,-0.577012,-0.121881,2.21213,0.514246,0.632431,0.6498,-0.448985,0.0163225,-0.00702803,-0.21003,0.901992,0.750875,1.44817,-1.47542,1.60938,-1.99182,-1.99764,-0.165384,-0.250964,0.526489,6.85033,-0.471207,-1.74797,1.34653,0.0113508,0.666992,0.461749,1.74565,-1.50304,1.64902,-1.86901,-2.05013,-0.378097,-0.356155,0.631386,6.06332,-0.243568,-2.55262,1.35986,-0.517082,0.683669,0.234558,-0.00759441,-0.346726,0.142562,-0.230135,0.383668,0.170093,-0.400982,0.303296,-0.404425,-0.0188597,1.47282,0.333642,-0.972238,0.57243,-0.699496,-0.539998,-0.443237,-0.765203,0.120888,0.28152,-0.0393801,-0.130753,-0.165015,0.390996,0.150175,0.289634,-0.295085,0.0386569,-0.266526,0.321875,-0.398365,-0.399528,0.344928,-0.518706,-0.0330768,0.643563,0.383244,-0.956282,0.538892,0.802934,-0.295604,-0.45901,-0.764619,-0.349594,0.269307,-0.0390819,-0.130756,0.986995,0.00191478,-0.051065,-0.152412,0.744313,-0.0141826,0.00601912,-0.667653
-0.477656,0.364335,0.108522,-0.0426872,-0.0315648,0.0179369,-0.218317,0,0.14165,-0.319153,0.336279,-0.488701,0,0.304372,0.377157,-0.928767,0.55326,0.101346,-0.406551,-0.448082,-0.724545,0.0377292,0.12952,-0.0428723,-0.117801,-0.141525,-0.0169843,-0.0655516,-1.14569,-1.66101,-0.492512,0.856161,0,0.1286,0.00469086,-0.16307,0.497016,0,1.65528,3.02651,0.376081,0.0245738,0.708029,0.155871,0.269032,0.519568,1.08173,1.01052,-0.0507416,0.156257,0,0,0,0.968122,-0.18012,0.178216,0.983631,-0.176008,0.00522913,0.191317,1.19791,0.21194,-0.454146,0.730052,0.236887,-0.0484684,-0.369297,0.153058,-0.219504,0.335263,0.167416,-0.410299,0.151605,-0.275039,-0.114338,1.34172,0.235175,-0.971236,0.563312,-0.642779,-0.43232,-0.182708,-0.498771,0.133253,0.278187,-0.0387958,-0.12809,0.303527,-1.07567,0.116656,-2.02622,-1.29879,0.447606,0.476718,-2.11788,-0.103149,-0.223143,-0.118057,-0.865243,-3.64982,-0.791444,1.71046,0.146575,-0.350705,-0.128881,2.52584,0.508833,0.928762,0.926,-0.00144341,0.0306435,0.152582,0.0113508,0.666992,0.461749,1.74565,-1.50304,1.64902,-1.86901,-2.05013,-0.378097,-0.356155,0.631386,6.06332,-0.243568,-2.55262,1.35986,0.00931011,0.668237,0.273396,2.0835,-1.94969,1.43558,-1.84976,-2.1617,-0.683735,-0.523226,0.89911,5.46195,-0.0293267,-3.86834,1.42061,-0.514146,0.670052,0.236887,-0.0484684,-0.369297,0.153058,-0.219504,0.335263,0.167416,-0.410299,0.301605,-0.425039,-0.114338,1.46172,0.355175,-0.971236,0.563312,-0.702779,-0.49232,-0.432708,-0.748771,0.133253,0.278187,-0.0387958,-0.12809,-0.0543246,0.273496,0.0923497,0.34913,-0.300609,0.0287201,-0.243267,0.329804,-0.373803,-0.410026,0.340358,-0.505173,-0.0756195,0.630756,0.435693,-0.943877,0.544183,0.79441,-0.181784,-0.453431,-0.748717,-0.510524,0.271971,-0.0383637,-0.125246,0.98804,0.0089669,-0.0410598,-0.148359,0.741705,-0.00115254,-0.00580404,-0.6707
-0.46979,0.336803,0.106907,-0.0623765,-0.0814156,0.00673042,-0.192522,0,0.152089,-0.310459,0.332444,-0.47076,0,0.364391,0.51564,-0.912303,0.56423,0.0714702,-0.382708,-0.442847,-0.696237,0.0543571,0.15599,-0.0499941,-0.10939,0.0189223,-0.424864,-0.0701163,-1.09732,-1.91047,-0.512856,0.986244,0,0.246607,0.133688,-0.171664,0.617035,0,2.05897,4.1958,0.510208,0.181745,0.0474768,0.466755,0.266837,0.788317,1.00663,1.10441,-0.142347,0.235553,0,0,0,0.971875,-0.17832,0.174827,0.983939,-0.157777,-0.0081505,0.173612,1.06599,-0.0409777,-0.444813,0.69769,0.239082,-0.0870769,-0.400777,0.160386,-0.211814,0.299298,0.166414,-0.411301,0.148163,-0.287507,-0.166628,1.32204,0.286915,-0.965447,0.55914,-0.645966,-0.373437,-0.172887,-0.477568,0.146323,0.284335,-0.0405855,-0.1225,0.618003,-2.01853,0.083458,-1.90628,-1.77652,0.308524,0.320519,-1.49895,-0.0428788,0.0677281,-0.204998,-0.432104,-1.65187,-1.16552,3.24311,0.36669,-0.103492,-0.127352,3.28218,0.453929,1.10944,0.716259,0.456325,-0.108182,0.264898,0.00931011,0.668237,0.273396,2.0835,-1.94969,1.43558,-1.84976,-2.1617,-0.683735,-0.523226,0.89911,5.46195,-0.0293267,-3.86834,1.42061,-0.29282,0.809099,0.223679,2.49061,-2.24764,1.2244,-1.93811,-2.12344,-0.828804,-0.674923,1.25978,5.51772,0.179407,-4.55637,1.12359,-0.504813,0.63769,0.239082,-0.0870769,-0.400777,0.160386,-0.211814,0.299298,0.166414,-0.411301,0.298163,-0.437507,-0.166628,1.44204,0.406915,-0.965447,0.55914,-0.705966,-0.433437,-0.422887,-0.727568,0.146323,0.284335,-0.0405855,-0.1225,-0.0553449,0.274119,0.0546791,0.4167,-0.389938,0.0179369,-0.218317,0.287117,-0.369952,-0.432341,0.336279,-0.488701,-0.136747,0.6064,0.569555,-0.928767,0.55326,0.790777,-0.0746634,-0.448082,-0.724545,-0.773667,0.284122,-0.0428723,-0.117801,0.98855,0.0156744,-0.0319617,-0.146633,0.741705,-0.00115254,-0.00580404,-0.6707
-0.445049,0.293949,0.0989364,-0.0862151,-0.129815,-0.00714588,-0.169313,0,0.156461,-0.297534,0.330708,-0.450122,0,0.392455,0.672654,-0.902177,0.582524,0.0411659,-0.32351,-0.441145,-0.657018,0.0851217,0.166965,-0.0575578,-0.102757,0.384356,-0.94022,-0.168638,-1.1257,-2.06332,-0.567143,1.03851,0,0.238199,0.287456,-0.146216,0.741497,0,1.86225,5.29227,0.509035,0.401636,-0.42133,1.2147,0.212317,1.14011,1.16611,0.937724,-0.213098,0.264373,0,0,0,0.976415,-0.172385,0.172902,0.984911,-0.129303,0.0152638,0.158896,0.992419,-0.059284,-0.431893,0.64631,0.238159,-0.124972,-0.439581,0.163982,-0.206894,0.270845,0.162841,-0.408267,0.143556,-0.291587,-0.182949,1.29711,0.368936,-0.955738,0.559265,-0.647607,-0.298783,-0.164866,-0.454605,0.156542,0.286727,-0.0454531,-0.11514,0.67478,-2.96375,-0.180597,-1.92712,-2.01026,0.0692784,0.205965,-1.35288,-0.337543,0.233053,-0.232928,-0.030396,-0.199372,-1.31744,4.69297,0.53948,0.0808602,-0.0271932,4.23853,0.342262,1.13004,0.513001,-0.258068,-0.235505,0.327849,-0.29282,0.809099,0.223679,2.49061,-2.24764,1.2244,-1.93811,-2.12344,-0.828804,-0.674923,1.25978,5.51772,0.179407,-4.55637,1.12359,-0.782519,1.22568,0.371278,2.83147,-2.71471,1.0514,-1.80961,-1.81491,-0.884848,-0.772202,1.57548,6.30513,0.197915,-5.02588,0.722217,-0.491893,0.58631,0.238159,-0.124972,-0.439581,0.163982,-0.206894,0.270845,0.162841,-0.408267,0.293556,-0.441587,-0.182949,1.41711,0.488936,-0.955738,0.559265,-0.707607,-0.358783,-0.414866,-0.704605,0.156542,0.286727,-0.0454531,-0.11514,-0.20641,0.34455,0.0447357,0.498121,-0.449529,0.00673042,-0.192522,0.24488,-0.387622,-0.424687,0.332444,-0.47076,-0.165761,0.576329,0.749892,-0.912303,0.56423,0.787666,0.0297034,-0.442847,-0.696237,-0.911273,0.224718,-0.0499941,-0.10939,0.988709,0.0220488,-0.0237973,-0.146292,0.740948,0.00826829,-0.0224957,-0.671135
-0.417226,0.240561,0.0920248,-0.107273,-0.176085,-0.0220635,-0.148817,0,0.162219,-0.277505,0.329457,-0.430445,0,0.410402,0.833527,-0.894375,0.604207,0.0116614,-0.26154,-0.441855,-0.617496,0.110577,0.161761,-0.064151,-0.0971143,0.686397,-1.45896,-0.22172,-1.10386,-2.13837,-0.620764,1.0344,0,0.253108,0.501664,-0.121104,0.814195,0,1.57278,6.11769,0.473359,0.606389,-0.737499,1.77983,0.137981,1.3909,1.1981,0.578342,-0.248067,0.269708,0,0,0,0.979659,-0.171535,0.174181,0.98457,-0.0996418,0.0346025,0.230039,0.938078,0.254313,-0.419421,0.581838,0.230056,-0.163265,-0.478176,0.161133,-0.202796,0.243391,0.15241,-0.400625,0.13951,-0.288662,-0.179732,1.27288,0.474792,-0.944525,0.563371,-0.647538,-0.200983,-0.159567,-0.431144,0.157085,0.262697,-0.052054,-0.107962,0.593739,-3.30776,-0.616649,-1.8962,-1.80262,-0.32108,0.24039,-1.34179,-0.661428,0.441073,-0.163926,0.27625,0.326422,-1.09691,5.65662,0.548345,0.286484,0.0215295,5.29659,0.198659,1.17313,-0.410255,-1.84485,-0.293569,0.297525,-0.782519,1.22568,0.371278,2.83147,-2.71471,1.0514,-1.80961,-1.81491,-0.884848,-0.772202,1.57548,6.30513,0.197915,-5.02588,0.722217,-1.01094,1.43661,0.603147,3.43329,-3.32644,0.802245,-1.72401,-1.73313,-1.00014,-0.319061,1.74403,7.39668,0.0889704,-4.73096,0.579493,-0.479421,0.521838,0.230056,-0.163265,-0.478176,0.161133,-0.202796,0.243391,0.15241,-0.400625,0.28951,-0.438662,-0.179732,1.39288,0.594792,-0.944525,0.563371,-0.707538,-0.260983,-0.409567,-0.681144,0.157085,0.262697,-0.052054,-0.107962,-0.45126,0.552841,0.0742555,0.566295,-0.542942,-0.00714588,-0.169313,0.210281,-0.361922,-0.362982,0.330708,-0.450122,-0.17697,0.547178,0.907741,-0.902177,0.582524,0.791033,0.0389573,-0.441145,-0.657018,-1.00518,0.144443,-0.0575578,-0.102757,0.988996,0.0280658,-0.0162504,-0.144345,0.742145,0.0148908,-0.0382219,-0.668983
-0.383238,0.166108,0.087231,-0.122769,-0.218095,-0.0390637,-0.133746,0,0.170749,-0.243266,0.32918,-0.412692,0,0.408114,1.00212,-0.89122,0.632667,-0.0162438,-0.194029,-0.447387,-0.577369,0.125412,0.124197,-0.0688035,-0.0934497,0.9903,-2.13807,-0.227112,-1.00514,-2.12701,-0.689538,0.950131,0,0.305133,0.864746,-0.088927,0.836231,0,1.06663,6.81128,0.378676,0.851374,-0.934827,2.25855,0.0136012,1.57554,1.0612,-0.158624,-0.243434,0.243764,0,0,0,0.982606,-0.162819,0.164106,0.986416,-0.0869216,0.0217404,0.365107,0.810899,0.561612,-0.406946,0.518567,0.215667,-0.197557,-0.513523,0.149593,-0.195079,0.21319,0.141963,-0.396707,0.137408,-0.2807,-0.184702,1.25348,0.593222,-0.934027,0.571855,-0.646395,-0.1064,-0.157037,-0.40601,0.14214,0.218531,-0.0588986,-0.10171,0.680047,-2.93141,-0.803486,-1.54544,-1.71771,-0.775313,0.539479,-1.61735,-0.367864,-0.0623311,-0.0529167,0.489331,-0.740984,-0.869805,6.01551,0.49476,0.511718,0.0759252,4.12519,0.0695244,1.29354,-1.0158,-2.32026,-0.289198,0.256311,-1.01094,1.43661,0.603147,3.43329,-3.32644,0.802245,-1.72401,-1.73313,-1.00014,-0.319061,1.74403,7.39668,0.0889704,-4.73096,0.579493,-0.964643,1.24659,0.66379,3.85457,-3.52021,0.765563,-1.93239,-1.95494,-1.10063,0.241058,1.73675,8.10755,0.0166907,-3.42904,0.93947,-0.466946,0.458567,0.215667,-0.197557,-0.513523,0.149593,-0.195079,0.21319,0.141963,-0.396707,0.287408,-0.4307,-0.184702,1.37348,0.713222,-0.934027,0.571855,-0.706395,-0.1664,-0.407037,-0.65601,0.14214,0.218531,-0.0588986,-0.10171,-0.565468,0.658307,0.120629,0.686657,-0.665287,-0.0220635,-0.148817,0.160449,-0.344802,-0.346625,0.329457,-0.430445,-0.200029,0.529074,0.992017,-0.894375,0.604207,0.793538,-0.0155148,-0.441855,-0.617496,-0.946192,0.115899,-0.064151,-0.0971143,0.989663,0.034087,-0.0100898,-0.138939,0.742145,0.0148908,-0.0382219,-0.668983
-0.344256,0.0936927,0.0809278,-0.13682,-0.261971,-0.0583168,-0.121823,0,0.178955,-0.218877,0.331687,-0.39746,0,0.394383,1.14142,-0.889226,0.663503,-0.0387362,-0.102283,-0.456707,-0.544043,0.131873,0.112575,-0.0644545,-0.0935033,1.27794,-2.58288,-0.253526,-0.914374,-2.14704,-0.771474,0.843946,0,0.336677,0.971162,-0.0246569,0.81385,0,0.540664,6.85739,0.294981,1.0585,-0.991766,2.95718,-0.130276,1.60276,0.83975,-0.285365,-0.105169,0.169832,0,0,0,0.98788,-0.135023,0.136808,0.990424,-0.0733309,0.0287893,0.427944,0.657922,0.782938,-0.390777,0.466137,0.199297,-0.223233,-0.546791,0.129527,-0.180583,0.179625,0.14122,-0.404898,0.137773,-0.268516,-0.213127,1.23525,0.711111,-0.924768,0.585938,-0.64356,-0.0420544,-0.157441,-0.377259,0.131091,0.18598,-0.0646866,-0.0969237,0.935106,-2.32086,-0.835909,-1.06597,-1.58139,-1.16994,0.890219,-1.65609,0.229086,-0.68979,0.0745526,0.708146,-1.74375,-0.963353,5.6911,0.433587,0.822818,0.166401,2.52315,-0.087354,1.51199,-0.182025,-1.04381,-0.231549,0.188418,-0.964643,1.24659,0.66379,3.85457,-3.52021,0.765563,-1.93239,-1.95494,-1.10063,0.241058,1.73675,8.10755,0.0166907,-3.42904,0.93947,-0.690102,0.940101,0.578089,4.4449,-3.31385,0.741516,-2.08397,-2.04688,-1.13191,0.232073,1.91426,8.43014,0.107746,-1.95809,1.17994,-0.450777,0.406137,0.199297,-0.223233,-0.546791,0.129527,-0.180583,0.179625,0.14122,-0.404898,0.287773,-0.418516,-0.213127,1.35525,0.831111,-0.924768,0.585938,-0.70356,-0.102054,-0.407441,-0.627259,0.131091,0.18598,-0.0646866,-0.0969237,-0.542321,0.563294,0.132758,0.770914,-0.704041,-0.0390637,-0.133746,0.153113,-0.386477,-0.390987,0.32918,-0.412692,-0.220126,0.515987,0.988377,-0.89122,0.632667,0.797402,-0.0516547,-0.447387,-0.577369,-0.685808,0.187894,-0.0688035,-0.0934497,0.990568,0.0399635,-0.0058635,-0.130934,0.737782,0.0214201,-0.0469699,-0.673062
-0.302777,0.0222964,0.07387,-0.15015,-0.306779,-0.0786964,-0.111473,0,0.186998,-0.199412,0.335584,-0.383487,0,0.374929,1.26607,-0.887813,0.695527,-0.0585223,0.00158086,-0.46792,-0.514118,0.134146,0.113924,-0.0556048,-0.0954159,1.51674,-2.87896,-0.283335,-0.840008,-2.17506,-0.845726,0.746017,0,0.356321,0.971783,0.0412043,0.779279,0,0.0866629,6.66996,0.227685,1.22131,-0.991027,3.62798,-0.259395,1.57081,0.621919,-0.179516,0.0591266,0.0901937,0,0,0,0.990529,-0.118821,0.119746,0.99276,-0.0671785,0.0176084,0.351529,0.446686,0.790285,-0.366965,0.422582,0.184163,-0.236873,-0.574809,0.103216,-0.160083,0.150065,0.156336,-0.417261,0.141015,-0.250938,-0.243298,1.21058,0.821324,-0.916668,0.606931,-0.639684,-0.000331309,-0.161249,-0.344061,0.152036,0.18096,-0.0653423,-0.094752,1.41296,-2.04755,-0.715152,-0.376237,-1.19978,-1.41317,1.14131,-1.27096,1.15017,-0.556448,0.230959,1.02068,-1.07843,-1.46216,5.31681,0.382595,1.17635,0.188035,1.80071,-0.260319,1.71685,2.00111,0.278248,0.0390787,0.0641713,-0.690102,0.940101,0.578089,4.4449,-3.31385,0.741516,-2.08397,-2.04688,-1.13191,0.232073,1.91426,8.43014,0.107746,-1.95809,1.17994,-0.385849,0.675561,0.492635,5.12071,-3.01049,0.469382,-2.32941,-2.10517,-1.23462,0.195579,2.21845,8.30464,0.198866,-0.569407,1.09347,-0.426965,0.362582,0.184163,-0.236873,-0.574809,0.103216,-0.160083,0.150065,0.156336,-0.417261,0.291015,-0.400938,-0.243298,1.33058,0.941324,-0.916668,0.606931,-0.699684,-0.0603313,-0.411249,-0.594061,0.152036,0.18096,-0.0653423,-0.094752,-0.405051,0.41005,0.115618,0.88898,-0.662771,-0.0583168,-0.121823,0.148303,-0.416793,-0.409375,0.331687,-0.39746,-0.226381,0.495158,1.07713,-0.889226,0.663503,0.80476,-0.00612677,-0.456707,-0.544043,-0.391617,0.235988,-0.0644545,-0.0935033,0.991505,0.04477,-0.00328543,-0.12208,0.737782,0.0214201,-0.0469699,-0.673062
-0.258166,-0.0342449,0.055282,-0.16166,-0.349214,-0.0996591,-0.100587,0,0.182548,-0.201122,0.345704,-0.371254,0,0.351282,1.34903,-0.888371,0.725554,-0.072138,0.0510321,-0.483657,-0.491408,0.131783,0.102548,-0.047463,-0.102539,1.73088,-2.86339,-0.477155,-0.760658,-2.15906,-0.906448,0.685501,0,0.182677,0.654604,0.180638,0.72899,0,-0.29404,5.91333,0.151013,1.30532,-0.897954,3.28135,-0.417627,1.44022,0.399907,-0.296303,0.163516,-0.0437173,0,0,0,0.994308,-0.0873985,0.0889322,0.995774,-0.0586783,0.0282105,0.174779,0.227767,0.808069,-0.333695,0.380775,0.170854,-0.235614,-0.591691,0.0730141,-0.135468,0.123018,0.18733,-0.422894,0.147496,-0.226365,-0.258287,1.17674,0.926892,-0.909605,0.634461,-0.639002,0.0319933,-0.168084,-0.308009,0.201641,0.189525,-0.0604182,-0.0949973,1.75574,-2.08783,-0.67747,0.433928,-0.519244,-1.58891,1.30753,-1.38269,1.67388,-0.12551,0.366295,1.39912,-0.44974,-1.58744,5.20673,0.326853,1.46832,-0.259804,1.49814,-0.360231,1.82359,1.20313,0.466713,0.263987,-0.0294422,-0.385849,0.675561,0.492635,5.12071,-3.01049,0.469382,-2.32941,-2.10517,-1.23462,0.195579,2.21845,8.30464,0.198866,-0.569407,1.09347,-0.446605,0.556423,0.269938,5.57712,-3.16307,0.34805,-2.51618,-1.55872,-1.28193,-0.123598,2.49269,8.03895,0.282139,0.0422844,0.859734,-0.393695,0.320775,0.170854,-0.235614,-0.591691,0.0730141,-0.135468,0.123018,0.18733,-0.422894,0.297496,-0.376365,-0.258287,1.29674,1.04689,-0.909605,0.634461,-0.699002,-0.0280067,-0.418084,-0.558009,0.201641,0.189525,-0.0604182,-0.0949973,-0.252925,0.27778,0.0985269,1.02414,-0.602098,-0.0786964,-0.111473,0.0938764,-0.465883,-0.421034,0.335584,-0.383487,-0.246923,0.456632,1.22922,-0.887813,0.695527,0.809717,0.0394328,-0.46792,-0.514118,-0.113881,0.218695,-0.0556048,-0.0954159,0.992384,0.0473276,-0.00209438,-0.113709,0.732551,0.0266214,-0.0549898,-0.677965
-0.215492,-0.0877822,0.0349626,-0.170654,-0.379267,-0.119915,-0.0879946,0,0.174895,-0.199305,0.35727,-0.359356,0,0.329903,1.4154,-0.888606,0.7511,-0.0864343,0.0683718,-0.500396,-0.47183,0.129699,0.0896509,-0.0400681,-0.110316,1.85174,-2.80743,-0.6388,-0.667369,-1.96214,-0.938357,0.668731,0,0.0130797,0.485473,0.299942,0.688775,0,-0.52651,5.13488,0.102171,1.29691,-0.843013,2.55704,-0.543416,1.30182,0.248679,-0.400868,0.225385,-0.147249,0,0,0,0.995866,-0.075549,0.0771422,0.996556,-0.0479527,0.0341958,0.0220559,0.122167,0.66949,-0.300806,0.33275,0.158382,-0.231489,-0.596202,0.0404526,-0.109995,0.0921417,0.20488,-0.41329,0.1545,-0.196533,-0.262245,1.15151,1.03225,-0.9037,0.66669,-0.644507,0.0612678,-0.177125,-0.272651,0.204009,0.192542,-0.0531089,-0.0988637,1.56858,-2.61676,-0.61913,0.0718904,0.0460135,-1.6355,1.2479,-1.63721,0.344863,0.899328,0.343777,1.55885,-0.024127,-1.08561,5.27865,0.272225,1.6498,-0.21778,1.43868,-0.518526,1.66298,-0.301859,-0.092511,0.324486,-0.203439,-0.446605,0.556423,0.269938,5.57712,-3.16307,0.34805,-2.51618,-1.55872,-1.28193,-0.123598,2.49269,8.03895,0.282139,0.0422844,0.859734,-0.691771,0.586775,0.195572,5.61875,-3.1213,-0.0317447,-2.45244,-1.34955,-1.2567,-0.294281,2.76655,8.1075,0.196309,-0.00506736,0.565018,-0.360806,0.27275,0.158382,-0.231489,-0.596202,0.0404526,-0.109995,0.0921417,0.20488,-0.41329,0.3045,-0.346533,-0.262245,1.27151,1.15225,-0.9037,0.66669,-0.704507,0.00126781,-0.427125,-0.522651,0.204009,0.192542,-0.0531089,-0.0988637,-0.283303,0.218212,0.0539876,1.11542,-0.632615,-0.0996591,-0.100587,0.0696099,-0.503236,-0.311744,0.345704,-0.371254,-0.256386,0.419315,1.36634,-0.888371,0.725554,0.788008,0.0810693,-0.483657,-0.491408,0.00845688,0.171947,-0.047463,-0.102539,0.993198,0.047884,-0.00171131,-0.106126,0.733372,0.0265017,-0.0612617,-0.676543
-0.176689,-0.135311,0.0111803,-0.174616,-0.384559,-0.138759,-0.0719904,0,0.160836,-0.190436,0.37173,-0.348125,0,0.313061,1.4486,-0.888199,0.767685,-0.102092,0.0214885,-0.519138,-0.458516,0.128173,0.0737118,-0.034167,-0.119398,1.87825,-2.67814,-0.803894,-0.526578,-1.45288,-0.939499,0.708175,0,-0.20173,0.472873,0.426858,0.650598,0,-0.621194,4.09236,0.0776379,1.15661,-0.824973,1.08668,-0.661523,1.11098,0.151179,-0.519693,0.246286,-0.239311,0,0,0,0.997013,-0.060742,0.0623246,0.997529,-0.0456133,0.0352974,-0.191713,0.196372,0.837608,-0.273614,0.27599,0.142662,-0.230385,-0.587529,0.00750583,-0.0864649,0.0441149,0.202302,-0.391412,0.162233,-0.164314,-0.256583,1.13383,1.14028,-0.898881,0.700068,-0.646598,0.0799994,-0.19032,-0.242933,0.196739,0.179965,-0.0455564,-0.105173,1.20896,-2.93017,-0.955321,0.0785823,0.754641,-1.64762,1.13528,-2.99598,-0.458062,1.11209,0.419906,1.64017,0.468074,-0.737943,5.45083,0.217435,1.62159,-0.0262796,0.562146,-0.741491,1.31199,-0.351625,-0.970834,0.318391,-0.285011,-0.691771,0.586775,0.195572,5.61875,-3.1213,-0.0317447,-2.45244,-1.34955,-1.2567,-0.294281,2.76655,8.1075,0.196309,-0.00506736,0.565018,-0.625654,0.389923,0.283657,4.98434,-3.33448,-0.175056,-2.36055,-1.14914,-1.09133,-0.311853,2.75361,8.17569,-0.184108,-0.237735,0.695932,-0.333614,0.21599,0.142662,-0.230385,-0.587529,0.00750583,-0.0864649,0.0441149,0.202302,-0.391412,0.312233,-0.314314,-0.256583,1.25383,1.26028,-0.898881,0.700068,-0.706598,0.0199994,-0.44032,-0.492933,0.196739,0.179965,-0.0455564,-0.105173,-0.405886,0.233387,0.0391144,1.12375,-0.624259,-0.119915,-0.0879946,-0.00634895,-0.490487,-0.26991,0.35727,-0.359356,-0.25134,0.408024,1.50328,-0.888606,0.7511,0.784604,0.0381547,-0.500396,-0.47183,-0.00101347,0.113004,-0.0400681,-0.110316,0.994017,0.0466456,-0.00072557,-0.0987626,0.733372,0.0265017,-0.0612617,-0.676543
-0.136734,-0.176879,-0.0133387,-0.178105,-0.388791,-0.158469,-0.0523951,0,0.143823,-0.188898,0.387843,-0.337589,0,0.292543,1.45835,-0.888159,0.769954,-0.114522,-0.0383279,-0.53806,-0.451766,0.126614,0.0643586,-0.0315891,-0.124965,1.91411,-2.49821,-0.930511,-0.420953,-1.08049,-0.953305,0.789651,0,-0.396413,0.354073,0.540498,0.613463,0,-0.742601,3.01092,0.0549348,0.843668,-0.76394,-0.13657,-0.746896,0.878941,0.0824399,-0.504084,0.211069,-0.251016,0,0,0,0.99768,-0.0573769,0.0585981,0.997731,-0.0346646,0.0352314,-0.320526,0.238607,0.685678,-0.251041,0.213483,0.124325,-0.227698,-0.567953,-0.024888,-0.064182,-0.0256239,0.191499,-0.36484,0.170568,-0.132396,-0.231333,1.11918,1.24763,-0.895376,0.730699,-0.646455,0.0645369,-0.20702,-0.220786,0.190788,0.162479,-0.0388436,-0.113048,1.11003,-3.20379,-0.880828,0.179168,1.13591,-1.58034,1.11432,-3.67701,-0.561436,1.41984,0.398124,1.54118,1.74732,-0.757885,5.20775,0.144932,1.41947,0.0241655,-1.70143,-0.873731,0.938531,-0.25486,-0.734895,0.273243,-0.348537,-0.625654,0.389923,0.283657,4.98434,-3.33448,-0.175056,-2.36055,-1.14914,-1.09133,-0.311853,2.75361,8.17569,-0.184108,-0.237735,0.695932,-0.452382,0.200274,0.170884,4.31511,-3.29369,-0.242758,-2.27451,-1.14554,-0.872459,-0.387898,2.78226,8.13858,-0.50682,-0.69826,0.989715,-0.311041,0.153483,0.124325,-0.227698,-0.567953,-0.024888,-0.064182,-0.0256239,0.191499,-0.36484,0.320568,-0.282396,-0.231333,1.23918,1.36763,-0.895376,0.730699,-0.706455,0.00453687,-0.45702,-0.470786,0.190788,0.162479,-0.0388436,-0.113048,-0.372827,0.134962,0.0567315,0.996869,-0.666897,-0.138759,-0.0719904,-0.0350112,-0.472111,-0.229828,0.37173,-0.348125,-0.218266,0.399995,1.4968,-0.888199,0.767685,0.792088,-0.152054,-0.519138,-0.458516,-0.0475471,0.139186,-0.034167,-0.119398,0.99488,0.0439253,0.00155319,-0.0910051,0.737373,0.0223874,-0.0619542,-0.672266
-0.0962014,-0.215466,-0.0382261,-0.18136,-0.392492,-0.178613,-0.0310044,0,0.125332,-0.191027,0.404783,-0.3274,0,0.270188,1.45638,-0.888305,0.765066,-0.12534,-0.104611,-0.557072,-0.448297,0.125039,0.0582982,-0.0306728,-0.128774,1.94786,-2.32755,-1.02467,-0.343478,-0.811859,-0.969471,0.873617,0,-0.554848,0.215923,0.632445,0.582263,0,-0.855151,2.07807,0.0362773,0.517238,-0.697014,-1.08985,-0.808007,0.667288,0.0340775,-0.443764,0.161493,-0.232841,0,0,0,0.998436,-0.0459847,0.0472145,0.998121,-0.0299518,0.0404992,-0.29963,0.158476,0.470099,-0.226374,0.149787,0.107489,-0.224437,-0.543262,-0.0538949,-0.0417878,-0.0936553,0.181119,-0.335641,0.177706,-0.103716,-0.179789,1.10078,1.34566,-0.893337,0.755065,-0.646277,0.00352682,-0.225529,-0.205525,0.186382,0.159162,-0.0342757,-0.119934,1.37337,-3.08153,-0.842315,0.134221,1.29625,-1.33018,1.13363,-2.96187,-0.490919,1.39188,0.313209,1.33251,2.88525,-1.06696,4.58051,0.0700582,1.04387,0.000487623,-3.86012,-0.93272,0.627043,-0.193609,0.24154,0.166902,-0.274399,-0.452382,0.200274,0.170884,4.31511,-3.29369,-0.242758,-2.27451,-1.14554,-0.872459,-0.387898,2.78226,8.13858,-0.50682,-0.69826,0.989715,-0.382429,0.0593887,0.124385,3.81278,-3.08685,-0.26529,-2.05611,-1.25736,-0.640015,-0.42567,2.92086,8.02302,-0.698134,-1.14435,1.14512,-0.286374,0.0897872,0.107489,-0.224437,-0.543262,-0.0538949,-0.0417878,-0.0936553,0.181119,-0.335641,0.327706,-0.253716,-0.179789,1.22078,1.46566,-0.893337,0.755065,-0.706277,-0.0564732,-0.475529,-0.455525,0.186382,0.159162,-0.0342757,-0.119934,-0.286191,0.0401369,0.0341769,0.863023,-0.658737,-0.158469,-0.0523951,-0.0485515,-0.454903,-0.229108,0.387843,-0.337589,-0.174492,0.384797,1.51113,-0.888159,0.769954,0.794753,-0.31341,-0.53806,-0.451766,-0.139652,0.197943,-0.0315891,-0.124965,0.995493,0.0409329,0.00398446,-0.0854557,0.737373,0.0223874,-0.0619542,-0.672266
-0.0558172,-0.252077,-0.0602584,-0.181777,-0.4038,-0.1991,-0.00840622,0,0.108785,-0.207215,0.423232,-0.318461,0,0.244371,1.43004,-0.886504,0.748942,-0.134172,-0.149338,-0.57648,-0.450361,0.122912,0.0405303,-0.0273827,-0.118912,1.96927,-2.17846,-1.04775,-0.246694,-0.737917,-0.985942,0.950504,0,-0.636599,-0.0916842,0.719446,0.541667,0,-0.985854,1.05969,0.0523968,0.120215,-0.6204,-1.4338,-0.856725,0.436145,-0.00805243,-0.577154,0.162396,-0.0150673,0,0,0,0.998158,-0.0558507,0.056738,0.997643,-0.0214805,0.0398723,-0.19359,0.0296153,0.346518,-0.194602,0.0911962,0.0904031,-0.2231,-0.517321,-0.0774199,-0.0186088,-0.135353,0.172494,-0.310834,0.183039,-0.0800838,-0.11684,1.07487,1.42976,-0.892881,0.770757,-0.646538,-0.0887276,-0.244798,-0.195897,0.182922,0.172303,-0.0318549,-0.125033,1.7756,-2.75653,-0.891399,0.00386506,1.28322,-1.05331,1.18244,-1.26537,-0.403325,1.04482,0.223877,1.04939,2.94671,-1.48104,3.86025,-0.0092106,0.591306,-0.0154283,-4.9364,-0.959004,0.374561,-0.154698,0.894709,0.0806689,-0.200543,-0.382429,0.0593887,0.124385,3.81278,-3.08685,-0.26529,-2.05611,-1.25736,-0.640015,-0.42567,2.92086,8.02302,-0.698134,-1.14435,1.14512,-0.341775,-0.192674,0.100792,3.61364,-2.93446,-0.191737,-1.9945,-1.34016,-0.410899,-0.280793,2.79247,7.95919,-0.996039,-1.33422,1.23186,-0.254602,0.0311962,0.0904031,-0.2231,-0.517321,-0.0774199,-0.0186088,-0.135353,0.172494,-0.310834,0.333039,-0.230084,-0.11684,1.19487,1.54976,-0.892881,0.770757,-0.706538,-0.148728,-0.494798,-0.445897,0.182922,0.172303,-0.0318549,-0.125033,-0.251215,-0.0303057,0.0248771,0.762555,-0.61737,-0.178613,-0.0310044,-0.053058,-0.411221,-0.251471,0.404783,-0.3274,-0.128003,0.357812,1.58043,-0.888305,0.765066,0.793748,-0.409067,-0.557072,-0.448297,-0.228869,0.229023,-0.0306728,-0.128774,0.995904,0.038473,0.00524108,-0.0816556,0.743174,0.0180111,-0.0623231,-0.665946
-0.0174605,-0.288074,-0.0812099,-0.181292,-0.414122,-0.219698,0.0134351,0,0.0928964,-0.224996,0.441983,-0.30994,0,0.220039,1.395,-0.884359,0.732035,-0.143372,-0.185825,-0.595979,-0.452547,0.119671,0.0236575,-0.0226149,-0.10756,1.95384,-2.06488,-1.0477,-0.16542,-0.671382,-0.999121,0.992973,0,-0.683953,-0.330889,0.784879,0.506972,0,-1.05509,0.21615,0.0688509,-0.169457,-0.572281,-1.55096,-0.892202,0.272517,-0.0542502,-0.657099,0.185194,0.159738,0,0,0,0.997506,-0.0677212,0.0684057,0.997008,-0.0174029,0.0372788,-0.106937,-0.030364,0.131078,-0.155278,0.0368848,0.0737587,-0.224384,-0.491796,-0.0958288,0.00553137,-0.139065,0.166596,-0.291103,0.186728,-0.0625125,-0.0628822,1.03945,1.49529,-0.893424,0.776308,-0.646863,-0.197273,-0.264608,-0.191032,0.180214,0.193194,-0.0293471,-0.122594,2.11077,-2.66393,-0.810732,-0.124571,1.2719,-0.819924,1.21796,0.672045,-0.238127,0.889673,0.152093,0.735616,2.21474,-2.00489,2.74465,-0.0347876,0.0706862,-0.00877417,-5.59899,-0.990614,0.152549,-0.118359,1.09278,0.114554,0.199399,-0.341775,-0.192674,0.100792,3.61364,-2.93446,-0.191737,-1.9945,-1.34016,-0.410899,-0.280793,2.79247,7.95919,-0.996039,-1.33422,1.23186,-0.367513,-0.354954,0.228364,3.66291,-2.88177,-0.109773,-1.72423,-1.32943,-0.25306,-0.110258,2.77365,7.90106,-1.11129,-1.4229,1.35254,-0.215278,-0.0231152,0.0737587,-0.224384,-0.491796,-0.0958288,0.00553137,-0.139065,0.166596,-0.291103,0.336728,-0.212513,-0.0628822,1.15945,1.61529,-0.893424,0.776308,-0.706863,-0.257273,-0.514608,-0.441032,0.180214,0.193194,-0.0293471,-0.122594,-0.230888,-0.156337,0.0201585,0.722728,-0.586893,-0.1991,-0.00840622,-0.0383474,-0.398901,-0.268032,0.423232,-0.318461,-0.0821797,0.320399,1.51623,-0.886504,0.748942,0.792691,-0.55802,-0.57648,-0.450361,-0.266845,0.246371,-0.0273827,-0.118912,0.99614,0.0368523,0.00535951,-0.079493,0.748559,0.0142697,-0.061793,-0.660028
0.0168412,-0.322841,-0.1,-0.179005,-0.422475,-0.240515,0.0337627,0,0.0783238,-0.245961,0.461339,-0.302257,0,0.198673,1.34254,-0.881525,0.71356,-0.153307,-0.205829,-0.615663,-0.454976,0.114202,0.00857512,-0.0148919,-0.0932256,1.88221,-1.96692,-1.01524,-0.081477,-0.595258,-1.01165,0.999995,0,-0.697355,-0.546092,0.839748,0.470131,0,-1.05904,-0.635662,0.0907059,-0.395737,-0.549622,-1.38573,-0.91979,0.15432,-0.120002,-0.686206,0.245481,0.326829,0,0,0,0.9974,-0.0692449,0.0699594,0.996839,-0.0172869,0.0389534,-0.0671486,0.0104735,-0.251497,-0.110437,-0.0188526,0.0616352,-0.227684,-0.466697,-0.11092,0.0303328,-0.107858,0.166448,-0.271582,0.189297,-0.0513608,-0.0299703,0.992544,1.53642,-0.894313,0.772317,-0.646817,-0.30679,-0.28514,-0.189939,0.178159,0.216434,-0.0256462,-0.114456,2.32945,-2.85796,-0.481904,-0.210939,1.23967,-0.710905,1.24399,2.16059,0.123333,0.969919,0.112834,0.414921,1.06506,-2.61138,1.47583,-0.0444234,-0.355683,0.0178033,-5.20265,-1.03336,-0.00385381,-0.089764,1.16759,0.17027,0.387446,-0.367513,-0.354954,0.228364,3.66291,-2.88177,-0.109773,-1.72423,-1.32943,-0.25306,-0.110258,2.77365,7.90106,-1.11129,-1.4229,1.35254,-0.4246,-0.419675,0.359909,3.67934,-2.76775,0.0435455,-1.2861,-1.34924,-0.136381,0.0593199,2.69319,8.00465,-1.14153,-1.72568,1.37379,-0.170437,-0.0788526,0.0616352,-0.227684,-0.466697,-0.11092,0.0303328,-0.107858,0.166448,-0.271582,0.339297,-0.201361,-0.0299703,1.11254,1.65642,-0.894313,0.772317,-0.706817,-0.36679,-0.53514,-0.439939,0.178159,0.216434,-0.0256462,-0.114456,-0.243756,-0.237477,0.0456729,0.732582,-0.576354,-0.219698,0.0134351,-0.0219546,-0.344846,-0.265886,0.441983,-0.30994,-0.0506121,0.270423,1.50682,-0.884359,0.732035,0.792699,-0.615644,-0.595979,-0.452547,-0.28458,0.270508,-0.0226149,-0.10756,0.996099,0.0361015,0.00549094,-0.0803337,0.748559,0.0142697,-0.061793,-0.660028
0.0487473,-0.35309,-0.115802,-0.176863,-0.423746,-0.26046,0.051756,0,0.0662238,-0.263542,0.480576,-0.2954,0,0.181583,1.26934,-0.876383,0.697453,-0.16528,-0.218816,-0.636515,-0.456284,0.109837,-0.000117458,-0.008888,-0.0837912,1.79614,-1.83057,-0.947698,-0.0249107,-0.43574,-1.00732,0.969896,0,-0.669649,-0.645982,0.876382,0.431944,0,-0.997677,-1.543,0.140637,-0.518629,-0.564326,-1.16483,-0.956645,0.0884049,-0.149475,-0.610733,0.261895,0.370295,0,0,0,0.99532,-0.0947367,0.0953194,0.99492,-0.0159104,0.0340571,-0.0523408,0.10014,-0.807785,-0.0619419,-0.078907,0.0546267,-0.232961,-0.444157,-0.121226,0.0381567,-0.0510128,0.176418,-0.251876,0.192276,-0.0484424,-0.0146481,0.932278,1.55025,-0.894478,0.73553,-0.646041,-0.398513,-0.306721,-0.202746,0.176157,0.237318,-0.019715,-0.111756,2.49242,-3.03517,-0.262115,-0.316125,1.08836,-0.448267,-0.051014,3.20306,0.668403,0.876202,0.177468,-0.0218032,0.455762,-3.31758,0.0308228,-0.0108652,-2.0757,0.0585131,-4.02029,-1.07629,-0.90519,-0.110737,0.931847,0.274209,0.22582,-0.4246,-0.419675,0.359909,3.67934,-2.76775,0.0435455,-1.2861,-1.34924,-0.136381,0.0593199,2.69319,8.00465,-1.14153,-1.72568,1.37379,-0.48852,-0.411864,0.474445,3.64265,-2.52242,0.165451,-0.847371,-1.36629,-0.0734689,0.357016,2.58545,8.32132,-1.13525,-2.21985,1.26609,-0.121942,-0.138907,0.0546267,-0.232961,-0.444157,-0.121226,0.0381567,-0.0510128,0.176418,-0.251876,0.342276,-0.198442,-0.0146481,1.05228,1.67025,-0.894478,0.73553,-0.706041,-0.458513,-0.556721,-0.452746,0.176157,0.237318,-0.019715,-0.111756,-0.2723,-0.269837,0.0719819,0.735869,-0.55355,-0.240515,0.0337627,0.0087091,-0.25722,-0.269849,0.461339,-0.302257,-0.0272761,0.206672,1.4666,-0.881525,0.71356,0.794073,-0.630765,-0.615663,-0.454976,-0.345136,0.274759,-0.0148919,-0.0932256,0.995605,0.0363208,0.00662389,-0.0860697,0.753187,0.0119743,-0.0595118,-0.655
0.0794554,-0.381079,-0.13011,-0.174795,-0.421475,-0.279967,0.0685821,0,0.05536,-0.279431,0.499754,-0.288957,0,0.166631,1.18576,-0.870085,0.682529,-0.178272,-0.228296,-0.657953,-0.457031,0.106024,-0.00561512,-0.00374364,-0.0768069,1.71792,-1.70124,-0.878008,0.0135894,-0.270962,-0.997741,0.931319,0,-0.631711,-0.690529,0.901139,0.399015,0,-0.922655,-2.33366,0.192907,-0.586904,-0.589902,-0.957573,-0.991216,0.0506758,-0.161831,-0.509978,0.260492,0.363973,0,0,0,0.993723,-0.110945,0.111374,0.993206,-0.0105121,0.0351043,-0.174815,0.305605,-0.755176,-0.013614,-0.13757,0.0503629,-0.238454,-0.420232,-0.132238,0.0334443,0.014024,0.190111,-0.241813,0.197899,-0.0502056,-0.0108637,0.863535,1.53345,-0.89497,0.701522,-0.643672,-0.463126,-0.329199,-0.221269,0.171906,0.24986,-0.0135166,-0.102394,2.31176,-2.80764,-0.220326,-0.233166,1.29206,-0.671029,-0.32653,3.09081,0.598227,0.115819,0.368843,-0.116304,-0.00331848,-3.47906,-1.53893,-0.0236472,-1.34086,0.16389,-2.61758,-1.13726,-0.868936,-0.282222,0.396368,0.257348,0.487839,-0.48852,-0.411864,0.474445,3.64265,-2.52242,0.165451,-0.847371,-1.36629,-0.0734689,0.357016,2.58545,8.32132,-1.13525,-2.21985,1.26609,-0.4225,-0.508808,0.321385,3.59572,-2.5274,0.342706,-0.353756,-1.3863,-0.0729467,0.715991,2.48731,8.73291,-1.15383,-2.52629,1.16957,-0.073614,-0.19757,0.0503629,-0.238454,-0.420232,-0.132238,0.0334443,0.014024,0.190111,-0.241813,0.347899,-0.200206,-0.0108637,0.983535,1.65345,-0.89497,0.701522,-0.703672,-0.523126,-0.579199,-0.471269,0.171906,0.24986,-0.0135166,-0.102394,-0.30426,-0.265932,0.094889,0.728531,-0.504484,-0.26046,0.051756,0.0330902,-0.169474,-0.273257,0.480576,-0.2954,-0.0146938,0.298508,1.41272,-0.876383,0.697453,0.796884,-0.627623,-0.636515,-0.456284,-0.443969,0.253218,-0.008888,-0.0837912,0.994847,0.0366986,0.00951496,-0.094036,0.753187,0.0119743,-0.0595118,-0.655
0.107782,-0.400435,-0.139594,-0.174253,-0.412827,-0.297477,0.0818853,0,0.0481221,-0.295669,0.517599,-0.283706,0,0.153895,1.07232,-0.862728,0.67198,-0.192714,-0.21879,-0.679359,-0.455894,0.102915,0.00122185,-0.00050199,-0.0749948,1.62744,-1.48121,-0.756863,0.0176334,-0.0599527,-0.961059,0.851471,0,-0.550766,-0.726941,0.898477,0.358068,0,-0.836901,-3.33526,0.245395,-0.569064,-0.629567,-0.527704,-1.01494,0.0525315,-0.159921,-0.25443,0.230969,0.281962,0,0,0,0.991792,-0.127758,0.127861,0.991203,-0.000761721,0.0345634,-0.349499,0.641013,0.15232,0.0228951,-0.182876,0.0391586,-0.237506,-0.389535,-0.149041,0.0244705,0.0683013,0.197412,-0.224185,0.208586,-0.0523691,-0.0148131,0.806454,1.49573,-0.894499,0.676703,-0.638053,-0.516749,-0.353671,-0.238867,0.156183,0.264381,-0.00794168,-0.0946193,1.35561,-1.65724,-1.02916,0.208628,1.67303,-0.97814,-0.594339,2.3194,-0.317432,2.29181,0.650505,-0.111437,-0.315495,-2.10096,-1.81012,0.06505,-1.30274,0.307811,-2.92663,-1.25564,-0.98583,-1.49614,1.21358,0.228815,0.168208,-0.4225,-0.508808,0.321385,3.59572,-2.5274,0.342706,-0.353756,-1.3863,-0.0729467,0.715991,2.48731,8.73291,-1.15383,-2.52629,1.16957,0.0751807,-0.903574,-0.168112,3.3923,-2.32309,0.607904,-0.378291,-1.43064,0.0528017,1.31985,2.06958,9.98891,-1.40869,-2.23468,1.44844,-0.0371049,-0.242877,0.0391586,-0.237506,-0.389535,-0.149041,0.0244705,0.0683013,0.197412,-0.224185,0.358586,-0.202369,-0.0148131,0.926454,1.61573,-0.894499,0.676703,-0.698053,-0.576749,-0.603671,-0.488867,0.156183,0.264381,-0.00794168,-0.0946193,-0.27125,-0.314404,0.0642769,0.719144,-0.505481,-0.279967,0.0685821,0.0685411,-0.0707513,-0.27726,0.499754,-0.288957,-0.0145893,0.477995,1.36366,-0.870085,0.682529,0.804522,-0.636913,-0.657953,-0.457031,-0.505259,0.233913,-0.00374364,-0.0768069,0.994471,0.0360504,0.0152993,-0.0974384,0.756394,0.0112356,-0.057888,-0.651453
0.135559,-0.416485,-0.147448,-0.174336,-0.401344,-0.313793,0.0937068,0,0.0420173,-0.31141,0.534441,-0.278813,0,0.141245,0.948819,-0.854872,0.663861,-0.207498,-0.202426,-0.700065,-0.452715,0.0991281,0.0111014,0.0028264,-0.0741149,1.55586,-1.27759,-0.647613,0.0111,0.130279,-0.917478,0.773352,0,-0.477109,-0.744966,0.881564,0.324041,0,-0.775577,-4.18717,0.289612,-0.520133,-0.662459,-0.123938,-1.02104,0.0844563,-0.168745,-0.0299072,0.211604,0.210572,0,0,0,0.993555,-0.112934,0.112455,0.992826,0.0141946,0.0392728,-0.679539,1.0692,1.62424,0.0377638,-0.20222,0.00393709,-0.216936,-0.347549,-0.172749,0.0100783,0.106984,0.203882,-0.183866,0.22729,-0.0518145,-0.00875777,0.780894,1.45879,-0.891504,0.657032,-0.631753,-0.504415,-0.380116,-0.252113,0.130307,0.224031,-0.00363107,-0.0859664,0.27405,-0.544136,-2.28603,1.51632,2.23602,-1.38303,-0.664143,1.63549,0.437697,1.49138,1.09472,0.0966072,0.805145,-0.618029,-2.2003,0.201299,-0.544939,0.277451,1.98779,-1.2978,-0.320663,-1.34043,-2.58729,0.166162,0.515534,0.0751807,-0.903574,-0.168112,3.3923,-2.32309,0.607904,-0.378291,-1.43064,0.0528017,1.31985,2.06958,9.98891,-1.40869,-2.23468,1.44844,0.599673,-1.33467,-0.311969,2.89835,-3.12625,1.20217,-0.509735,-1.30534,0.26996,2.00332,1.30667,10.0356,-1.90551,-1.02416,1.7407,-0.0222362,-0.26222,0.00393709,-0.216936,-0.347549,-0.172749,0.0100783,0.106984,0.203882,-0.183866,0.37729,-0.201814,-0.00875777,0.900894,1.57879,-0.891504,0.657032,-0.691753,-0.564415,-0.630116,-0.502113,0.130307,0.224031,-0.00363107,-0.0859664,-0.0224097,-0.511787,-0.0336225,0.67846,-0.464618,-0.297477,0.0818853,0.121581,-0.0756583,-0.286128,0.517599,-0.283706,0.0105603,0.779925,1.15479,-0.862728,0.67198,0.817338,-0.764345,-0.679359,-0.455894,-0.446937,0.289688,-0.00050199,-0.0749948,0.99532,0.0333898,0.0245733,-0.0872946,0.758051,0.0126738,-0.0565956,-0.649611
0.162238,-0.425919,-0.152042,-0.175668,-0.384191,-0.327721,0.102565,0,0.0381785,-0.326155,0.549277,-0.274635,0,0.128768,0.805215,-0.84602,0.660601,-0.222966,-0.172348,-0.719369,-0.445453,0.0939866,0.0270662,0.00632829,-0.0750994,1.48929,-1.03582,-0.52224,-0.012202,0.34849,-0.851161,0.674217,0,-0.391559,-0.742656,0.839628,0.289495,0,-0.730059,-5.08508,0.335508,-0.412994,-0.695735,0.364411,-1.0043,0.168052,-0.195244,0.218537,0.200651,0.132632,0,0,0,0.996941,-0.0689726,0.0671869,0.996596,0.03993,0.0451655,-0.796345,1.38888,2.46766,0.0315867,-0.209564,-0.0492597,-0.185104,-0.308867,-0.204697,-0.00242569,0.153826,0.197134,-0.171962,0.250748,-0.0501183,0.0318847,0.785882,1.38811,-0.88609,0.64678,-0.621641,-0.519646,-0.405085,-0.256486,0.108262,0.214493,-1.31373e-05,-0.0826327,-0.779266,-0.292993,-2.84959,1.60887,1.64425,-1.74055,-0.734356,3.02036,-0.874265,0.000959427,1.21592,0.0604911,2.77005,0.906829,-4.67281,0.326956,-0.799041,0.746118,-2.64349,-1.1854,-0.423356,-0.841711,0.805837,0.150701,-0.280362,0.599673,-1.33467,-0.311969,2.89835,-3.12625,1.20217,-0.509735,-1.30534,0.26996,2.00332,1.30667,10.0356,-1.90551,-1.02416,1.7407,0.598311,-1.34975,-0.19442,2.41037,-3.18377,1.1995,-0.70389,-0.940465,0.495542,2.1174,0.900552,9.38951,-1.58705,-0.459805,1.92008,-0.0284133,-0.269564,-0.0492597,-0.185104,-0.308867,-0.204697,-0.00242569,0.153826,0.197134,-0.171962,0.400748,-0.200118,0.0318847,0.905882,1.50811,-0.88609,0.64678,-0.681641,-0.579646,-0.655085,-0.506486,0.108262,0.214493,-1.31373e-05,-0.0826327,0.239836,-0.727335,-0.0623938,0.57967,-0.625249,-0.313793,0.0937068,0.240434,-0.101947,-0.261067,0.534441,-0.278813,0.053992,1.12166,0.773334,-0.854872,0.663861,0.822119,-1.01276,-0.700065,-0.452715,-0.204833,0.348139,0.0028264,-0.0741149,0.996782,0.0292495,0.0371519,-0.064736,0.758051,0.0126738,-0.0565956,-0.649611
0.184451,-0.426427,-0.153887,-0.175599,-0.357587,-0.337857,0.108463,0,0.0370785,-0.339544,0.561479,-0.27105,0,0.124226,0.641169,-0.834689,0.66202,-0.243647,-0.126013,-0.737527,-0.435081,0.0886943,0.0554968,0.00847724,-0.0729825,1.3757,-0.732696,-0.393244,-0.00751163,0.642999,-0.747848,0.560423,0,-0.29059,-0.720692,0.770774,0.256435,0,-0.579177,-6.02025,0.404823,-0.267806,-0.797234,0.95012,-0.975373,0.273219,-0.216055,0.579434,0.17269,0.124596,0,0,0,0.997906,-0.0168432,0.0132588,0.998265,0.0633144,0.0564188,-0.811879,1.64453,2.4709,0.00569443,-0.215252,-0.102004,-0.155583,-0.280249,-0.244579,-0.0116504,0.22051,0.16824,-0.175718,0.27417,-0.0506334,0.0992802,0.816584,1.26131,-0.87859,0.63941,-0.595021,-0.57113,-0.427876,-0.257833,0.108873,0.249814,0.00341533,-0.0796509,-1.66564,-0.307896,-2.31882,1.36396,1.27782,-2.18484,-0.207835,3.38092,-1.76588,-0.181959,1.10748,-0.109674,3.36787,1.97773,-7.67539,0.413566,-0.11522,1.6384,-2.26225,-1.09501,0.15563,0.118431,2.25177,0.144398,0.206137,0.598311,-1.34975,-0.19442,2.41037,-3.18377,1.1995,-0.70389,-0.940465,0.495542,2.1174,0.900552,9.38951,-1.58705,-0.459805,1.92008,0.284394,-0.790639,0.116076,1.44867,-2.764,1.19213,-0.355489,-0.727828,0.629794,2.03356,0.745264,8.47568,-0.772636,-0.531708,1.74883,-0.0543056,-0.275252,-0.102004,-0.155583,-0.280249,-0.244579,-0.0116504,0.22051,0.16824,-0.175718,0.42417,-0.200633,0.0992802,0.936584,1.38131,-0.87859,0.63941,-0.655021,-0.63113,-0.677876,-0.507833,0.108873,0.249814,0.00341533,-0.0796509,0.239155,-0.734873,-0.0388841,0.482074,-0.636754,-0.327721,0.102565,0.2399,-0.140778,-0.188093,0.549277,-0.274635,0.0991084,1.1787,0.570276,-0.84602,0.660601,0.855665,-0.853525,-0.719369,-0.445453,-0.0919611,0.384016,0.00632829,-0.0750994,0.997602,0.0250561,0.0520447,-0.0381219,0.757947,0.016513,-0.0553757,-0.649752
0.20443,-0.422471,-0.154357,-0.17483,-0.326258,-0.346096,0.112881,0,0.0373481,-0.352255,0.572365,-0.26776,0,0.123651,0.466902,-0.822118,0.665779,-0.266935,-0.0715482,-0.755111,-0.423154,0.0833267,0.0901601,0.00994973,-0.0693149,1.26268,-0.453557,-0.28233,0.00627267,0.920035,-0.647083,0.458566,0,-0.199369,-0.695142,0.702828,0.228853,0,-0.414049,-6.82818,0.471935,-0.13108,-0.907386,1.48205,-0.946526,0.370161,-0.231754,0.925555,0.142971,0.142231,0,0,0,0.994874,0.0273021,-0.033381,0.997557,0.0954537,0.0642962,-0.678027,1.63634,1.89272,-0.0309758,-0.213999,-0.136776,-0.129488,-0.257585,-0.290442,-0.00856815,0.284154,0.133655,-0.178697,0.293362,-0.0550391,0.152512,0.862764,1.07645,-0.869052,0.636744,-0.556454,-0.564848,-0.449212,-0.254094,0.0878476,0.287677,0.00619365,-0.080166,-1.85233,0.713276,-1.24873,1.23375,0.968244,-2.30326,0.521572,2.85917,-1.64685,-0.619351,0.813618,-0.312735,1.74764,2.48039,-8.90851,0.517736,-0.0481907,2.21464,0.764958,-1.03933,0.31049,-1.61049,0.0430487,0.107921,0.170656,0.284394,-0.790639,0.116076,1.44867,-2.764,1.19213,-0.355489,-0.727828,0.629794,2.03356,0.745264,8.47568,-0.772636,-0.531708,1.74883,-0.0607285,-0.192347,0.42124,0.74743,-2.61526,1.45218,-0.0992198,-0.510299,0.693841,2.22267,0.111616,7.83464,-0.300114,-0.641099,1.53783,-0.0909758,-0.273999,-0.136776,-0.129488,-0.257585,-0.290442,-0.00856815,0.284154,0.133655,-0.178697,0.443362,-0.205039,0.152512,0.982764,1.19645,-0.869052,0.636744,-0.616454,-0.624848,-0.699212,-0.504094,0.0878476,0.287677,0.00619365,-0.080166,0.0821971,-0.455319,0.0232153,0.289734,-0.552801,-0.337857,0.108463,0.238426,-0.0710977,-0.145566,0.561479,-0.27105,0.125959,1.13678,0.492632,-0.834689,0.66202,0.926899,-0.446318,-0.737527,-0.435081,-0.106342,0.349766,0.00847724,-0.0729825,0.997337,0.0214279,0.0680924,-0.0149166,0.757947,0.016513,-0.0553757,-0.649752
0.229676,-0.383994,-0.159221,-0.177014,-0.291583,-0.34994,0.115663,0,0.0309914,-0.377643,0.580056,-0.264653,0,0.123784,0.256951,-0.808692,0.668796,-0.2902,-0.000795657,-0.770524,-0.412869,0.0773312,0.164202,0.0109819,-0.0692848,1.26257,0.259679,-0.270581,-0.0283652,1.16416,-0.510622,0.362734,0,-0.234909,-0.867421,0.607348,0.206801,0,-0.287834,-7.92899,0.531752,-0.0465034,-0.984144,2.09872,-0.893757,0.413382,-0.25216,1.75852,0.115561,0.100013,0,0,0,0.990656,0.0710044,-0.079141,0.994623,0.111078,0.0753937,-0.632457,1.196,1.64306,-0.0642871,-0.161685,-0.1528,-0.10576,-0.238328,-0.332983,0.0158479,0.340211,0.100223,-0.226875,0.304728,-0.0619509,0.161597,0.916505,0.969046,-0.857844,0.639832,-0.486077,-0.630113,-0.469278,-0.240443,0.071677,0.241755,0.00814505,-0.0743619,-1.57375,3.69354,-0.254517,1.13282,1.03945,-1.99937,1.68085,2.63806,-1.48861,-3.07022,0.352242,-0.39194,-0.482759,2.81678,-4.47793,0.589437,0.28796,4.45175,-5.09498,-0.969106,0.925871,-0.640002,-2.38276,0.0788877,0.25718,-0.0607285,-0.192347,0.42124,0.74743,-2.61526,1.45218,-0.0992198,-0.510299,0.693841,2.22267,0.111616,7.83464,-0.300114,-0.641099,1.53783,-1.01489,0.688099,0.596215,0.510864,-3.01186,2.17411,0.311332,-0.370174,0.609939,2.45782,0.302203,5.31009,3.72152,-0.377762,-0.756914,-0.124287,-0.221685,-0.1528,-0.10576,-0.238328,-0.332983,0.0158479,0.340211,0.100223,-0.226875,0.454728,-0.211951,0.161597,1.0365,1.08905,-0.857844,0.639832,-0.546077,-0.690113,-0.719278,-0.490443,0.071677,0.241755,0.00814505,-0.0743619,-0.0903642,-0.156174,0.084248,0.149486,-0.523053,-0.346096,0.112881,0.290436,-0.019844,-0.10206,0.572365,-0.26776,0.138768,1.23133,0.175808,-0.822118,0.665779,0.994279,-0.210057,-0.755111,-0.423154,-0.12822,0.307565,0.00994973,-0.0693149,0.99652,0.0180053,0.0812407,0.00481512,0.756024,0.0206796,-0.0522044,-0.652131
0.255936,-0.367402,-0.165472,-0.181797,-0.270277,-0.35251,0.119287,0,0.0211463,-0.397593,0.586586,-0.26158,0,0.124395,0.113354,-0.796662,0.671802,-0.312605,0.0319107,-0.784284,-0.404193,0.0710895,0.223211,0.0115834,-0.0699362,1.27769,0.430654,-0.283168,-0.0915991,1.1345,-0.39598,0.308265,0,-0.312113,-0.906453,0.523093,0.190852,0,-0.192327,-7.70425,0.552673,0.0125409,-1.02497,1.9597,-0.832038,0.419515,-0.270136,2.1161,0.0899167,0.0602383,0,0,0,0.985948,0.0985878,-0.110004,0.990708,0.125722,0.0936924,-0.902397,0.856516,1.69461,-0.10186,-0.087023,-0.153984,-0.0768487,-0.214749,-0.370004,0.0559059,0.419448,0.0698756,-0.29604,0.304179,-0.0659211,0.128523,0.983214,0.891675,-0.845047,0.648412,-0.375331,-0.685913,-0.484439,-0.211425,0.056248,0.218615,0.00946512,-0.0712604,-2.16348,3.78403,0.0973039,1.76637,1.44584,-1.71403,2.23831,4.90416,-1.47037,-3.56096,-0.238677,-0.0433626,-2.22213,3.68596,-3.77434,0.654405,0.506673,8.76261,-1.34688,-0.69462,1.69288,-1.52129,-0.626522,0.0555896,0.0931906,-1.01489,0.688099,0.596215,0.510864,-3.01186,2.17411,0.311332,-0.370174,0.609939,2.45782,0.302203,5.31009,3.72152,-0.377762,-0.756914,-2.39667,1.87646,0.647294,-0.45383,-3.47158,2.2946,0.659862,1.48675,-0.116345,2.23925,0.792188,-0.0377446,7.17097,-1.52339,-2.7806,-0.16186,-0.147023,-0.153984,-0.0768487,-0.214749,-0.370004,0.0559059,0.419448,0.0698756,-0.29604,0.454179,-0.215921,0.128523,1.10321,1.01168,-0.845047,0.648412,-0.435331,-0.745913,-0.734439,-0.461425,0.056248,0.218615,0.00946512,-0.0712604,-0.567446,0.284049,0.119243,0.102173,-0.602372,-0.34994,0.115663,0.434821,0.0622664,-0.0740348,0.580056,-0.264653,0.121988,1.34891,0.271102,-0.808692,0.668796,1.17651,0.555138,-0.770524,-0.412869,-0.0755523,-0.151383,0.0109819,-0.0692848,0.995551,0.0131555,0.0905878,0.0223325,0.757557,0.0245847,-0.0534594,-0.650112
0.284222,-0.394582,-0.174497,-0.191778,-0.275709,-0.35253,0.124592,0,0.00432438,-0.406668,0.590793,-0.258576,0,0.12596,0.102462,-0.787426,0.674787,-0.33329,-0.0114753,-0.794741,-0.398732,0.0643556,0.252153,0.0113239,-0.0719506,1.31868,-0.106246,-0.333605,-0.213838,0.712666,-0.277491,0.295361,0,-0.470808,-0.770647,0.429269,0.178662,0,-0.11116,-5.55635,0.525413,0.0535536,-1.02776,0.721001,-0.739277,0.375565,-0.290104,1.91539,0.0590491,0.0119519,0,0,0,0.979961,0.129429,-0.144053,0.985475,0.137569,0.109942,-0.989823,0.735083,1.13604,-0.150692,-0.0146697,-0.141853,-0.0384112,-0.174898,-0.400526,0.104529,0.522416,0.0446606,-0.347225,0.297325,-0.0650742,0.0223121,1.05972,0.813075,-0.831438,0.659205,-0.187857,-0.692901,-0.500967,-0.178319,-0.0126031,0.208334,0.0105491,-0.0704714,-2.66374,3.45687,1.07344,1.95312,2.39374,-1.32046,2.52866,4.99322,-1.02583,-1.54322,-0.38712,0.0741331,-7.16743,3.94182,-4.12005,0.692371,0.545696,7.87703,0.252959,-0.937253,1.54807,-4.621,-0.432494,0.0472757,0.018456,-2.39667,1.87646,0.647294,-0.45383,-3.47158,2.2946,0.659862,1.48675,-0.116345,2.23925,0.792188,-0.0377446,7.17097,-1.52339,-2.7806,-2.89288,2.10668,0.866728,-0.182244,-3.64841,2.20739,0.380524,1.53484,-0.457365,1.29966,1.50262,-2.02913,8.41022,-1.60233,-2.34391,-0.210692,-0.0746697,-0.141853,-0.0384112,-0.174898,-0.400526,0.104529,0.522416,0.0446606,-0.347225,0.447325,-0.215074,0.0223121,1.17972,0.933075,-0.831438,0.659205,-0.247857,-0.752901,-0.750967,-0.428319,-0.0126031,0.208334,0.0105491,-0.0704714,-1.05529,0.791422,0.129459,-0.090766,-0.694317,-0.35251,0.119287,0.458921,0.131972,0.297349,0.586586,-0.26158,-0.023269,1.23962,0.516094,-0.796662,0.671802,-0.0788723,0.686742,-0.784284,-0.404193,-0.304678,-0.55612,0.0115834,-0.0699362,0.994462,0.00569337,0.0975948,0.0385888,0.757557,0.0245847,-0.0534594,-0.650112
0.306963,-0.402747,-0.177872,-0.19201,-0.271792,-0.346954,0.123977,0,-0.00663081,-0.417147,0.592891,-0.255986,0,0.128591,0.0989991,-0.775585,0.675714,-0.346821,-0.0384216,-0.804235,-0.392118,0.0554786,0.2618,0.0122509,-0.0719813,1.26419,-0.196851,-0.284138,-0.153162,0.557624,-0.110602,0.197531,0,-0.493893,-0.696631,0.331954,0.163905,0,-0.0383331,-3.94139,0.545411,0.0514002,-0.9224,0.100506,-0.659905,0.362107,-0.336228,1.48548,0.0552383,0.00790446,0,0,0,0.978402,0.117201,-0.13957,0.982172,0.152481,0.146979,-0.503556,0.836651,-0.242599,-0.203662,0.043409,-0.102556,-0.00456258,-0.12489,-0.41978,0.155686,0.55836,0.0364352,-0.338329,0.289403,-0.0659116,-0.127939,1.12316,0.734274,-0.816887,0.669107,-0.17691,-0.670154,-0.522871,-0.152864,-0.111018,0.174678,0.0111247,-0.0711493,-2.58979,2.58701,2.61081,1.36073,2.47108,-0.659881,2.52931,-0.135266,0.0775815,2.19364,-0.380308,-0.19754,-6.55561,2.38309,-3.83751,0.71499,0.445821,-4.9352,3.94744,-1.1741,1.02666,-4.84624,-5.37126,0.0248233,-0.0424682,-2.89288,2.10668,0.866728,-0.182244,-3.64841,2.20739,0.380524,1.53484,-0.457365,1.29966,1.50262,-2.02913,8.41022,-1.60233,-2.34391,-2.53395,1.63917,0.634706,-0.15053,-2.99221,2.15766,0.18335,0.819711,-0.56434,1.20569,1.76246,-2.2542,9.09283,-1.52719,-1.33399,-0.263662,-0.016591,-0.102556,-0.00456258,-0.12489,-0.41978,0.155686,0.55836,0.0364352,-0.338329,0.439403,-0.215912,-0.127939,1.24316,0.854274,-0.816887,0.669107,-0.23691,-0.730154,-0.772871,-0.402864,-0.111018,0.174678,0.0111247,-0.0711493,-1.11802,0.854688,0.173346,-0.0364488,-0.729681,-0.35253,0.124592,0.441477,0.0761048,0.306968,0.590793,-0.258576,-0.0914731,0.769828,0.871308,-0.787426,0.674787,-1.07457,0.759747,-0.794741,-0.398732,-0.320465,-0.468782,0.0113239,-0.0719506,0.993518,-0.001682,0.10484,0.0438983,0.762862,0.0328392,-0.0616074,-0.642781
0.326932,-0.401405,-0.17842,-0.187367,-0.2632,-0.33858,0.120402,0,-0.0146526,-0.428327,0.593934,-0.253604,0,0.131757,0.0992501,-0.76244,0.675613,-0.356776,-0.0571481,-0.813248,-0.384927,0.04553,0.2618,0.013771,-0.0710204,1.18446,-0.117663,-0.207124,-0.0375661,0.519215,0.048192,0.0846521,0,-0.466053,-0.655343,0.248015,0.150462,0,0.0206499,-2.75521,0.578951,0.034462,-0.794999,-0.210544,-0.597124,0.36134,-0.384589,1.03984,0.0614688,0.0199478,0,0,0,0.976597,0.105638,-0.132286,0.981844,0.169585,0.157554,-0.080811,1.1109,-0.535356,-0.259724,0.0868293,-0.0496186,0.0136213,-0.0864388,-0.425206,0.20014,0.526689,0.0369981,-0.280327,0.284882,-0.0717385,-0.198147,1.14933,0.665489,-0.802042,0.677063,-0.35029,-0.633786,-0.546779,-0.134789,-0.194507,0.148926,0.011866,-0.071638,-3.03356,1.86896,2.54259,0.508859,1.44558,0.0178771,1.9422,-2.72105,-0.106941,3.25212,-0.0766815,-0.377986,-0.697307,0.398152,-3.03424,0.729985,0.346139,-10.6281,1.05719,-1.16498,0.792743,-3.54209,0.352235,0.0369462,-0.01262,-2.53395,1.63917,0.634706,-0.15053,-2.99221,2.15766,0.18335,0.819711,-0.56434,1.20569,1.76246,-2.2542,9.09283,-1.52719,-1.33399,-2.16519,1.3785,0.223142,0.0791783,-3.00397,1.88176,-0.530231,0.135284,-0.989166,1.35819,1.78065,-1.74779,9.45527,-1.02863,-1.1655,-0.319724,0.0268293,-0.0496186,0.0136213,-0.0864388,-0.425206,0.20014,0.526689,0.0369981,-0.280327,0.434882,-0.221738,-0.198147,1.26933,0.785489,-0.802042,0.677063,-0.41029,-0.693786,-0.796779,-0.384789,-0.194507,0.148926,0.011866,-0.071638,-1.16893,0.759583,0.126941,-0.030106,-0.598441,-0.346954,0.123977,0.431532,0.03667,0.163942,0.592891,-0.255986,-0.112868,0.722846,1.00123,-0.775585,0.675714,-1.1871,0.967217,-0.804235,-0.392118,-0.305438,-0.266797,0.0122509,-0.0719813,0.992664,-0.0059088,0.11416,0.0393882,0.762862,0.0328392,-0.0616074,-0.642781
0.330537,-0.390643,-0.173045,-0.155988,-0.234821,-0.315869,0.108904,0,-0.00824216,-0.43238,0.58642,-0.252239,0,0.163143,0.109857,-0.741514,0.679608,-0.365698,0.00760205,-0.818123,-0.372944,0.032,0.226223,0.0154565,-0.0731759,0.883207,0.0790627,-0.0643644,0.444378,0.78914,0.374396,-0.113214,0,-0.23008,-0.519526,0.0609042,0.125796,0,0.485244,-1.76954,0.719166,0.0840511,-0.690332,0.823872,-0.491118,0.432692,-0.472162,0.194234,0.068311,-0.0183696,0,0,0,0.97476,0.092253,-0.122721,0.982122,0.186499,0.164089,0.0561582,1.42066,-0.105303,-0.318846,0.119608,-0.00777214,0.0235379,-0.0685433,-0.417415,0.232009,0.441554,0.0355102,-0.224647,0.28985,-0.080439,-0.195926,1.17978,0.616795,-0.787165,0.682512,-0.403335,-0.565105,-0.569922,-0.121134,-0.210662,0.147087,0.0130578,-0.0712419,-2.78935,1.46126,1.69479,0.535054,0.466212,0.680925,1.31013,-5.26963,-0.0857105,2.23667,0.50161,-0.467763,0.242724,2.69159,-1.88664,0.725489,0.213571,3.03426,4.02378,-1.06883,0.607481,1.06471,-0.149151,0.0564843,0.025585,-2.16519,1.3785,0.223142,0.0791783,-3.00397,1.88176,-0.530231,0.135284,-0.989166,1.35819,1.78065,-1.74779,9.45527,-1.02863,-1.1655,-2.83774,1.76904,0.56975,0.0504696,-3.42209,1.93449,-0.506622,0.326724,-0.783687,1.29392,1.73265,-2.78312,8.54083,-0.969157,-0.917038,-0.378846,0.0596084,-0.00777214,0.0235379,-0.0685433,-0.417415,0.232009,0.441554,0.0355102,-0.224647,0.43985,-0.230439,-0.195926,1.29978,0.736795,-0.787165,0.682512,-0.463335,-0.625105,-0.819922,-0.371134,-0.210662,0.147087,0.0130578,-0.0712419,-1.14259,0.62925,0.0446285,0.0158357,-0.600793,-0.33858,0.120402,0.376351,-0.106046,0.0270567,0.593934,-0.253604,-0.197833,0.799095,1.01033,-0.76244,0.675613,-0.933895,0.859074,-0.813248,-0.384927,-0.205726,-0.2331,0.013771,-0.0710204,0.991246,-0.00727854,0.126871,0.0358105,0.76382,0.0359952,-0.0589445,-0.641724
0.321415,-0.385472,-0.168768,-0.116959,-0.200619,-0.29289,0.0993434,0,-0.00241252,-0.434526,0.576183,-0.251029,0,0.220702,0.130613,-0.724834,0.6815,-0.380625,0.0546148,-0.818862,-0.363786,0.0157221,0.168791,0.0154,-0.0740923,0.481411,0.132914,0.0191027,0.896511,1.06542,0.606772,-0.222666,0,-0.0736111,-0.395865,-0.110924,0.10621,0,1.20306,-0.927334,0.753608,0.0872064,-0.707135,1.2819,-0.35487,0.440245,-0.574682,-0.725521,0.0469693,-0.0266049,0,0,0,0.969816,0.11162,-0.136528,0.985215,0.202031,0.12997,0.215244,1.61692,0.576905,-0.373271,0.148934,0.0161254,0.0266811,-0.0696539,-0.398255,0.252209,0.333098,0.0241993,-0.194809,0.302087,-0.0910763,-0.171436,1.23777,0.587428,-0.772033,0.685977,-0.402614,-0.444466,-0.585532,-0.109097,-0.182254,0.135537,0.0144905,-0.0720502,-2.8387,1.47058,0.80103,-0.382904,-0.508761,1.11314,0.765235,-5.16499,-1.07973,0.910307,0.635485,-0.61516,1.88769,2.3648,-1.24641,0.741672,0.134051,-5.11324,9.65845,-0.503252,0.575589,0.990418,-1.3941,0.0664663,-0.0557691,-2.83774,1.76904,0.56975,0.0504696,-3.42209,1.93449,-0.506622,0.326724,-0.783687,1.29392,1.73265,-2.78312,8.54083,-0.969157,-0.917038,-2.43052,1.52409,0.68906,0.868996,-3.15876,1.67933,-0.672732,0.347226,-0.942362,1.1477,1.70882,-2.61745,7.94165,-0.786742,-0.80484,-0.433271,0.0889337,0.0161254,0.0266811,-0.0696539,-0.398255,0.252209,0.333098,0.0241993,-0.194809,0.452087,-0.241076,-0.171436,1.35777,0.707428,-0.772033,0.685977,-0.462614,-0.504466,-0.835532,-0.359097,-0.182254,0.135537,0.0144905,-0.0720502,-1.28966,0.824522,0.11395,0.0100939,-0.684417,-0.315869,0.108904,0.386898,-0.101324,0.0653448,0.58642,-0.252239,-0.156737,0.76696,0.986327,-0.741514,0.679608,-1.45156,1.07608,-0.818123,-0.372944,-0.193831,-0.183408,0.0154565,-0.0731759,0.989112,-0.0061095,0.142243,0.0372535,0.760655,0.0256787,-0.0409986,-0.647351
0.286837,-0.391481,-0.166686,-0.0626257,-0.154773,-0.269372,0.0936563,0,0.00225547,-0.43286,0.560499,-0.250129,0,0.330608,0.171669,-0.716649,0.679184,-0.407561,0.0661529,-0.811329,-0.360281,-0.00605167,0.0676475,0.0118593,-0.0725305,-0.181681,0.00289809,0.0445986,1.44255,1.43349,0.777498,-0.241172,0,0.0184919,-0.252123,-0.312901,0.0878567,0,2.49073,-0.0333065,0.650298,0.0263027,-0.899038,1.0704,-0.135408,0.360743,-0.728884,-2.02501,-0.0202321,0.00480409,0,0,0,0.960332,0.117587,-0.145364,0.984896,0.237975,0.127096,0.43439,1.92496,0.591904,-0.434102,0.172751,0.0303157,0.0137395,-0.088582,-0.373787,0.26047,0.240787,-0.000258611,-0.179871,0.314814,-0.103679,-0.153244,1.25753,0.571236,-0.756522,0.687975,-0.572995,-0.223287,-0.589801,-0.0971075,-0.169301,0.1358,0.0151969,-0.0732437,-3.22059,0.913633,0.793729,-0.771313,-1.30328,1.25374,0.136821,-4.04329,-1.14911,0.833937,0.637642,-0.676138,-0.135976,-0.180067,-0.625124,0.762392,0.0639209,-10.0957,17.0602,-0.015688,0.557753,0.455785,-1.15187,0.023427,-0.0489654,-2.43052,1.52409,0.68906,0.868996,-3.15876,1.67933,-0.672732,0.347226,-0.942362,1.1477,1.70882,-2.61745,7.94165,-0.786742,-0.80484,-0.540197,0.0362622,-1.32983,3.3116,-1.88935,0.929361,-1.87397,0.374483,-1.67032,0.820626,1.69904,-2.12506,6.48835,0.139981,-0.289565,-0.494102,0.112751,0.0303157,0.0137395,-0.088582,-0.373787,0.26047,0.240787,-0.000258611,-0.179871,0.464814,-0.253679,-0.153244,1.37753,0.691236,-0.756522,0.687975,-0.632995,-0.283287,-0.839801,-0.347107,-0.169301,0.1358,0.0151969,-0.0732437,-1.27526,0.702045,0.137812,0.173799,-0.631753,-0.29289,0.0993434,0.335866,-0.134546,0.0694451,0.576183,-0.251029,-0.188472,0.693849,0.974409,-0.724834,0.6815,-1.36873,1.47846,-0.818862,-0.363786,-0.157348,-0.160968,0.0154,-0.0740923,0.986191,-0.00206924,0.160114,0.0422616,0.760655,0.0256787,-0.0409986,-0.647351
0.247668,-0.382494,-0.168802,-0.00709927,-0.112643,-0.247884,0.0898352,0,-0.0100591,-0.448368,0.542534,-0.24927,0,0.451243,0.198152,-0.720361,0.673827,-0.412203,0.0620387,-0.794707,-0.359453,-0.028993,0.00641705,0.00246399,-0.0694642,-0.714716,0.136832,-0.000522905,1.84268,1.6354,0.866568,-0.226137,0,-0.171774,-0.409106,-0.488511,0.0743801,0,3.55304,0.373936,0.399537,-0.0619408,-0.69896,0.687569,0.154539,0.264943,-0.854338,-2.33597,-0.155091,0.0493578,0,0,0,0.955859,0.121261,-0.133273,0.990708,0.261862,0.0615854,0.915919,1.9787,-0.971974,-0.480255,0.177489,0.0522208,0.0135146,-0.118193,-0.334941,0.247972,0.16547,0.00651228,-0.133526,0.333197,-0.118993,-0.239835,1.23464,0.569914,-0.73841,0.689878,-0.687572,0.300115,-0.587111,-0.0854165,-0.125693,0.0905567,0.0138845,-0.0726828,-1.09987,-0.24767,1.28727,0.680213,-1.66082,2.62643,-1.24481,-3.47661,2.3059,3.46319,1.12784,-0.853648,-7.19919,-0.318516,0.51512,0.956308,0.0919618,-1.22935,31.0017,0.308715,0.574266,4.32562,-2.66715,-0.0772937,0.0507859,-0.540197,0.0362622,-1.32983,3.3116,-1.88935,0.929361,-1.87397,0.374483,-1.67032,0.820626,1.69904,-2.12506,6.48835,0.139981,-0.289565,1.52603,-0.877753,-2.05087,6.07208,-1.33136,0.413112,-1.37738,-0.00287451,-1.79966,-0.397106,1.32871,0.254727,3.52937,1.05885,0.561097,-0.540255,0.117489,0.0522208,0.0135146,-0.118193,-0.334941,0.247972,0.16547,0.00651228,-0.133526,0.483197,-0.268993,-0.239835,1.35464,0.689914,-0.73841,0.689878,-0.747572,0.240115,-0.837111,-0.335416,-0.125693,0.0905567,0.0138845,-0.0726828,-0.330098,-0.0418689,-0.265966,0.662321,-0.377869,-0.269372,0.0936563,0.185872,-0.374794,0.0748966,0.560499,-0.250129,-0.334065,0.539198,0.969518,-0.716649,0.679184,-1.12253,2.06972,-0.811329,-0.360281,0.0279962,-0.0579129,0.0118593,-0.0725305,0.982894,0.00190655,0.180174,0.0381215,0.762047,0.00668505,-0.0136394,-0.647344
0.206203,-0.366009,-0.173018,0.0490239,-0.0723706,-0.227411,0.0869472,0,-0.0308649,-0.472463,0.523428,-0.248432,0,0.577244,0.217349,-0.73002,0.66695,-0.405699,0.0500985,-0.773541,-0.359963,-0.052518,-0.034857,-0.00985856,-0.0656456,-1.12228,0.343058,-0.0635922,2.13173,1.74886,0.913698,-0.201617,0,-0.432329,-0.647794,-0.628551,0.0646313,0,4.37714,0.549717,0.134782,-0.146519,-0.391701,0.302195,0.425664,0.177809,-0.950912,-2.25429,-0.293402,0.0918293,0,0,0,0.950193,0.0729451,-0.0874474,0.99557,0.299144,0.0593294,1.53623,1.79367,-2.78085,-0.480233,0.160574,0.0822024,0.0420265,-0.158693,-0.262392,0.203789,0.102553,0.0810555,-0.043151,0.357084,-0.136429,-0.388016,1.2378,0.597598,-0.721014,0.690548,-0.6909,0.851848,-0.570384,-0.0736342,-0.0682015,0.0593531,0.00849931,-0.0702547,0.722828,-1.27042,1.46781,1.86666,-2.31084,4.41064,-2.96647,-2.74221,4.32288,4.99769,1.16895,-0.821869,-6.22561,0.359274,2.33329,0.69824,-0.0297723,0.0711019,17.0201,1.29748,0.556735,0.639641,-0.692141,-0.273542,0.120121,1.52603,-0.877753,-2.05087,6.07208,-1.33136,0.413112,-1.37738,-0.00287451,-1.79966,-0.397106,1.32871,0.254727,3.52937,1.05885,0.561097,2.20058,-2.50038,-2.0898,8.38262,-0.374283,0.931898,-3.06437,-0.456496,-1.55559,-0.202528,1.8229,7.08554,-0.775612,3.43428,2.45595,-0.540233,0.100574,0.0822024,0.0420265,-0.158693,-0.262392,0.203789,0.102553,0.0810555,-0.043151,0.507084,-0.286429,-0.388016,1.3578,0.717598,-0.721014,0.690548,-0.7509,0.791848,-0.820384,-0.323634,-0.0682015,0.0593531,0.00849931,-0.0702547,0.262526,-0.498876,-0.410174,1.21442,-0.266271,-0.247884,0.0898352,0.0826224,-0.275477,-0.000574902,0.542534,-0.24927,-0.359931,0.512463,0.784353,-0.720361,0.673827,0.0673635,1.70468,-0.794707,-0.359453,0.21177,0.112219,0.00246399,-0.0694642,0.979894,0.0034754,0.19895,0.0146759,0.762047,0.00668505,-0.0136394,-0.647344
0.165896,-0.328581,-0.170489,0.0914959,-0.0265473,-0.207205,0.0773794,0,-0.0552857,-0.48813,0.500602,-0.250641,0,0.705996,0.205517,-0.750376,0.669365,-0.347117,0.0348766,-0.740687,-0.353726,-0.0833978,-0.0535391,-0.022694,-0.0614532,-1.3902,0.801567,-0.00658563,2.12929,1.91155,0.942672,-0.284647,0,-0.668942,-0.688463,-0.782371,0.0121059,0,4.99527,0.207319,-0.210985,-0.0663311,0.604537,-0.0167922,0.790776,0.218032,-1.12883,-1.85823,-0.397914,0.127166,0,0,0,0.946811,0.0021338,0.00185103,0.999925,0.321783,-0.0120305,1.29139,1.7629,-3.23635,-0.460351,0.116373,0.100655,0.0863048,-0.202196,-0.165723,0.128187,0.0760482,0.167614,0.0529659,0.379819,-0.145457,-0.422362,1.24504,0.676723,-0.71477,0.687158,-0.684396,0.908801,-0.536322,-0.0668562,-0.0736653,0.108968,-0.000833279,-0.0669504,1.14346,-2.95034,0.411671,2.43706,-1.95466,5.01646,-4.31358,-0.0189031,4.17935,4.39327,1.08245,-0.0737684,2.04336,0.297319,5.00408,-0.0211623,-0.273549,0.499058,-4.05121,1.93861,0.0943985,-0.780589,4.62601,-0.436712,0.140551,2.20058,-2.50038,-2.0898,8.38262,-0.374283,0.931898,-3.06437,-0.456496,-1.55559,-0.202528,1.8229,7.08554,-0.775612,3.43428,2.45595,2.55081,-2.64789,-1.58695,6.97729,-1.19904,1.10088,-3.75046,-0.340854,-0.269277,1.27617,1.32072,10.1788,-1.11539,3.55899,2.20721,-0.520351,0.0563732,0.100655,0.0863048,-0.202196,-0.165723,0.128187,0.0760482,0.167614,0.0529659,0.529819,-0.295457,-0.422362,1.36504,0.796723,-0.71477,0.687158,-0.744396,0.848801,-0.786322,-0.316856,-0.0736653,0.108968,-0.000833279,-0.0669504,0.313179,-0.768049,-0.41796,1.59803,-0.0748565,-0.227411,0.0869472,0.18638,-0.612874,-0.0912992,0.523428,-0.248432,-0.311117,0.53445,1.03145,-0.73002,0.66695,0.752655,0.142852,-0.773541,-0.359963,0.686857,0.49119,-0.00985856,-0.0656456,0.976325,0.00169945,0.215376,-0.0199776,0.769293,-0.0156113,0.0121309,-0.63859
0.121072,-0.289283,-0.166817,0.126005,0.0154514,-0.189105,0.0666175,0,-0.0813222,-0.500831,0.477988,-0.25362,0,0.838472,0.190261,-0.775656,0.672925,-0.284634,0.0207145,-0.706185,-0.348722,-0.104516,-0.0697152,-0.0339873,-0.059552,-1.64549,1.15056,0.0504748,2.00813,1.96806,0.931376,-0.360682,0,-0.858807,-0.672434,-0.886865,-0.0362115,0,5.48383,-0.0837144,-0.526896,0.00696383,1.36042,-0.224185,1.07107,0.227684,-1.10696,-1.5434,-0.447939,0.117535,0,0,0,0.93234,-0.0527218,0.0718539,0.996597,0.35437,-0.0633651,0.708249,1.66554,-2.91243,-0.434809,0.0487078,0.0958422,0.130527,-0.238842,-0.068114,0.0390069,0.107338,0.234286,0.116814,0.396287,-0.137524,-0.20585,1.24645,0.781934,-0.724798,0.680408,-0.669865,0.666238,-0.492855,-0.072023,-0.105126,0.208837,-0.0125185,-0.0635259,1.43925,-3.61181,-0.690261,2.00516,-1.73542,4.64258,-4.3785,2.81775,2.55326,2.15387,0.603948,0.779314,16.2908,-0.251813,5.18638,-0.848337,-0.371136,0.913146,-17.1715,2.24335,-0.548377,-2.7854,4.86255,-0.521207,0.139129,2.55081,-2.64789,-1.58695,6.97729,-1.19904,1.10088,-3.75046,-0.340854,-0.269277,1.27617,1.32072,10.1788,-1.11539,3.55899,2.20721,2.48728,-2.29075,-1.57729,5.49977,-1.13377,1.48878,-4.71964,-0.486035,1.30079,1.44708,1.56622,11.4035,-0.739771,3.2875,1.64219,-0.494809,-0.0112922,0.0958422,0.130527,-0.238842,-0.068114,0.0390069,0.107338,0.234286,0.116814,0.546287,-0.287524,-0.20585,1.36645,0.901934,-0.724798,0.680408,-0.729865,0.606238,-0.742855,-0.322023,-0.105126,0.208837,-0.0125185,-0.0635259,0.344745,-0.858914,-0.31739,1.39546,-0.239807,-0.207205,0.0773794,0.220176,-0.750092,-0.0681708,0.500602,-0.250641,-0.0538554,0.758085,0.78036,-0.750376,0.669365,0.780557,-0.617693,-0.740687,-0.353726,0.711798,0.441442,-0.022694,-0.0614532,0.971591,-0.00428459,0.230762,-0.0523683,0.771905,-0.0386161,0.0293843,-0.633884
0.0672172,-0.246248,-0.160857,0.144587,0.049801,-0.175215,0.0534674,0,-0.11059,-0.507599,0.455799,-0.258139,0,0.978398,0.168158,-0.810787,0.678773,-0.214348,0.00867225,-0.668388,-0.346185,-0.106111,-0.0808794,-0.0421962,-0.062233,-1.95967,1.45093,0.124729,1.68442,1.89289,0.86031,-0.44973,0,-1.04018,-0.57222,-0.953651,-0.0931337,0,5.93757,-0.39015,-0.895785,0.0925981,2.00658,-0.337564,1.31671,0.197433,-0.798798,-1.24785,-0.436691,0.0420586,0,0,0,0.917033,-0.0983826,0.110624,0.993817,0.383161,-0.0514672,-0.130137,1.52494,-1.92849,-0.409001,-0.0271732,0.0666193,0.154341,-0.271812,0.0137454,-0.0423065,0.199497,0.249632,0.129282,0.402673,-0.114065,0.2421,1.23751,0.881834,-0.748688,0.67368,-0.654119,0.312582,-0.447375,-0.0880277,-0.158081,0.278794,-0.0244853,-0.0611543,1.12899,-3.90882,-1.98205,0.566097,-1.55989,3.5465,-3.67698,5.96304,-0.632718,-0.514737,0.100635,1.45733,23.9659,-0.456022,4.75943,-1.39783,-0.30767,0.624798,-16.8399,2.21934,-0.967983,-1.92345,2.41017,-0.512409,0.0820985,2.48728,-2.29075,-1.57729,5.49977,-1.13377,1.48878,-4.71964,-0.486035,1.30079,1.44708,1.56622,11.4035,-0.739771,3.2875,1.64219,1.91769,-1.71638,-1.21845,3.15851,-0.884394,1.78413,-4.11572,-0.762003,2.39202,1.73798,1.13263,12.2052,-0.804016,2.73692,1.31918,-0.469001,-0.0871732,0.0666193,0.154341,-0.271812,0.0137454,-0.0423065,0.199497,0.249632,0.129282,0.552673,-0.264065,0.2421,1.35751,1.00183,-0.748688,0.67368,-0.714119,0.252582,-0.697375,-0.338028,-0.158081,0.278794,-0.0244853,-0.0611543,0.378503,-0.944954,-0.315458,1.09995,-0.226755,-0.189105,0.0666175,0.297756,-0.943927,-0.097207,0.477988,-0.25362,0.260159,0.84354,0.903109,-0.775656,0.672925,0.815792,-0.429886,-0.706185,-0.348722,0.6575,0.328438,-0.0339873,-0.059552,0.966408,-0.0127382,0.245417,-0.0752648,0.771905,-0.0386161,0.0293843,-0.633884
0.0042218,-0.203826,-0.156927,0.1537,0.0769813,-0.167667,0.0389175,0,-0.144417,-0.518054,0.43769,-0.262877,0,1.1086,0.144392,-0.854318,0.682873,-0.134687,-0.00502668,-0.635543,-0.348694,-0.112288,-0.0916833,-0.0451093,-0.0641388,-2.3167,1.65197,0.146261,1.31579,1.73273,0.715443,-0.533059,0,-1.23553,-0.557377,-0.939193,-0.136259,0,6.10929,-0.629597,-1.28002,0.126319,2.59952,-0.441779,1.41438,0.100567,-0.651807,-1.03555,-0.34938,0.000854452,0,0,0,0.898268,-0.117651,0.135766,0.990659,0.41795,-0.0689457,-0.666246,1.24476,-1.36463,-0.382313,-0.100947,0.0234633,0.14847,-0.30324,0.0681625,-0.0998931,0.343521,0.203224,0.0959291,0.399174,-0.0825603,0.662043,1.21974,0.956585,-0.781608,0.669329,-0.602165,0.0256425,-0.404068,-0.109262,-0.140235,0.300994,-0.0348506,-0.0617048,1.61719,-3.50233,-2.08734,-0.935884,-1.55576,2.03985,-2.17194,7.68058,-3.58469,-2.38423,-0.373919,1.59636,15.7103,-1.2124,2.79859,-1.7396,-0.148808,2.88126,-12.083,2.04584,-1.08676,2.56249,0.259857,-0.424838,-0.0581141,1.91769,-1.71638,-1.21845,3.15851,-0.884394,1.78413,-4.11572,-0.762003,2.39202,1.73798,1.13263,12.2052,-0.804016,2.73692,1.31918,0.733172,-1.38656,-0.191426,1.57801,-1.13833,1.82221,-2.01171,-0.597183,2.92604,2.04857,0.871572,12.1865,-1.38889,1.96212,1.37383,-0.442313,-0.160947,0.0234633,0.14847,-0.30324,0.0681625,-0.0998931,0.343521,0.203224,0.0959291,0.549174,-0.23256,0.662043,1.33974,1.07659,-0.781608,0.669329,-0.662165,-0.0343575,-0.654068,-0.359262,-0.140235,0.300994,-0.0348506,-0.0617048,0.395693,-0.918192,-0.24369,0.631703,-0.176879,-0.175215,0.0534674,0.356827,-0.823144,-0.152401,0.455799,-0.258139,0.478404,0.988989,0.686317,-0.810787,0.678773,0.817121,-0.462008,-0.668388,-0.346185,0.547385,0.263836,-0.0421962,-0.062233,0.961565,-0.0224172,0.259505,-0.0868812,0.77435,-0.0539025,0.0366462,-0.629392
-0.0633437,-0.161711,-0.154012,0.158078,0.100577,-0.163289,0.0236679,0,-0.180524,-0.530352,0.421621,-0.267724,0,1.23393,0.119794,-0.902049,0.686099,-0.0503393,-0.0195539,-0.605173,-0.353726,-0.120755,-0.102307,-0.0453745,-0.0656569,-2.63517,1.7881,0.146111,0.986733,1.56684,0.566475,-0.601886,0,-1.40648,-0.574641,-0.898468,-0.168086,0,6.15654,-0.809681,-1.61198,0.136812,3.08488,-0.527154,1.44561,-0.00508479,-0.583273,-0.884241,-0.248544,-0.0221736,0,0,0,0.884551,-0.145341,0.151793,0.988187,0.441053,-0.048607,-0.208756,1.07918,-2.33935,-0.333658,-0.16756,0.00440756,0.125405,-0.334016,0.0901026,-0.123253,0.483534,0.128084,0.0501529,0.385684,-0.0556568,0.800083,1.1828,0.984521,-0.819991,0.668058,-0.479315,-0.194831,-0.365067,-0.129929,-0.0918803,0.298465,-0.0414819,-0.063486,3.15664,-3.21746,0.0810053,-1.26324,-1.45967,0.428478,-0.412106,5.94547,-3.64886,-2.0771,-0.881711,1.10664,-0.380872,-2.30683,0.222305,-1.92783,0.00806811,8.75496,-10.1882,1.78029,-0.931545,2.42564,-0.297427,-0.240255,-0.0759542,0.733172,-1.38656,-0.191426,1.57801,-1.13833,1.82221,-2.01171,-0.597183,2.92604,2.04857,0.871572,12.1865,-1.38889,1.96212,1.37383,-0.756072,-0.471514,1.60771,1.49327,-3.16355,2.22346,-0.217474,-0.424292,3.17916,3.05264,-0.0448265,11.9836,-1.86541,1.01202,1.43297,-0.393658,-0.22756,0.00440756,0.125405,-0.334016,0.0901026,-0.123253,0.483534,0.128084,0.0501529,0.535684,-0.205657,0.800083,1.3028,1.10452,-0.819991,0.668057,-0.539315,-0.254831,-0.615067,-0.379929,-0.0918803,0.298465,-0.0414819,-0.063486,0.306586,-0.753281,-0.0382853,0.315602,-0.227667,-0.167667,0.0389175,0.364442,-0.402341,-0.119437,0.43769,-0.262877,0.585208,1.14428,0.555786,-0.854318,0.682873,0.981899,-0.754443,-0.635543,-0.348694,0.392424,0.274765,-0.0451093,-0.0641388,0.956741,-0.0346504,0.271061,-0.0998595,0.77435,-0.0539025,0.0366462,-0.629392
-0.123625,-0.127974,-0.14619,0.185764,0.114275,-0.158745,0.00511046,0,-0.176418,-0.539826,0.412076,-0.274679,0,1.32146,0.115499,-0.947212,0.692188,-0.0320623,-0.0455464,-0.58838,-0.360856,-0.114527,-0.104693,-0.0326087,-0.0660113,-2.74884,1.75773,0.219594,1.10601,1.30226,0.46469,-0.699681,0,-0.922941,-0.544359,-0.772105,-0.221987,0,5.62255,-0.631214,-1.80582,0.18711,2.43357,-0.758894,1.26382,-0.110518,-0.314876,-0.654766,0.0175068,-0.0208372,0,0,0,0.859336,-0.205502,0.206655,0.977157,0.467798,-0.0541655,-0.313271,1.30417,-2.66329,-0.275999,-0.222155,0.0251775,0.103162,-0.363725,0.0750167,-0.112765,0.549895,0.0574779,-0.00954606,0.368673,-0.0404326,0.683041,1.14423,0.947764,-0.860047,0.668538,-0.109009,-0.394174,-0.336402,-0.147388,-0.0152515,0.295085,-0.0446055,-0.0653002,2.46257,-2.32894,1.74663,-0.904492,-1.48996,-1.64367,1.16616,0.828797,-3.31344,-3.84522,-0.801827,0.500651,-8.39461,-1.24391,-3.5676,-1.91403,0.052027,23.8713,-9.65866,1.10914,-0.761928,4.17683,-0.0237605,-0.103546,-0.0723327,-0.756072,-0.471514,1.60771,1.49327,-3.16355,2.22346,-0.217474,-0.424292,3.17916,3.05264,-0.0448265,11.9836,-1.86541,1.01202,1.43297,-2.40076,1.48961,3.29751,-0.0524328,-4.23347,2.04597,0.544939,-0.90612,4.77576,3.88199,0.253636,9.47576,-1.35978,0.665276,1.14457,-0.335999,-0.282155,0.0251775,0.103162,-0.363725,0.0750167,-0.112765,0.549895,0.0574779,-0.00954606,0.518673,-0.190433,0.683041,1.26423,1.06776,-0.860047,0.668538,-0.169009,-0.454174,-0.586402,-0.397388,-0.0152515,0.295085,-0.0446055,-0.0653002,-0.438036,-0.295757,0.321543,0.298653,-0.632709,-0.163289,0.0236679,0.444692,-0.0434948,-0.0848584,0.421621,-0.267724,0.635833,1.64632,0.277363,-0.902049,0.686099,1.39843,-0.992705,-0.605173,-0.353726,0.202405,0.286594,-0.0453745,-0.0656569,0.950751,-0.0503237,0.281068,-0.120585,0.782636,-0.062701,0.0404547,-0.617992
-0.180264,-0.0953216,-0.133995,0.214019,0.125961,-0.151813,-0.014575,0,-0.164538,-0.544045,0.403654,-0.283022,0,1.39675,0.112261,-0.986269,0.697813,-0.036167,-0.070524,-0.575304,-0.368269,-0.097283,-0.104207,-0.0175003,-0.0692733,-2.77377,1.7202,0.336643,1.19803,1.08687,0.429271,-0.785059,0,-0.467865,-0.44433,-0.666792,-0.28054,0,5.06505,-0.490406,-1.84994,0.215342,1.64193,-0.905891,1.08081,-0.188546,0.0382508,-0.451045,0.238881,-0.0635169,0,0,0,0.831998,-0.243707,0.234358,0.968649,0.502848,-0.048219,-1.65328,1.0661,-0.819368,-0.255017,-0.231497,0.052756,0.0845311,-0.400076,0.01708,-0.0733622,0.533175,-0.028454,-0.151591,0.356079,-0.0344154,0.693644,1.1617,0.828272,-0.898671,0.670792,0.518849,-0.540009,-0.321208,-0.158492,0.0551529,0.291109,-0.0397221,-0.0665077,-0.095856,1.04928,1.18509,-0.877889,-1.94716,-3.85294,2.55037,-2.19624,-4.84128,-9.59862,-0.56196,0.157075,8.52307,2.87285,-7.82612,-1.81585,0.172518,35.4366,-5.3174,0.478858,-0.357795,2.89506,-0.318223,0.301988,-0.040572,-2.40076,1.48961,3.29751,-0.0524328,-4.23347,2.04597,0.544939,-0.90612,4.77576,3.88199,0.253636,9.47576,-1.35978,0.665276,1.14457,-4.65386,3.20341,3.52992,-1.17332,-6.20098,1.28654,-0.273227,-0.204111,3.72621,4.61237,0.488004,4.92495,-1.1698,0.0786557,-0.49909,-0.315017,-0.291497,0.052756,0.0845311,-0.400076,0.01708,-0.0733622,0.533175,-0.028454,-0.151591,0.506079,-0.184415,0.693644,1.2817,0.948272,-0.898671,0.670792,0.458849,-0.600009,-0.571208,-0.408492,0.0551529,0.291109,-0.0397221,-0.0665077,-1.10093,0.486486,0.659502,-0.0104866,-0.846693,-0.158745,0.00511046,0.409194,0.108988,-0.181224,0.412076,-0.274679,0.955153,2.061,0.246818,-0.947212,0.692188,2.52456,-0.739888,-0.58838,-0.360856,0.133055,0.228914,-0.0326087,-0.0660113,0.944413,-0.0654251,0.294656,-0.130312,0.789869,-0.0682965,0.0401716,-0.608135
-0.22962,-0.0648371,-0.113052,0.243411,0.133623,-0.140103,-0.0365166,0,-0.137112,-0.537753,0.397481,-0.294142,0,1.44754,0.111142,-1.01312,0.702507,-0.0850349,-0.0934723,-0.569662,-0.376244,-0.0580057,-0.097976,0.0022933,-0.0783508,-2.68198,1.66141,0.549798,1.2795,0.875737,0.47614,-0.878666,0,0.0838899,-0.21665,-0.559355,-0.363173,0,4.30738,-0.360079,-1.69768,0.221148,0.416332,-0.978347,0.841204,-0.251616,0.615935,-0.22226,0.46412,-0.180624,0,0,0,0.818275,-0.228943,0.20758,0.973056,0.536038,-0.027327,-2.14165,1.16596,0.396196,-0.279383,-0.175578,0.0809968,0.0564275,-0.439008,-0.0777217,-0.0100004,0.427521,-0.132651,-0.355744,0.338452,-0.037467,0.836719,1.28456,0.685362,-0.932737,0.676265,0.983556,-0.643575,-0.316479,-0.161997,0.0832195,0.272062,-0.0285053,-0.0685282,-1.99801,4.29666,1.69343,-1.90335,-1.67986,-5.24549,3.63579,-7.69014,-5.23307,-9.09254,-1.262,-0.366791,3.71011,8.83825,-5.15439,-1.52482,0.355614,5.90051,-5.74095,0.0545513,0.0330084,0.382088,0.813785,0.530563,-0.0977508,-4.65386,3.20341,3.52992,-1.17332,-6.20098,1.28654,-0.273227,-0.204111,3.72621,4.61237,0.488004,4.92495,-1.1698,0.0786557,-0.49909,-5.97064,3.74486,2.83873,-0.488173,-7.71604,1.50138,-1.66634,1.76445,1.95688,3.78663,1.00637,-2.18427,5.40563,-0.654042,-3.80285,-0.339383,-0.235578,0.0809968,0.0564275,-0.439008,-0.0777217,-0.0100004,0.427521,-0.132651,-0.355744,0.488452,-0.187467,0.836719,1.40456,0.805362,-0.932737,0.676265,0.923556,-0.703575,-0.566479,-0.411997,0.0832195,0.272062,-0.0285053,-0.0685282,-1.15101,0.570983,0.705984,-0.234664,-1.2402,-0.151813,-0.014575,0.257308,-0.0546455,-0.0408222,0.403654,-0.283022,0.745243,2.19483,0.364002,-0.986269,0.697813,2.40248,-0.644899,-0.575304,-0.368269,0.0157311,-0.0998179,-0.0175003,-0.0692733,0.938918,-0.0752781,0.31284,-0.122055,0.789869,-0.0682965,0.0401716,-0.608135
-0.268869,-0.035133,-0.0857459,0.268154,0.139584,-0.123212,-0.0598933,0,-0.102191,-0.520753,0.391528,-0.308233,0,1.47467,0.111394,-1.02426,0.704144,-0.123944,-0.114192,-0.566923,-0.386391,-0.0286522,-0.0941668,0.0143138,-0.0863292,-2.46613,1.60855,0.794452,1.26678,0.702437,0.586664,-0.965716,0,0.582536,0.103339,-0.48085,-0.465583,0,3.42221,-0.248268,-1.35545,0.179363,-0.292205,-0.995632,0.629915,-0.328337,0.871457,-0.0984444,0.505191,-0.246112,0,0,0,0.798836,-0.198743,0.16751,0.980007,0.577755,-0.00934352,-2.06276,1.4206,0.931086,-0.332011,-0.0878311,0.120386,0.00639787,-0.455733,-0.185755,0.0632477,0.252831,-0.230741,-0.468977,0.300154,-0.0479668,0.683607,1.49189,0.600424,-0.958827,0.686197,0.869503,-0.667728,-0.318022,-0.154006,0.0564737,0.304779,-0.0120507,-0.0752044,-2.96237,4.21555,2.18796,-2.94971,-0.505696,-5.23736,3.43706,-8.69246,-4.33478,-3.012,-2.41278,-0.70029,-15.5688,11.1927,-4.12812,-1.07758,0.260155,-12.6931,3.72366,-0.24553,0.421136,-2.42367,-2.57583,0.765363,-0.841697,-5.97064,3.74486,2.83873,-0.488173,-7.71604,1.50138,-1.66634,1.76445,1.95688,3.78663,1.00637,-2.18427,5.40563,-0.654042,-3.80285,-4.37762,3.59915,2.11017,1.00591,-7.29479,1.43676,-2.10155,3.47895,3.0645,4.72539,0.991913,-1.88615,8.11139,0.0990606,-6.71144,-0.392011,-0.147831,0.120386,0.00639787,-0.455733,-0.185755,0.0632477,0.252831,-0.230741,-0.468977,0.450154,-0.197967,0.683607,1.61189,0.720424,-0.958827,0.686197,0.809503,-0.727728,-0.568022,-0.404006,0.0564737,0.304779,-0.0120507,-0.0752044,-1.22822,0.717107,0.567745,-0.0976345,-1.54321,-0.140103,-0.0365166,0.300276,-0.333267,0.35289,0.397481,-0.294142,0.45898,2.01331,0.623183,-1.01312,0.702507,-0.281419,0.509377,-0.569662,-0.376244,-0.130808,-0.760569,0.0022933,-0.0783508,0.933225,-0.0789711,0.33365,-0.107389,0.789011,-0.0691887,0.0355938,-0.609432
-0.303066,-0.00581923,-0.0552582,0.290571,0.144695,-0.10373,-0.0839875,0,-0.0635229,-0.4984,0.385684,-0.323809,0,1.48998,0.112333,-1.02754,0.704253,-0.157874,-0.133796,-0.565637,-0.397624,-0.00426058,-0.0915687,0.0224477,-0.093758,-2.23925,1.56569,1.01343,1.22301,0.568374,0.702888,-1.03741,0,0.987796,0.407639,-0.424248,-0.559552,0,2.62519,-0.159709,-0.998071,0.127187,-0.71349,-0.991014,0.460233,-0.398327,0.975894,-0.0299398,0.475643,-0.283711,0,0,0,0.778171,-0.17211,0.138934,0.985066,0.612493,-0.0047815,-1.60073,1.68373,0.844752,-0.400616,-0.0135796,0.16048,-0.0506997,-0.450037,-0.273084,0.107568,0.116171,-0.295914,-0.433641,0.250059,-0.0674835,0.438583,1.74341,0.512588,-0.973933,0.6785,0.452984,-0.52249,-0.329617,-0.154649,0.0228829,0.0747784,0.00358897,-0.0970358,-3.71333,3.44964,1.79983,-2.67708,0.863162,-3.64167,1.40506,-4.8684,-2.3939,5.78858,-2.51307,-1.16847,-6.60038,13.4932,-4.39539,-0.555314,-0.160122,-25.5169,7.94022,-0.77456,0.0182512,-0.949633,-16.2411,0.628892,-0.274886,-4.37762,3.59915,2.11017,1.00591,-7.29479,1.43676,-2.10155,3.47895,3.0645,4.72539,0.991913,-1.88615,8.11139,0.0990606,-6.71144,-4.1692,3.14061,4.89976,0.956861,-5.22129,0.0677537,-0.112575,2.15226,3.81219,3.53265,1.68153,-1.91965,8.34938,0.817093,-6.98604,-0.460616,-0.0735796,0.16048,-0.0506997,-0.450037,-0.273084,0.107568,0.116171,-0.295914,-0.433641,0.400059,-0.217484,0.438583,1.86341,0.632588,-0.973932,0.6785,0.392984,-0.58249,-0.579617,-0.404649,0.0228829,0.0747784,0.00358897,-0.0970358,-1.30763,0.802601,0.422035,0.201182,-1.45896,-0.123212,-0.0598933,0.287352,-0.42031,0.695791,0.391528,-0.308233,0.6129,2.48269,0.615956,-1.02426,0.704144,-1.00307,0.958455,-0.566923,-0.386391,0.0198121,-1.32401,0.0143138,-0.0863292,0.926699,-0.0785303,0.355008,-0.0950344,0.789011,-0.0691887,0.0355938,-0.609432
-0.332233,0.02155,-0.0263379,0.294986,0.145156,-0.0787384,-0.108712,0,-0.0303175,-0.472826,0.378808,-0.34271,0,1.47499,0.113642,-1.01138,0.699339,-0.168153,-0.152389,-0.564928,-0.414183,0.0118262,-0.0882762,0.00189368,-0.0949227,-2.00498,1.50652,1.14321,0.922326,0.404782,0.866898,-1.09705,0,1.18954,0.668944,-0.400119,-0.675201,0,1.61271,-0.0921662,-0.456226,0.015327,-0.65363,-0.972599,0.332801,-0.52722,0.924427,0.0284297,0.0246397,-0.216067,0,0,0,0.746549,-0.129014,0.0874448,0.991536,0.659559,0.0145713,-2.46603,3.12705,3.30018,-0.47447,0.0371188,0.192327,-0.117057,-0.433606,-0.343899,0.12147,0.0163717,-0.321995,-0.26002,0.187458,-0.095266,0.53561,1.98895,0.431218,-0.982394,0.68227,-0.0483435,-0.161551,-0.337284,-0.145935,0.0382777,-0.284169,0.0147686,-0.0959945,-3.71748,1.43669,-0.209555,-5.87355,0.454257,-3.77592,-0.516172,-6.08147,-1.73878,9.56927,-4.12343,-1.62912,13.324,10.4663,-3.55354,-0.190384,0.215594,-23.3566,23.7841,0.305237,0.816363,1.94138,-10.2603,0.424076,0.0909115,-4.1692,3.14061,4.89976,0.956861,-5.22129,0.0677537,-0.112575,2.15226,3.81219,3.53265,1.68153,-1.91965,8.34938,0.817093,-6.98604,-2.04179,1.64935,1.22943,2.26397,-4.9044,1.24866,-0.347395,0.820236,0.946111,0.892846,1.31653,-2.37363,4.93048,0.699539,-4.45794,-0.53447,-0.0228812,0.192327,-0.117057,-0.433606,-0.343899,0.12147,0.0163717,-0.321995,-0.26002,0.337458,-0.245266,0.53561,2.10895,0.551218,-0.982394,0.68227,-0.108343,-0.221551,-0.587284,-0.395935,0.0382777,-0.284169,0.0147686,-0.0959945,-1.3971,0.855577,0.979953,0.191372,-1.04426,-0.10373,-0.0839875,0.0135507,-0.0225151,0.430451,0.385684,-0.323809,0.762438,1.88633,0.960763,-1.02754,0.704253,-1.01982,1.31452,-0.565637,-0.397624,0.163419,-1.39721,0.0224477,-0.093758,0.918224,-0.0717672,0.380267,-0.0843241,0.780446,-0.0687401,0.0279701,-0.620803
-0.361909,0.0478184,-0.000547668,0.291455,0.143418,-0.0534405,-0.133276,0,-0.00228482,-0.449911,0.371785,-0.362172,0,1.44955,0.114917,-0.990406,0.693322,-0.176407,-0.171261,-0.563325,-0.432742,0.0250667,-0.0838481,-0.0257732,-0.0949104,-1.84861,1.44859,1.1871,0.592664,0.257266,0.986298,-1.1364,0,1.25317,0.811993,-0.385426,-0.764564,0,0.747385,-0.0453828,-0.00478721,-0.0795283,-0.581351,-0.963908,0.257015,-0.647431,0.845707,0.0863224,-0.397756,-0.151063,0,0,0,0.684115,-0.0223258,0.00792698,0.9997,0.729332,0.0100761,-3.0312,3.8412,5.06582,-0.527345,0.078079,0.161285,-0.263535,-0.43379,-0.401024,0.0946708,-0.0530822,-0.341404,-0.0869403,0.106097,-0.134199,0.582521,2.14582,0.367689,-0.982208,0.689763,-0.462395,0.466809,-0.337609,-0.13038,0.0825133,-0.31551,0.0101582,-0.0952098,-1.4896,2.8515,-1.88601,-7.62846,-0.356421,-1.92945,-1.69923,-0.486058,0.188927,7.82679,-3.7091,-2.18517,-8.969,5.66436,-2.75285,0.043628,0.460427,-18.2891,35.467,-0.437984,0.623535,2.17125,1.92811,-0.397507,0.0173876,-2.04179,1.64935,1.22943,2.26397,-4.9044,1.24866,-0.347395,0.820236,0.946111,0.892846,1.31653,-2.37363,4.93048,0.699539,-4.45794,0.133659,-0.836836,0.0396747,2.59631,-3.68755,0.202954,-1.45336,-0.29228,0.567363,0.579257,0.227248,-0.0936709,0.00786357,-0.243168,-0.247168,-0.587345,0.018079,0.161285,-0.263535,-0.43379,-0.401024,0.0946708,-0.0530822,-0.341404,-0.0869403,0.256097,-0.284199,0.582521,2.26582,0.487689,-0.982208,0.689763,-0.522395,0.406809,-0.587609,-0.38038,0.0825133,-0.31551,0.0101582,-0.0952098,-1.08089,0.764674,0.245886,0.452794,-0.98088,-0.0787384,-0.108712,0.249731,-0.069479,0.164047,0.378808,-0.34271,0.215554,1.56635,0.778264,-1.01138,0.699339,-1.24682,2.40524,-0.564928,-0.414183,0.139908,-0.891588,0.00189368,-0.0949227,0.903717,-0.0375537,0.423671,-0.0488812,0.769953,-0.0662344,0.0198414,-0.634343
-0.3926,0.0718852,0.0189825,0.272033,0.137279,-0.0275302,-0.15752,0,0.0154022,-0.432311,0.364469,-0.382755,0,1.40324,0.116126,-0.959816,0.685098,-0.180611,-0.190694,-0.559932,-0.455298,0.0326147,-0.0771488,-0.0676659,-0.0925442,-1.75439,1.37501,1.12392,0.123533,0.0880037,1.07906,-1.15914,0,1.14252,0.832396,-0.379536,-0.843938,0,-0.171521,-0.013628,0.455511,-0.179033,-0.470005,-0.966222,0.230799,-0.791548,0.705216,0.160915,-0.906819,-0.0702515,0,0,0,0.617863,0.0413373,-0.000169363,0.998624,0.786285,-0.0322678,-0.0696308,4.1298,2.62945,-0.533905,0.120744,0.151333,-0.386984,-0.459369,-0.409935,0.0486559,-0.0327762,-0.300824,0.0539548,0.0464126,-0.183676,0.222348,2.19468,0.333481,-0.97634,0.6984,-0.625617,0.894105,-0.355314,-0.123572,0.0886291,-0.248662,-0.00869126,-0.0945271,0.471861,1.22171,0.728364,-4.74758,-2.18832,0.754703,-2.85961,1.93675,3.24556,6.07724,-2.3467,-2.63104,-21.4788,-0.123229,-0.951812,0.422294,0.363152,-0.48546,6.2682,-1.10615,0.142085,-1.08742,3.78833,-0.926408,0.0405454,0.133659,-0.836836,0.0396747,2.59631,-3.68755,0.202954,-1.45336,-0.29228,0.567363,0.579257,0.227248,-0.0936709,0.00786357,-0.243168,-0.247168,0.00983514,-0.865425,1.41327,3.02652,-4.12474,2.14247,-1.62099,-1.26273,0.751512,3.22027,-0.536894,8.26435,-0.681227,1.27385,1.31589,-0.593905,0.0607439,0.151333,-0.386984,-0.459369,-0.409935,0.0486559,-0.0327762,-0.300824,0.0539548,0.196413,-0.333676,0.222348,2.31468,0.453481,-0.97634,0.6984,-0.685617,0.834105,-0.605314,-0.373572,0.0886291,-0.248662,-0.00869126,-0.0945271,0.00682939,-0.478418,0.00793493,0.519262,-0.737511,-0.0534405,-0.133276,0.0405908,-0.290671,-0.0584559,0.371785,-0.362172,0.128707,1.58983,0.233624,-0.990406,0.693322,-0.106835,0.680159,-0.563325,-0.432742,-0.0486337,-0.0494336,-0.0257732,-0.0949104,0.886483,-0.00277334,0.461855,-0.0288166,0.769953,-0.0662344,0.0198414,-0.634343
-0.418477,0.0966301,0.0325573,0.24555,0.130405,-0.00484134,-0.179705,0,0.02539,-0.420499,0.35741,-0.403405,0,1.33389,0.117101,-0.931613,0.675044,-0.180841,-0.209391,-0.554692,-0.481077,0.0278205,-0.0711225,-0.091287,-0.0913642,-1.61624,1.33368,0.990367,-0.310768,-0.0414993,1.09568,-1.14418,0,0.949583,0.759855,-0.371559,-0.900507,0,-1.16029,0.00507332,0.74189,-0.276127,-0.332459,-0.956806,0.240158,-0.940766,0.421737,0.203035,-0.98909,-0.0314755,0,0,0,0.550653,0.0238468,0.0208076,0.998889,0.834475,-0.0406433,2.85867,4.07327,0.126242,-0.510097,0.126301,0.199316,-0.447412,-0.534127,-0.374249,-0.0166752,0.0867764,-0.217927,0.114445,0.0108038,-0.236888,-0.0911942,2.13873,0.294777,-0.96607,0.701209,-0.429077,0.814333,-0.373901,-0.126961,0.0939878,-0.139629,-0.040618,-0.0928966,1.68556,-0.564428,3.66708,-1.66939,-4.90535,2.50885,-3.59469,9.25688,4.60964,0.431639,-1.31311,-2.5837,-8.38102,-4.75292,-3.04559,0.524209,-0.0324893,16.5501,-10.2639,-0.724849,-0.389008,1.38605,6.48842,-1.4919,0.0814108,0.00983514,-0.865425,1.41327,3.02652,-4.12474,2.14247,-1.62099,-1.26273,0.751512,3.22027,-0.536894,8.26435,-0.681227,1.27385,1.31589,-1.76196,0.288078,2.24077,3.16086,-3.28284,2.66242,-0.401495,-0.846628,0.0995875,5.19161,0.0716891,10.5491,-0.607222,1.73969,1.55157,-0.570097,0.0663012,0.199316,-0.447412,-0.534127,-0.374249,-0.0166752,0.0867764,-0.217927,0.114445,0.160804,-0.386888,-0.0911942,2.25873,0.414777,-0.96607,0.701209,-0.489077,0.754333,-0.623901,-0.376961,0.0939878,-0.139629,-0.040618,-0.0928966,-0.0550824,-0.492713,0.282655,0.605303,-0.824948,-0.0275302,-0.15752,0.378844,-0.324199,-0.252546,0.364469,-0.382755,0.150302,1.73014,-0.148447,-0.959816,0.685098,0.79011,-0.352485,-0.559932,-0.455298,0.254769,0.263178,-0.0676659,-0.0925442,0.867588,0.0151857,0.494913,-0.0460658,0.763294,-0.0603176,0.0126305,-0.643106
-0.441948,0.121714,0.0431544,0.215537,0.123165,0.0162369,-0.200862,0,0.0315283,-0.411581,0.35048,-0.424088,0,1.25303,0.117957,-0.904606,0.664076,-0.179085,-0.227719,-0.548528,-0.508467,0.0168551,-0.0654327,-0.105772,-0.0907772,-1.48343,1.30984,0.852213,-0.667734,-0.137661,1.08315,-1.11827,0,0.756783,0.665663,-0.364048,-0.94061,0,-2.02521,0.0164004,0.92444,-0.357816,-0.206376,-0.944696,0.260565,-1.06939,0.130735,0.227472,-0.909643,-0.0132282,0,0,0,0.480627,-0.039052,0.076376,0.997076,0.873593,-0.0656864,2.58287,4.53274,-1.11206,-0.488478,0.102893,0.279539,-0.454716,-0.62645,-0.323791,-0.0924349,0.324812,-0.133561,0.0758367,-0.00231851,-0.281299,-0.129998,2.04841,0.219873,-0.954609,0.694656,0.0674136,0.537566,-0.384957,-0.144309,0.147512,-0.000894149,-0.0706917,-0.0916554,0.305867,-1.48368,3.96895,1.13716,-3.92076,2.3711,-3.90044,13.1979,3.9339,-3.61922,-0.10021,-1.8632,2.41788,-3.68143,-4.1223,0.609379,-0.532236,29.6094,-15.4452,-0.423392,-1.22403,3.46396,6.96153,-1.20317,0.0390873,-1.76196,0.288078,2.24077,3.16086,-3.28284,2.66242,-0.401495,-0.846628,0.0995875,5.19161,0.0716891,10.5491,-0.607222,1.73969,1.55157,-4.11972,2.30286,4.10987,-0.294415,-3.72473,2.66344,0.214707,0.242123,1.64864,5.80046,0.0436551,6.11691,-1.08402,0.266484,0.404137,-0.548478,0.0428931,0.279539,-0.454716,-0.62645,-0.323791,-0.0924349,0.324812,-0.133561,0.0758367,0.147681,-0.431299,-0.129998,2.16841,0.339873,-0.954609,0.694656,0.00741359,0.477566,-0.634957,-0.394309,0.147512,-0.000894149,-0.0706917,-0.0916554,-0.940982,0.0840388,0.448154,0.632172,-0.656568,-0.00484134,-0.179705,0.532483,-0.080299,-0.169326,0.35741,-0.403405,0.0199175,2.7158,0.155845,-0.931613,0.675044,1.83843,-0.363611,-0.554692,-0.481077,0.347939,0.310315,-0.091287,-0.0913642,0.845748,0.0165203,0.52698,-0.0820303,0.763294,-0.0603176,0.0126305,-0.643106
-0.456759,0.144133,0.0514614,0.190083,0.115608,0.0268851,-0.218678,0,0.0425163,-0.405574,0.343921,-0.444228,0,1.14169,0.118541,-0.898391,0.653228,-0.168335,-0.246319,-0.53502,-0.538224,0.0101214,-0.0579193,-0.0900507,-0.0931751,-1.26056,1.25317,0.721155,-0.849215,-0.209709,0.917927,-1.05004,0,0.694568,0.556076,-0.353214,-0.960517,0,-3.08766,0.0202384,0.740326,-0.413187,0.0167872,-0.940279,0.38502,-1.19492,-0.00949167,0.271931,-0.400926,-0.0452291,0,0,0,0.396522,-0.0907799,0.0898002,0.994162,0.913623,-0.058317,0.127913,4.7519,-1.03727,-0.489664,0.103128,0.346475,-0.442412,-0.674265,-0.284745,-0.160174,0.566798,-0.0861569,-0.00503745,0.00312998,-0.316001,0.106441,2.00993,0.119781,-0.940789,0.678997,0.796107,0.205067,-0.387378,-0.178609,0.173921,0.0950306,-0.092285,-0.0913682,-0.387241,1.3442,2.75653,-0.224717,-1.03412,1.53303,-2.87416,7.65589,0.883814,-3.83028,0.525304,-1.76964,17.5983,-0.156659,-5.74396,0.765957,-0.95054,40.0008,-16.9083,0.0507495,-2.07096,-0.397474,2.9538,-0.828794,-0.00217489,-4.11972,2.30286,4.10987,-0.294415,-3.72473,2.66344,0.214707,0.242123,1.64864,5.80046,0.0436551,6.11691,-1.08402,0.266484,0.404137,-7.35301,4.2209,4.6463,0.108428,-7.31705,2.33222,-0.229685,3.67794,1.66051,5.40029,1.40537,-2.8889,3.02975,-2.16122,-3.03682,-0.549664,0.0431281,0.346475,-0.442412,-0.674265,-0.284745,-0.160174,0.566798,-0.0861569,-0.00503745,0.15313,-0.466001,0.106441,2.12993,0.239781,-0.940789,0.678997,0.736107,0.145067,-0.637378,-0.428609,0.173921,0.0950306,-0.092285,-0.0913682,-1.37332,0.835013,0.821974,-0.0588829,-0.744945,0.0162369,-0.200862,0.532689,0.0429413,0.0484246,0.35048,-0.424088,0.284509,2.89948,0.141828,-0.904606,0.664076,2.98788,-0.602011,-0.548528,-0.508467,0.0532968,0.0808274,-0.105772,-0.0907772,0.819684,0.0129743,0.563163,-0.103912,0.760825,-0.0549552,0.00619779,-0.646596
-0.46807,0.164712,0.0597467,0.167268,0.108701,0.0346245,-0.235177,0,0.0564201,-0.399658,0.337612,-0.463933,0,1.01979,0.119106,-0.897062,0.642278,-0.15312,-0.264824,-0.519881,-0.568228,0.00439447,-0.0501801,-0.0781768,-0.0969015,-1.05206,1.1859,0.629088,-0.936681,-0.250412,0.75864,-0.982515,0,0.694754,0.477985,-0.34189,-0.967941,0,-3.98996,0.0226479,0.538172,-0.453482,0.239968,-0.935771,0.496604,-1.28652,-0.0925473,0.30644,-0.102538,-0.0875563,0,0,0,0.293281,-0.101029,0.0753606,0.993749,0.953052,-0.0474893,-1.66782,4.89276,-0.908716,-0.509941,0.13702,0.402456,-0.459059,-0.662378,-0.263424,-0.200774,0.596521,-0.0864317,0.0667146,0.0154127,-0.369939,0.470033,2.07168,0.0170877,-0.924253,0.663033,1.01229,0.0485276,-0.376181,-0.235247,0.0657482,0.0106062,-0.0939225,-0.0870941,-0.941275,1.8397,2.14395,-0.746294,1.80408,0.744369,1.28208,-1.12683,-0.687579,8.83183,0.692988,-4.00805,12.0446,4.42934,-3.26971,0.819787,0.920389,-2.41494,0.568396,0.816625,-4.55158,-7.63266,-8.37183,0.158453,1.70427,-7.35301,4.2209,4.6463,0.108428,-7.31705,2.33222,-0.229685,3.67794,1.66051,5.40029,1.40537,-2.8889,3.02975,-2.16122,-3.03682,-6.56025,3.13889,4.2051,1.31835,-8.03706,3.05907,-0.0379297,2.80347,0.462932,3.48212,1.62581,-4.51728,10.1205,-0.805568,-4.7979,-0.569941,0.0770204,0.402456,-0.459059,-0.662378,-0.263424,-0.200774,0.596521,-0.0864317,0.0667146,0.165413,-0.519939,0.470033,2.19168,0.137088,-0.924253,0.663033,0.952293,-0.0114724,-0.626181,-0.485247,0.0657482,0.0106062,-0.0939225,-0.0870941,-1.39375,0.9138,0.92926,0.0216856,-1.46341,0.0268851,-0.218678,0.466445,-0.0459371,0.735589,0.343921,-0.444228,0.332102,2.82014,0.822683,-0.898391,0.653228,1.23615,0.799653,-0.53502,-0.538224,-0.432244,-0.607363,-0.0900507,-0.0931751,0.786353,0.0159009,0.608748,-0.104023,0.759136,-0.0485071,0.00168498,-0.64912
-0.47238,0.181609,0.0679885,0.149729,0.10309,0.0365462,-0.249042,0,0.0761555,-0.393927,0.331801,-0.48277,0,0.876735,0.119635,-0.905502,0.631123,-0.128977,-0.28314,-0.50148,-0.59873,0.000681326,-0.0419892,-0.0739981,-0.103285,-0.801099,1.08359,0.563989,-0.918765,-0.259442,0.559872,-0.895727,0,0.782359,0.420561,-0.326481,-0.960116,0,-4.93874,0.0237804,0.250116,-0.484761,0.530126,-0.929784,0.623638,-1.35809,-0.12048,0.337371,-0.00909651,-0.157038,0,0,0,0.212844,-0.0838086,0.0537727,0.995809,0.975605,-0.0366022,-1.56466,3.98718,-1.35111,-0.514367,0.178677,0.431051,-0.460219,-0.619047,-0.241031,-0.100192,0.571031,-0.098292,0.24852,0.0342846,-0.466039,0.470369,2.14574,-0.0173822,-0.907436,0.707039,0.813278,0.205895,-0.356741,-0.373596,-0.0479872,-0.201454,-0.0863101,-0.0576666,0.333617,2.53874,1.37059,0.312712,2.52458,1.64628,7.34194,-1.37606,-0.390563,10.2376,1.31344,-5.37797,-9.44724,3.50964,-0.828313,0.919283,2.62256,-17.0144,14.2153,1.25267,-8.51547,-4.91133,-13.5241,0.462307,0.893376,-6.56025,3.13889,4.2051,1.31835,-8.03706,3.05907,-0.0379297,2.80347,0.462932,3.48212,1.62581,-4.51728,10.1205,-0.805568,-4.7979,-6.04859,2.94718,4.84974,-0.140319,-3.88087,2.76601,0.952046,1.53284,1.61387,2.75779,2.95891,-4.77169,14.5259,-0.773222,-4.92703,-0.574367,0.118677,0.431051,-0.460219,-0.619047,-0.241031,-0.100192,0.571031,-0.098292,0.24852,0.184285,-0.616039,0.470369,2.26574,0.102618,-0.907436,0.707039,0.753278,0.145895,-0.606741,-0.623596,-0.0479872,-0.201454,-0.0863101,-0.0576666,-1.42942,0.961457,0.841021,0.26367,-1.60741,0.0346245,-0.235177,0.611814,-0.00758595,0.560694,0.337612,-0.463933,0.1423,1.86106,0.879596,-0.897062,0.642278,-0.668454,1.51695,-0.519881,-0.568228,-0.161114,-0.95958,-0.0781768,-0.0969015,0.7604,0.0177444,0.642385,-0.0939091,0.759136,-0.0485071,0.00168498,-0.64912
-0.46836,0.196508,0.0757355,0.131245,0.099077,0.0362858,-0.260449,0,0.0929991,-0.3879,0.327136,-0.500064,0,0.712814,0.120127,-0.919401,0.621547,-0.0902475,-0.302611,-0.484247,-0.628324,-0.00648325,-0.0298695,-0.0712472,-0.108386,-0.500464,0.981997,0.510996,-0.920388,-0.241809,0.388006,-0.798117,0,0.800306,0.384803,-0.298518,-0.931486,0,-5.91594,0.0240202,-0.0334054,-0.482969,0.952035,-0.942905,0.695044,-1.39457,-0.191805,0.417956,0.0348947,-0.186452,0,0,0,0.147514,-0.0787805,0.0227627,0.996829,0.988798,-0.0111947,-1.31172,3.34816,-1.21534,-0.494266,0.238625,0.45201,-0.44875,-0.566463,-0.201655,0.0446359,0.549031,-0.0950948,0.399688,0.0667885,-0.542271,0.24946,2.19094,-0.00437916,-0.89436,0.746323,0.309494,0.647342,-0.327094,-0.507118,-0.112177,-0.276867,-0.0782319,-0.0570453,1.63006,3.23185,0.939136,0.714551,2.80931,2.16622,6.67372,-0.864542,0.585909,5.24637,1.86174,-2.32066,-9.09754,1.11921,1.93044,0.433063,1.58017,-29.9142,26.6064,1.61066,-4.66334,-2.05985,0.364087,0.298741,-0.309295,-6.04859,2.94718,4.84974,-0.140319,-3.88087,2.76601,0.952046,1.53284,1.61387,2.75779,2.95891,-4.77169,14.5259,-0.773222,-4.92703,-5.34857,2.65915,4.34544,-1.67063,-2.77816,2.86577,0.346008,-0.0965254,0.155877,3.73171,3.09542,-3.12482,14.6276,-1.93762,-3.40029,-0.554266,0.178625,0.45201,-0.44875,-0.566463,-0.201655,0.0446359,0.549031,-0.0950948,0.399688,0.216788,-0.692271,0.24946,2.31094,0.115621,-0.89436,0.746323,0.249494,0.587342,-0.577094,-0.757118,-0.112177,-0.276867,-0.0782319,-0.0570453,-1.39843,1.02253,0.969949,-0.0280638,-0.776173,0.0365462,-0.249042,0.553202,0.190409,0.306569,0.331801,-0.48277,0.322774,1.5299,0.912942,-0.905502,0.631123,-1.59744,2.35666,-0.50148,-0.59873,-0.154644,-0.985407,-0.0739981,-0.103285,0.735148,0.017719,0.672588,-0.0828712,0.756826,-0.040791,0.00148523,-0.65234
-0.460174,0.210408,0.0832349,0.11229,0.0958621,0.0349345,-0.270628,0,0.108397,-0.381724,0.323043,-0.516585,0,0.538457,0.1206,-0.936029,0.612761,-0.0442244,-0.322658,-0.467597,-0.657463,-0.0153735,-0.0157853,-0.0692104,-0.112847,-0.227536,0.895899,0.470189,-0.928606,-0.21749,0.251335,-0.711359,0,0.791182,0.361992,-0.270355,-0.899867,0,-6.7565,0.0239115,-0.27281,-0.46987,1.35677,-0.960746,0.73627,-1.41329,-0.267618,0.503832,0.0549793,-0.19743,0,0,0,0.0808739,-0.046015,0.00123149,0.998938,0.996724,0.00249942,-2.97625,2.87609,-0.893901,-0.457229,0.318442,0.448319,-0.440553,-0.499616,-0.159747,0.158826,0.536446,-0.0932985,0.389848,0.108364,-0.555145,0.0327978,2.20035,0.0816705,-0.892122,0.776102,-0.300793,0.934302,-0.293337,-0.553055,-0.168642,-0.247567,-0.0734637,-0.0668295,2.07566,4.32711,-0.895986,0.169596,3.75095,1.99146,4.90589,-0.464942,-0.278093,-4.41372,2.20726,0.538941,-11.4275,0.00338523,6.01247,-0.0933438,1.47709,-29.6041,2.42907,1.68977,-0.67476,-3.46452,1.70981,0.167209,-0.456629,-5.34857,2.65915,4.34544,-1.67063,-2.77816,2.86577,0.346008,-0.0965254,0.155877,3.73171,3.09542,-3.12482,14.6276,-1.93762,-3.40029,-5.07333,2.89351,3.74317,-1.51965,-4.60006,3.11223,-0.620174,-0.0932998,-0.901909,3.68881,1.83333,-1.79951,10.8611,-1.83305,-3.3592,-0.517229,0.258442,0.448319,-0.440553,-0.499616,-0.159747,0.158826,0.536446,-0.0932985,0.389848,0.258364,-0.705145,0.0327978,2.32035,0.201671,-0.892122,0.776102,-0.360793,0.874302,-0.543337,-0.803055,-0.168642,-0.247567,-0.0734637,-0.0668295,-1.34232,1.10173,0.869088,-0.334126,-0.555631,0.0362858,-0.260449,0.573155,0.0692016,-0.0193051,0.327136,-0.500064,0.0311754,1.98586,1.00258,-0.919401,0.621547,-1.62241,3.41766,-0.484247,-0.628324,-0.387524,-0.680059,-0.0712472,-0.108386,0.712984,0.0242877,0.697731,-0.0650734,0.756826,-0.040791,0.00148523,-0.65234
-0.432976,0.229464,0.0896648,0.0923804,0.0982593,0.0346891,-0.276757,0,0.105788,-0.37506,0.320925,-0.530112,0,0.339214,0.120513,-0.94488,0.605722,0.011639,-0.342574,-0.459436,-0.684298,-0.0295422,-0.00706509,-0.0609298,-0.114309,0.248692,0.912964,0.42558,-0.948663,-0.116284,0.172253,-0.589889,0,0.514693,0.353365,-0.221023,-0.832798,0,-7.7182,0.0154372,-0.323722,-0.434498,1.78769,-0.971255,0.637811,-1.39182,-0.399862,0.483485,0.162695,-0.160125,0,0,0,0.0314,0.00369038,-0.0224139,0.999744,0.999256,0.0223089,-2.88593,3.02347,-0.713384,-0.412527,0.404701,0.426333,-0.438396,-0.424091,-0.122978,0.239585,0.530215,-0.102522,0.253986,0.15327,-0.526677,-0.217017,2.18086,0.218549,-0.898488,0.809303,-0.714771,0.899837,-0.260035,-0.542098,-0.23945,-0.218984,-0.0705296,-0.0769954,2.25516,4.10156,-0.905874,0.234127,3.57989,1.70854,3.40324,-0.217117,-0.387402,-7.88186,2.24261,1.99057,-11.8499,-1.87983,7.21727,-0.438827,1.84619,-9.39215,-3.12425,1.59478,1.40351,-3.45916,1.15199,0.10656,-0.522208,-5.07333,2.89351,3.74317,-1.51965,-4.60006,3.11223,-0.620174,-0.0932998,-0.901909,3.68881,1.83333,-1.79951,10.8611,-1.83305,-3.3592,-3.35991,2.17913,1.48415,-0.364622,-4.80161,2.84876,-0.517566,-0.902616,-1.54246,2.55253,0.946178,-0.419984,9.54712,-1.38668,-2.95487,-0.472527,0.344701,0.426333,-0.438396,-0.424091,-0.122978,0.239585,0.530215,-0.102522,0.253986,0.30327,-0.676677,-0.217017,2.30086,0.338549,-0.898488,0.809303,-0.774771,0.839837,-0.510035,-0.792098,-0.23945,-0.218984,-0.0705296,-0.0769954,-1.2929,1.21197,0.748633,-0.303931,-0.920012,0.0349345,-0.270628,0.622446,-0.124035,-0.01866,0.323043,-0.516585,-0.180382,1.9644,1.03666,-0.936029,0.612761,-0.959754,2.49576,-0.467597,-0.657463,-0.36661,-0.67184,-0.0692104,-0.112847,0.691561,0.0409554,0.720079,-0.0393856,0.75386,-0.0329539,0.00458894,-0.656192
-0.418614,0.252206,0.0990708,0.082111,0.105119,0.0354115,-0.281918,0,0.104884,-0.363701,0.319301,-0.542632,0,0.187008,0.120268,-0.951208,0.600048,0.0371313,-0.362426,-0.453964,-0.709254,-0.055948,0.00137115,-0.053594,-0.115461,0.389525,0.980208,0.438996,-0.818105,0.0214901,0.131412,-0.490334,0,0.346718,0.417734,-0.179068,-0.77076,0,-7.68584,0.00712424,-0.321537,-0.389252,1.63377,-0.97767,0.528548,-1.34861,-0.675991,0.464983,0.223922,-0.129371,0,0,0,-0.0288545,0.045185,-0.0378753,0.998211,0.998866,0.0391558,-1.30765,3.64153,-0.460054,-0.373033,0.484882,0.415022,-0.423445,-0.375459,-0.0825986,0.283141,0.524217,-0.0952113,0.0678403,0.195998,-0.479758,-0.398348,2.10817,0.341236,-0.907307,0.857193,-0.725217,0.841595,-0.229961,-0.49516,-0.287835,-0.20167,-0.0649852,-0.0884837,2.87774,5.3771,0.216383,1.08008,0.979127,1.80356,1.21247,0.0481233,1.80308,-10.3543,2.00475,2.25024,-3.44756,-4.99628,5.38148,-0.909017,4.28311,4.41884,-2.48307,1.69664,3.15418,-1.5536,0.659821,0.336266,-0.494209,-3.35991,2.17913,1.48415,-0.364622,-4.80161,2.84876,-0.517566,-0.902616,-1.54246,2.55253,0.946178,-0.419984,9.54712,-1.38668,-2.95487,-3.42625,2.04778,1.52134,-1.63884,-2.94399,2.40927,-0.376503,-1.27035,-2.12569,2.78178,1.16966,0.827483,11.0585,-1.42747,-2.55799,-0.433033,0.424882,0.415022,-0.423445,-0.375459,-0.0825986,0.283141,0.524217,-0.0952113,0.0678403,0.345998,-0.629758,-0.398348,2.22817,0.461236,-0.907307,0.857193,-0.785217,0.781595,-0.479961,-0.74516,-0.287835,-0.20167,-0.0649852,-0.0884837,-1.24322,1.02957,0.29683,-0.0729244,-0.960322,0.0346891,-0.276757,0.569751,-0.103513,-0.180523,0.320925,-0.530112,-0.308492,1.41531,0.593089,-0.94488,0.605722,-0.269992,2.18362,-0.459436,-0.684298,-0.277335,-0.590974,-0.0609298,-0.114309,0.667066,0.0555225,0.742619,-0.0213813,0.750366,-0.0299953,0.0084315,-0.660288
-0.429921,0.282321,0.114429,0.0911212,0.120902,0.0380693,-0.285142,0,0.107388,-0.342955,0.318667,-0.55314,0,0.128875,0.119705,-0.952494,0.597106,0.00188141,-0.382154,-0.453871,-0.730452,-0.106828,0.00923954,-0.0481482,-0.115995,0.10305,1.13788,0.537671,-0.43752,0.251791,0.131857,-0.391595,0,0.280265,0.603608,-0.134853,-0.697156,0,-6.25208,-0.00345618,-0.244359,-0.316605,0.614889,-0.980276,0.371378,-1.26201,-1.2364,0.443514,0.238434,-0.0985626,0,0,0,-0.0152091,0.0358122,-0.0231923,0.999077,0.999615,0.0237247,1.50547,-2.12673,1.1686,-0.2921,0.647088,0.393409,-0.440431,-0.420317,-0.0506866,0.240467,0.536814,0.00117415,-0.148892,0.217986,-0.503376,-0.347483,2.02509,0.480848,-0.928075,1.02329,-0.508514,0.804645,-0.214167,-0.453862,-0.307302,-0.191721,-0.0568405,-0.0783082,4.44344,9.25987,-1.0091,-1.48265,-3.459,1.08647,-2.59907,0.53114,5.86583,-9.73931,0.74791,-1.78384,4.26486,-4.15417,7.52364,-0.990842,7.91142,14.6975,-1.39164,0.378656,1.38229,-0.623068,0.378182,0.260134,0.525962,-3.42625,2.04778,1.52134,-1.63884,-2.94399,2.40927,-0.376503,-1.27035,-2.12569,2.78178,1.16966,0.827483,11.0585,-1.42747,-2.55799,-6.83505,2.14265,3.68499,-0.776235,-0.564578,2.45552,-0.986587,0.684395,-2.09578,4.46191,-0.222908,-6.63508,10.06,-0.609918,-3.72766,-0.3521,0.587088,0.393409,-0.440431,-0.420317,-0.0506866,0.240467,0.536814,0.00117415,-0.148892,0.367986,-0.653376,-0.347483,2.14509,0.600848,-0.928075,1.02329,-0.568514,0.744645,-0.464167,-0.703862,-0.307302,-0.191721,-0.0568405,-0.0783082,-1.18643,0.96389,0.304268,-0.327769,-0.588797,0.0354115,-0.281918,0.481853,-0.0753007,-0.254069,0.319301,-0.542632,-0.425139,1.51089,0.704828,-0.951208,0.600048,0.353742,2.15744,-0.453964,-0.709254,-0.285494,-0.511598,-0.053594,-0.115461,0.671783,0.057385,0.737908,-0.0301155,0.750366,-0.0299953,0.0084315,-0.660288
-0.439989,0.312127,0.129042,0.104849,0.134105,0.0393577,-0.286565,0,0.123378,-0.320404,0.318447,-0.56013,0,0.10947,0.120915,-0.95341,0.595587,-0.0373068,-0.399476,-0.454404,-0.745047,-0.176159,0.0168413,-0.0476403,-0.116046,-0.0788822,1.2436,0.595559,-0.100352,0.374295,0.111625,-0.295462,0,0.436036,0.760788,-0.0976957,-0.592853,0,-4.66752,0.0157333,-0.184789,-0.244421,-0.157401,-0.946028,0.251964,-1.10233,-1.90543,0.424487,0.174521,-0.0697661,0,0,0,0.0262327,0.0218242,-0.0389155,0.999026,0.998898,0.0383474,1.82064,-1.80935,0.787924,-0.216311,0.841093,0.386037,-0.468635,-0.456467,-0.0554741,0.217262,0.541026,0.105178,-0.253934,0.228666,-0.522751,-0.280766,1.96316,0.585538,-0.943825,1.10837,-0.412242,0.785715,-0.206706,-0.438438,-0.289719,-0.187362,-0.0522289,-0.0784692,3.03878,9.65297,-0.125319,-1.47074,0.128872,-1.44008,-0.0162047,-0.0255013,3.94407,-1.86381,0.291851,-0.336745,1.83483,-1.92663,2.99744,-0.552288,1.2843,-3.56646,-0.653193,0.384974,0.45101,1.77398,0.120081,0.169941,-0.371357,-6.83505,2.14265,3.68499,-0.776235,-0.564578,2.45552,-0.986587,0.684395,-2.09578,4.46191,-0.222908,-6.63508,10.06,-0.609918,-3.72766,-4.77467,0.814626,3.6031,0.569596,1.97517,2.00196,-0.791267,0.0931234,-2.36521,2.46698,0.736617,-6.04224,12.8999,-1.37566,-4.18427,-0.276311,0.781093,0.386037,-0.468635,-0.456467,-0.0554741,0.217262,0.541026,0.105178,-0.253934,0.378666,-0.672751,-0.280766,2.08316,0.705538,-0.943825,1.10837,-0.472242,0.725715,-0.456706,-0.688438,-0.289719,-0.187362,-0.0522289,-0.0784692,-1.062,1.01133,0.736999,-0.155247,-0.112916,0.0380693,-0.285142,0.491103,-0.197317,0.136879,0.318667,-0.55314,-0.419157,2.35096,0.00854612,-0.952494,0.597106,-1.33364,2.17506,-0.453871,-0.730452,-0.121984,-0.745531,-0.0481482,-0.115995,0.687619,0.0485539,0.722756,-0.0494528,0.739901,-0.0400095,0.0137227,-0.671384
-0.449437,0.341778,0.143281,0.120935,0.146017,0.0399613,-0.287087,0,0.146111,-0.296951,0.318434,-0.56536,0,0.109431,0.123012,-0.954141,0.594778,-0.0784642,-0.415596,-0.455251,-0.756341,-0.254714,0.0243098,-0.0496015,-0.115857,-0.196935,1.31528,0.630488,0.171046,0.440695,0.0871918,-0.214662,0,0.646219,0.884349,-0.0685832,-0.493451,0,-3.26786,0.0424638,-0.140317,-0.183226,-0.727542,-0.904018,0.163676,-0.941037,-2.51213,0.409168,0.0927468,-0.0459934,0,0,0,0.0512573,-0.00422786,-0.0345368,0.999385,0.998088,0.0347988,1.29919,-0.519289,-0.132391,-0.183089,0.994083,0.3896,-0.486956,-0.413867,-0.10911,0.223358,0.536965,0.156032,-0.206184,0.228172,-0.513352,-0.2941,1.92529,0.633372,-0.947164,1.08872,-0.654697,0.776549,-0.200993,-0.422109,-0.270086,-0.186597,-0.0499294,-0.0929162,0.513564,5.94518,0.345386,-0.222091,3.53729,-3.4522,0.230807,-0.292203,1.63904,5.42098,-0.189722,1.1354,-2.46734,-2.35739,2.29006,0.131566,-2.26047,-13.7804,-0.331253,0.131487,1.27224,0.266518,-0.00525343,0.0829219,-0.870257,-4.77467,0.814626,3.6031,0.569596,1.97517,2.00196,-0.791267,0.0931234,-2.36521,2.46698,0.736617,-6.04224,12.8999,-1.37566,-4.18427,-3.48409,0.204158,2.27101,0.27959,1.73958,2.07666,-1.20423,-0.641505,-2.71199,2.20673,1.20375,-4.9244,14.3608,-1.38062,-3.9174,-0.243089,0.934083,0.3896,-0.486956,-0.413867,-0.10911,0.223358,0.536965,0.156032,-0.206184,0.378172,-0.663352,-0.2941,2.04529,0.753372,-0.947164,1.08872,-0.714697,0.716549,-0.450993,-0.672109,-0.270086,-0.186597,-0.0499294,-0.0929162,-1.02523,0.347313,0.720619,0.113919,0.395034,0.0393577,-0.286565,0.400391,-0.158253,0.0186247,0.318447,-0.56013,-0.473042,1.35349,0.488308,-0.95341,0.595587,-2.15057,2.19305,-0.454404,-0.745047,-0.275132,-0.836853,-0.0476403,-0.116046,0.695534,0.0400721,0.714785,-0.0609007,0.739901,-0.0400095,0.0137227,-0.671384
-0.438786,0.360705,0.134524,0.0974332,0.129148,0.0313518,-0.273655,0,0.152314,-0.304399,0.318284,-0.566997,0,0.109608,0.126914,-0.951105,0.584968,-0.0421187,-0.419023,-0.452919,-0.767259,-0.213036,0.0396192,-0.0512522,-0.118205,0.0219142,1.20461,0.309976,-0.232792,0.0554574,-0.068108,0.0512192,0,0.545403,0.507314,-0.0502582,-0.369969,0,-2.28485,0.0882666,-0.0526797,-0.2754,0.0359029,-0.68422,0.149558,-0.822488,-1.13333,0.516059,0.0401626,-0.0674161,0,0,0,0.0471491,0.00405131,-0.0777883,0.99697,0.995854,0.0776836,0.20834,0.43112,-1.05613,-0.200313,1.07786,0.386242,-0.473909,-0.318258,-0.187646,0.215989,0.52363,0.163532,-0.0759244,0.224392,-0.480207,-0.374583,1.8594,0.691889,-0.939053,1.03133,-0.733602,0.771816,-0.204884,-0.390375,-0.275928,-0.186793,-0.0496696,-0.10747,-1.89217,2.9181,-0.685414,1.31126,5.56341,-4.16645,-0.924619,-1.04918,-0.581919,6.69919,-0.142849,1.94953,-4.96652,-3.88633,3.51069,0.571535,-3.135,0.238634,-0.171692,-0.44829,1.66161,-0.527354,-0.0101578,-0.00804536,-0.524758,-3.48409,0.204158,2.27101,0.27959,1.73958,2.07666,-1.20423,-0.641505,-2.71199,2.20673,1.20375,-4.9244,14.3608,-1.38062,-3.9174,-4.01534,1.35061,1.60434,-0.674265,0.0229751,2.18245,-1.63338,-1.47742,-3.27491,2.42522,1.8886,-5.2079,15.442,-1.36225,-2.35106,-0.260313,1.01786,0.386242,-0.473909,-0.318258,-0.187646,0.215989,0.52363,0.163532,-0.0759244,0.374392,-0.630207,-0.374583,1.9794,0.811889,-0.939053,1.03133,-0.793602,0.711816,-0.454884,-0.640375,-0.275928,-0.186793,-0.0496696,-0.10747,-1.06216,0.265894,0.454203,0.055918,0.347915,0.0399613,-0.287087,0.415331,-0.240845,-0.128301,0.318434,-0.56536,-0.542399,1.22337,0.721875,-0.954141,0.594778,-2.5222,2.19999,-0.455251,-0.756341,-0.276124,-0.78348,-0.0496015,-0.115857,0.694987,0.0303992,0.715698,-0.0620149,0.729156,-0.0495603,0.0183755,-0.682303
-0.428004,0.380121,0.124577,0.0665763,0.106865,0.0222113,-0.25633,0,0.155068,-0.315134,0.317585,-0.566104,0,0.110398,0.131074,-0.946765,0.573875,-0.00148705,-0.416612,-0.450191,-0.775948,-0.156669,0.0571218,-0.0521501,-0.120314,0.177061,1.13447,0.0677852,-0.625808,-0.295434,-0.184783,0.295733,0,0.423092,0.194096,-0.0456691,-0.245589,0,-1.58753,0.124184,0.028216,-0.359187,0.634607,-0.442785,0.145604,-0.70609,0.0521784,0.62378,0.0146453,-0.0788297,0,0,0,0.0364411,-0.0159623,-0.0886734,0.995877,0.995394,0.0893008,-0.561982,1.25141,-1.60152,-0.257324,1.11385,0.360004,-0.441466,-0.211386,-0.269524,0.184857,0.489852,0.130814,0.0183953,0.224625,-0.443064,-0.482385,1.77271,0.781581,-0.928414,0.963191,-0.706486,0.769207,-0.218314,-0.365951,-0.286246,-0.185418,-0.0539799,-0.114995,-3.25876,0.964305,-1.60126,1.88088,4.86,-3.38959,-1.95757,-2.31207,-2.31153,2.96764,0.715051,1.79391,-5.4794,-4.66729,5.20924,-0.175792,-3.38504,1.60298,-0.0994567,-0.883094,0.91183,-0.441122,0.104813,-1.11839,-0.269017,-4.01534,1.35061,1.60434,-0.674265,0.0229751,2.18245,-1.63338,-1.47742,-3.27491,2.42522,1.8886,-5.2079,15.442,-1.36225,-2.35106,-3.13894,1.23586,1.19728,-0.159395,-0.787794,2.19244,-2.0146,-0.650578,-3.43568,2.0704,2.41546,-4.44701,14.9243,-0.962818,-1.19495,-0.317324,1.05385,0.360004,-0.441466,-0.211386,-0.269524,0.184857,0.489852,0.130814,0.0183953,0.374625,-0.593064,-0.482385,1.89271,0.901581,-0.928414,0.963191,-0.766486,0.709207,-0.468314,-0.615951,-0.286246,-0.185418,-0.0539799,-0.114995,-1.14621,0.615303,0.320868,-0.134853,0.00459501,0.0313518,-0.273655,0.436489,-0.326677,-0.295483,0.318284,-0.566997,-0.654981,1.33261,1.0643,-0.951105,0.584968,-2.28167,2.20323,-0.452919,-0.767259,-0.272451,-0.470211,-0.0512522,-0.118205,0.687856,0.0230614,0.723639,-0.051663,0.734826,-0.0378196,0.0142797,-0.67705
-0.416963,0.400516,0.112253,0.0210087,0.0737513,0.0120088,-0.231218,0,0.150923,-0.332442,0.315788,-0.560153,0,0.112416,0.135748,-0.939819,0.560212,0.0477171,-0.402524,-0.446673,-0.780183,-0.0709223,0.0790109,-0.0515425,-0.121946,0.289569,1.10004,-0.137415,-1.12158,-0.703507,-0.282386,0.583686,0,0.233996,-0.123743,-0.0589321,-0.0826451,0,-1.08101,0.157036,0.123942,-0.456365,1.18229,-0.0986287,0.15469,-0.557783,1.32272,0.764982,0.0193664,-0.0796553,0,0,0,-0.00134323,-0.0116237,-0.122375,0.992419,0.992483,0.122351,-0.44698,2.19511,-1.83327,-0.337389,1.10981,0.328142,-0.398453,-0.132587,-0.309274,0.135518,0.430793,0.0752878,0.0502888,0.260965,-0.41018,-0.587231,1.66525,0.910988,-0.941087,0.894771,-0.678862,0.76762,-0.237643,-0.357608,-0.281516,-0.182248,-0.0678266,-0.118358,-4.89853,-1.06108,-1.72124,2.14375,3.26544,-1.32876,-2.94665,-3.40283,-3.24866,0.532566,2.14867,1.45862,-5.05951,-5.98375,7.39145,-0.302081,-3.47526,1.14906,-0.0620732,-0.71686,-0.0540106,0.742158,0.172116,0.138118,-0.0762639,-3.13894,1.23586,1.19728,-0.159395,-0.787794,2.19244,-2.0146,-0.650578,-3.43568,2.0704,2.41546,-4.44701,14.9243,-0.962818,-1.19495,-1.54922,0.86154,0.466496,1.95324,-0.964797,2.37689,-1.65089,-0.859462,-3.84319,1.0445,2.59054,-3.37983,14.2948,-0.25196,-0.42954,-0.397389,1.04981,0.328142,-0.398453,-0.132587,-0.309274,0.135518,0.430793,0.0752878,0.0502888,0.410965,-0.56018,-0.587231,1.78525,1.03099,-0.941087,0.894771,-0.738862,0.70762,-0.487643,-0.607608,-0.281516,-0.182248,-0.0678266,-0.118358,-1.24118,0.557931,0.239456,-0.031879,-0.157559,0.0222113,-0.25633,0.438487,-0.402919,-0.130116,0.317585,-0.566104,-0.687136,1.1552,1.32773,-0.946765,0.573875,-2.18634,2.20423,-0.450191,-0.775948,-0.192564,-0.23899,-0.0521501,-0.120314,0.674051,0.0146036,0.737569,-0.0378634,0.734826,-0.0378196,0.0142797,-0.67705
-0.417095,0.397818,0.108135,-0.0152522,0.0330563,0.0063618,-0.203058,0,0.13573,-0.337867,0.312093,-0.549777,0,0.145631,0.198181,-0.925304,0.55289,0.0858833,-0.39965,-0.445211,-0.775862,-0.0272429,0.10163,-0.0524874,-0.118636,0.200712,0.729566,-0.157954,-1.32902,-1.10288,-0.282376,0.830985,0,-0.0641071,-0.168003,-0.0966643,0.097789,0,-0.258481,1.04642,0.304481,-0.429282,1.40009,-0.025929,0.130219,-0.325629,1.5811,0.87478,-0.000617475,-0.00610721,0,0,0,-0.0410503,-0.0614352,-0.1376,0.988945,0.989637,0.134955,0.330703,2.64511,-2.06781,-0.439344,1.0739,0.296284,-0.340181,-0.0869244,-0.328128,0.0681919,0.362996,0.0143475,0.0445361,0.303067,-0.378025,-0.695982,1.51282,1.07607,-0.932998,0.834234,-0.659763,0.766725,-0.241657,-0.362747,-0.241494,-0.169233,-0.0589079,-0.117685,-5.03846,-2.27142,-1.52529,3.67306,1.52927,-0.647963,-3.73124,-3.32398,-2.73113,-0.818819,2.01564,1.74556,-5.7628,-9.0759,8.78638,0.782384,-2.81711,0.782445,-0.0303431,0.13984,-0.55386,2.81342,0.989751,0.396012,0.0799741,-1.54922,0.86154,0.466496,1.95324,-0.964797,2.37689,-1.65089,-0.859462,-3.84319,1.0445,2.59054,-3.37983,14.2948,-0.25196,-0.42954,0.72855,-0.703419,-0.1884,4.43321,0.24249,1.94715,-2.02095,-1.71108,-4.02535,-0.216397,2.42828,-2.22693,15.4163,0.76296,0.96174,-0.499344,1.0139,0.296284,-0.340181,-0.0869243,-0.328128,0.0681919,0.362996,0.0143475,0.0445361,0.453067,-0.528025,-0.695982,1.63282,1.19607,-0.932998,0.834234,-0.719763,0.706725,-0.491657,-0.612747,-0.241494,-0.169233,-0.0589079,-0.117685,-0.834609,0.37077,0.0932991,0.390648,-0.192959,0.0120088,-0.231218,0.475377,-0.330178,-0.171892,0.315788,-0.560153,-0.768638,0.785699,1.41527,-0.939819,0.560212,-1.74991,2.20452,-0.446673,-0.780183,-0.0503919,-0.0859081,-0.0515425,-0.121946,0.654981,0.00229204,0.755241,-0.0246241,0.74345,-0.0172544,0.00298823,-0.668563
-0.422815,0.383575,0.108121,-0.0468598,-0.0114295,0.00299248,-0.173373,0,0.115012,-0.337352,0.307451,-0.537188,0,0.194445,0.289493,-0.907005,0.548739,0.118531,-0.402382,-0.444776,-0.767262,-0.00459705,0.124615,-0.0542086,-0.112855,0.0547061,0.297047,-0.110782,-1.40443,-1.4393,-0.248203,1.02696,0,-0.355646,-0.109871,-0.1373,0.257278,0,0.55127,2.10217,0.487624,-0.362771,1.46978,-0.0591438,0.0976744,-0.0989501,1.44646,0.957118,-0.0262505,0.0824393,0,0,0,-0.0838592,-0.0781294,-0.186274,0.980578,0.978912,0.179898,0.887904,2.12202,-2.35762,-0.507747,1.02965,0.261788,-0.237783,-0.0594924,-0.326651,-0.00524643,0.315464,-0.0239383,0.0166415,0.345236,-0.330845,-0.825235,1.27998,1.2472,-0.913765,0.789337,-0.645865,0.766494,-0.23225,-0.371562,-0.154196,-0.109281,-0.0543818,-0.114112,-1.8713,-2.04216,-1.97252,6.31684,1.41526,0.733377,-3.51267,-1.51199,-1.05142,-1.87096,2.22859,2.83982,-7.01575,-13.7988,8.15391,1.00291,-1.9149,0.597641,0.00123575,0.699249,-0.441693,5.25305,4.32825,0.132748,0.150576,0.72855,-0.703419,-0.1884,4.43321,0.24249,1.94715,-2.02095,-1.71108,-4.02535,-0.216397,2.42828,-2.22693,15.4163,0.76296,0.96174,2.51658,-2.47598,-1.0305,6.81464,0.764251,1.96635,-3.56182,-1.92674,-3.99724,-1.29245,2.61126,-0.18503,16.0533,2.34005,2.21604,-0.567747,0.969654,0.261788,-0.237783,-0.0594924,-0.326651,-0.00524643,0.315464,-0.0239383,0.0166415,0.495236,-0.480845,-0.825235,1.39998,1.3672,-0.913765,0.789337,-0.705865,0.706494,-0.48225,-0.621562,-0.154196,-0.109281,-0.0543818,-0.114112,0.194032,0.117473,-0.03768,0.886642,0.048498,0.0063618,-0.203058,0.389429,-0.404191,-0.342216,0.312093,-0.549777,-0.805069,0.54738,1.33414,-0.925304,0.55289,-1.17346,2.20521,-0.445211,-0.775862,0.152592,0.192348,-0.0524874,-0.118636,0.636524,-0.0174824,0.770959,-0.0124329,0.74345,-0.0172544,0.00298823,-0.668563
-0.412492,0.353117,0.106497,-0.0664193,-0.0617485,-0.0025222,-0.141853,0,0.126464,-0.327149,0.303231,-0.5192,0,0.24314,0.426777,-0.891237,0.551821,0.0970854,-0.378596,-0.442873,-0.744488,0.000512106,0.149028,-0.0608834,-0.102408,0.193138,-0.248939,-0.10191,-1.27649,-1.7623,-0.256462,1.19167,0,-0.0771689,0.0761323,-0.159405,0.449925,0,1.11632,3.53078,0.577853,-0.207716,0.707164,0.315392,0.0969197,0.272358,1.08916,1.03618,-0.118497,0.214404,0,0,0,-0.104704,-0.128938,-0.247648,0.963705,0.963176,0.233768,0.826162,1.53673,-2.96539,-0.508248,0.991517,0.20735,-0.0842411,-0.0177513,-0.294445,-0.0724901,0.303431,-0.0212784,-0.0316151,0.396528,-0.262837,-0.97937,0.941096,1.39862,-0.893077,0.755311,-0.552442,0.766618,-0.215053,-0.382751,-0.0101411,0.0183309,-0.0535489,-0.109622,1.44305,-1.77584,-3.33434,8.61342,2.73656,2.2665,-3.06029,0.00429183,1.21688,-2.89348,2.85439,3.79426,-8.34306,-19.4632,7.00503,0.981277,-1.31305,7.6797,0.00921955,0.959819,-0.555507,8.25897,7.51009,0.0102535,0.231282,2.51658,-2.47598,-1.0305,6.81464,0.764251,1.96635,-3.56182,-1.92674,-3.99724,-1.29245,2.61126,-0.18503,16.0533,2.34005,2.21604,2.24556,-2.04898,-0.476692,6.75762,-0.0853133,2.73921,-3.24721,-0.601003,-3.58248,0.0657576,2.46349,6.00343,11.687,5.02024,1.39763,-0.568248,0.931517,0.20735,-0.0842411,-0.0177513,-0.294445,-0.0724901,0.303431,-0.0212784,-0.0316151,0.546528,-0.412837,-0.97937,1.0611,1.51862,-0.893077,0.755311,-0.612442,0.706618,-0.465053,-0.632751,-0.0101411,0.0183309,-0.0535489,-0.109622,0.213606,0.0795938,-0.206101,1.36293,0.15285,0.00299248,-0.173373,0.39327,-0.712365,-0.385348,0.307451,-0.537188,-0.799448,0.183342,1.42563,-0.907005,0.548739,-0.152515,2.20656,-0.444776,-0.767262,0.46801,0.443207,-0.0542086,-0.112855,0.623547,-0.0412446,0.780687,0.00412282,0.742553,-0.00246203,-0.00751649,-0.66974
-0.397934,0.319222,0.101969,-0.0881445,-0.111178,-0.00942037,-0.111564,0,0.133333,-0.31666,0.300115,-0.499662,0,0.286412,0.570145,-0.877714,0.558154,0.072513,-0.344625,-0.441229,-0.716845,0.0147701,0.164655,-0.0667545,-0.0927251,0.353563,-0.682684,-0.139251,-1.21942,-1.97505,-0.282996,1.28851,0,0.0490121,0.210629,-0.158336,0.608019,0,1.4305,4.62207,0.607342,-0.0503961,0.126429,0.730343,0.0924982,0.605294,0.97628,0.959733,-0.171015,0.295329,0,0,0,-0.121362,-0.176484,-0.320847,0.938215,0.939324,0.297666,1.59317,1.17732,-3.40519,-0.442432,0.962817,0.138679,0.0996446,0.0421043,-0.233116,-0.122287,0.308346,0.0381457,-0.0903006,0.457367,-0.18584,-1.1468,0.495259,1.51956,-0.875487,0.730793,-0.203203,0.766916,-0.193021,-0.399379,0.21561,0.143984,-0.0566513,-0.102248,4.76372,-1.10637,-3.37229,9.2432,3.11353,3.67105,-1.89358,-0.165661,3.81654,-2.86747,3.14809,3.73325,-7.76153,-24.1326,5.18015,0.753254,-1.0791,23.9517,0.0175964,1.1797,-1.03196,10.539,5.03417,-0.171694,0.257403,2.24556,-2.04898,-0.476692,6.75762,-0.0853133,2.73921,-3.24721,-0.601003,-3.58248,0.0657576,2.46349,6.00343,11.687,5.02024,1.39763,2.69174,-2.81396,-0.370982,6.82856,-1.28483,2.61767,-3.62002,-0.0172896,-2.09926,1.92962,1.94815,8.93164,3.64698,5.99735,1.61121,-0.502432,0.902817,0.138679,0.0996446,0.0421043,-0.233116,-0.122287,0.308346,0.0381457,-0.0903006,0.607367,-0.33584,-1.1468,0.615259,1.63956,-0.875487,0.730793,-0.263203,0.706916,-0.443021,-0.649379,0.21561,0.143984,-0.0566513,-0.102248,0.30517,0.0488547,-0.0953385,1.35152,-0.0170627,-0.0025222,-0.141853,0.547842,-0.649441,-0.120201,0.303231,-0.5192,-0.716497,0.152879,1.35174,-0.891237,0.551821,1.27154,2.20708,-0.442873,-0.744488,1.00405,0.279526,-0.0608834,-0.102408,0.615292,-0.0696536,0.784799,0.0255734,0.741434,0.00803416,-0.0222746,-0.670608
-0.374907,0.278452,0.0916346,-0.114201,-0.158828,-0.0190855,-0.0837344,0,0.131034,-0.305598,0.299203,-0.477025,0,0.318836,0.72568,-0.868681,0.570992,0.0416863,-0.290284,-0.440105,-0.679466,0.0473259,0.162712,-0.0710184,-0.0845686,0.592904,-1.08941,-0.252496,-1.24444,-2.09728,-0.343075,1.3194,0,-0.000167309,0.313365,-0.124504,0.765168,0,1.48771,5.56848,0.560638,0.157287,-0.3739,1.32636,0.0816163,0.984387,1.17173,0.642657,-0.183669,0.329077,0,0,0,-0.107689,-0.20302,-0.403207,0.903723,0.90875,0.376918,3.25487,1.04721,-3.89079,-0.325638,0.952429,0.0844187,0.277649,0.0988842,-0.149207,-0.145045,0.313115,0.0418039,-0.137774,0.52056,-0.122797,-1.15481,0.0352455,1.59203,-0.863468,0.701525,0.419449,0.765496,-0.168475,-0.43274,0.270357,0.224763,-0.061823,-0.0963551,6.63952,0.0650278,-1.95727,8.92669,2.36593,4.60273,-0.55688,0.136575,-4.75574,-1.81671,3.09302,2.66022,1.48694,-20.8278,2.33405,0.441491,-0.914721,34.431,-0.111818,1.32108,-1.5055,-0.52007,3.30339,-0.23204,0.696792,2.69174,-2.81396,-0.370982,6.82856,-1.28483,2.61767,-3.62002,-0.0172896,-2.09926,1.92962,1.94815,8.93164,3.64698,5.99735,1.61121,3.36154,-2.4833,-1.20295,5.36257,-0.836239,2.06,-2.17074,-2.73175,-0.0802475,2.1162,1.87825,11.7258,-1.20925,4.98564,3.61807,-0.385638,0.892429,0.0844187,0.277649,0.0988842,-0.149207,-0.145045,0.313115,0.0418039,-0.137774,0.67056,-0.272797,-1.15481,0.155246,1.71203,-0.863468,0.701525,0.359449,0.705496,-0.418475,-0.68274,0.270357,0.224763,-0.061823,-0.0963551,0.463226,0.0387513,-0.0741964,1.36571,-0.256965,-0.00942037,-0.111564,0.523534,-0.724004,-0.00345792,0.300115,-0.499662,-0.793368,0.778242,1.09408,-0.877714,0.558154,2.43438,1.76349,-0.441229,-0.716845,1.19947,0.322242,-0.0667545,-0.0927251,0.611796,-0.109979,0.782004,0.0456061,0.741434,0.00803416,-0.0222746,-0.670608
-0.343862,0.220022,0.0826644,-0.13479,-0.2035,-0.0298532,-0.0623581,0,0.131649,-0.284649,0.300377,-0.45582,0,0.329601,0.886827,-0.86333,0.592187,0.0156378,-0.228249,-0.445322,-0.639764,0.0741655,0.132871,-0.0720489,-0.0788295,0.880707,-1.63905,-0.311301,-1.17995,-2.13818,-0.401667,1.24422,0,0.00910074,0.533599,-0.0695467,0.853688,0,1.20287,6.31513,0.472715,0.428033,-0.652456,1.85897,-0.0211265,1.2846,1.22281,0.00224424,-0.144026,0.316441,0,0,0,-0.0793669,-0.273563,-0.487193,0.849582,0.86968,0.450969,4.14989,0.858219,-4.12815,-0.16372,0.969329,0.0509594,0.483016,0.133808,-0.044331,-0.146519,0.310288,-0.112592,-0.180392,0.575487,-0.0826916,-1.03391,-0.313896,1.6108,-0.857269,0.688459,0.998807,0.608461,-0.13775,-0.456412,0.243925,0.325081,-0.0665818,-0.0869237,9.20564,1.33017,-1.65828,11.4727,1.33996,5.66151,0.143485,-0.247607,-8.07116,-2.55318,2.34474,1.41996,10.0646,-13.943,-0.199208,0.1888,-0.919936,10.6006,-13.6262,1.72004,-1.14529,-1.46191,6.16144,-0.198729,0.162605,3.36154,-2.4833,-1.20295,5.36257,-0.836239,2.06,-2.17074,-2.73175,-0.0802475,2.1162,1.87825,11.7258,-1.20925,4.98564,3.61807,2.10934,-0.382298,-0.0396523,4.0315,-2.91307,2.56025,-0.0580062,-3.38204,1.1803,1.90508,0.35736,12.7145,-2.21579,3.41177,2.81191,-0.22372,0.909329,0.0509594,0.483016,0.133808,-0.044331,-0.146519,0.310288,-0.112592,-0.180392,0.725487,-0.232692,-1.03391,-0.193896,1.7308,-0.857269,0.688459,0.938807,0.548461,-0.38775,-0.706412,0.243925,0.325081,-0.0665818,-0.0869237,0.632127,0.0609018,-0.24059,1.07251,-0.167248,-0.0190855,-0.0837344,0.411999,-0.434148,-0.54635,0.299203,-0.477025,-0.74589,0.410029,1.05912,-0.868681,0.570992,3.581,-0.664626,-0.440105,-0.679466,0.997128,0.723615,-0.0710184,-0.0845686,0.614556,-0.16318,0.769437,0.0604993,0.744263,0.0139207,-0.0386678,-0.666621
-0.308808,0.15276,0.0743763,-0.152645,-0.246683,-0.041172,-0.0442083,0,0.13372,-0.258755,0.302593,-0.435331,0,0.329536,1.05078,-0.85982,0.617562,-0.00802145,-0.162368,-0.45371,-0.598901,0.0981469,0.089081,-0.0714628,-0.074299,1.1423,-2.15626,-0.342231,-1.09379,-2.14447,-0.45095,1.1432,0,0.037435,0.761923,-0.0154399,0.90491,0,0.841035,6.87987,0.383551,0.680239,-0.811609,2.28949,-0.140608,1.51217,1.21569,-0.655274,-0.0920264,0.289466,0,0,0,-0.00342001,-0.316559,-0.567259,0.781798,0.823532,0.537198,5.53963,0.86567,-3.87781,0.05416,1.01361,0.0336914,0.707025,0.123024,0.0689237,-0.142247,0.325793,-0.157948,-0.244086,0.600643,-0.0708822,-0.904987,-0.455495,1.58129,-0.858033,0.675408,0.994488,0.2282,-0.0982142,-0.469081,0.218461,0.384512,-0.0697427,-0.0780232,12.337,2.7757,-0.108251,10.1253,-2.11379,5.34879,0.352302,1.42411,1.81593,-3.68553,0.339781,-0.0573229,4.23651,-1.30424,-2.48738,-0.190482,-0.143593,-4.29067,-21.8227,2.04417,-0.175831,-1.06912,0.445755,-0.12168,0.668171,2.10934,-0.382298,-0.0396523,4.0315,-2.91307,2.56025,-0.0580062,-3.38204,1.1803,1.90508,0.35736,12.7145,-2.21579,3.41177,2.81191,0.810345,-0.105971,2.22745,2.3211,0.49183,2.65609,1.97924,-2.26401,3.9858,2.66744,-0.166316,15.0687,-1.54103,2.96134,1.4835,-0.00583999,0.953615,0.0336914,0.707025,0.123024,0.0689237,-0.142247,0.325793,-0.157948,-0.244086,0.750643,-0.220882,-0.904987,-0.335495,1.70129,-0.858033,0.675408,0.934488,0.1682,-0.348214,-0.719081,0.218461,0.384512,-0.0697427,-0.0780232,0.865325,0.112945,-0.00793047,0.806301,-0.582615,-0.0298532,-0.0623581,0.51205,-0.0116012,-0.676407,0.300377,-0.45582,-0.573521,0.252132,0.891929,-0.86333,0.592187,2.96884,-1.1679,-0.445322,-0.639764,0.682353,0.562382,-0.0720489,-0.0788295,0.623255,-0.220918,0.746989,0.0689653,0.744263,0.0139207,-0.0386678,-0.666621
-0.269687,0.0848137,0.0658264,-0.166539,-0.296026,-0.0543162,-0.0335442,0,0.14046,-0.245593,0.308851,-0.419834,0,0.310325,1.17125,-0.85917,0.65095,-0.0227113,-0.0672952,-0.469424,-0.563999,0.112831,0.087506,-0.0644426,-0.077158,1.38642,-2.52858,-0.367811,-0.974061,-2.24128,-0.512827,0.960204,0,0.127315,0.730782,0.0830538,0.865902,0,0.300564,6.62294,0.27824,0.976996,-0.788474,3.02874,-0.334134,1.58205,1.07124,-0.482317,0.0408855,0.159741,0,0,0,0.0784162,-0.373007,-0.630761,0.699577,0.772005,0.609473,4.30224,1.09862,-3.32258,0.303074,1.06826,0.0299877,0.864214,0.0851325,0.147325,-0.134584,0.340946,-0.0306282,-0.327215,0.589048,-0.0869596,-0.957626,-0.403763,1.49634,-0.86371,0.664149,0.901637,-0.156952,-0.063742,-0.464791,0.201844,0.373047,-0.0714979,-0.0745504,11.734,2.54135,-0.266302,6.17771,-1.37619,2.54414,0.374146,0.216908,9.07142,-4.33322,-1.19426,-1.35088,-5.56871,5.54054,-5.65853,-0.308584,-0.806504,-4.2403,-16.3683,1.35967,0.551179,-0.646072,-1.05204,-0.0634142,0.0320755,0.810345,-0.105971,2.22745,2.3211,0.49183,2.65609,1.97924,-2.26401,3.9858,2.66744,-0.166316,15.0687,-1.54103,2.96134,1.4835,-0.752581,1.02507,4.57357,0.628772,2.21088,1.05479,2.46628,-1.30501,4.76988,2.81998,0.719705,14.0295,-2.40433,2.42055,-0.260913,0.243074,1.00826,0.0299877,0.864214,0.0851325,0.147325,-0.134584,0.340946,-0.0306282,-0.327215,0.739048,-0.23696,-0.957626,-0.283763,1.61634,-0.86371,0.664149,0.841637,-0.216952,-0.313742,-0.714791,0.201844,0.373047,-0.0714979,-0.0745504,0.345172,0.197384,0.44549,0.46422,0.0983661,-0.041172,-0.0442083,0.531217,0.395847,-0.452801,0.302593,-0.435331,-0.479567,0.46161,0.798865,-0.85982,0.617562,2.21995,-0.830515,-0.45371,-0.598901,0.592267,0.2967,-0.0714628,-0.074299,0.633951,-0.275633,0.71918,0.0700907,0.742576,0.0185078,-0.049234,-0.667693
-0.229633,0.022455,0.0533579,-0.179207,-0.34385,-0.0679141,-0.0227519,0,0.142938,-0.239092,0.316916,-0.405063,0,0.290653,1.27819,-0.858337,0.684005,-0.0365952,0.00574107,-0.485979,-0.531448,0.123663,0.081402,-0.0568134,-0.0815452,1.5713,-2.70538,-0.444495,-0.871853,-2.28625,-0.562947,0.834027,0,0.126287,0.609063,0.179119,0.827699,0,-0.0846811,6.24016,0.207253,1.17971,-0.760191,3.21566,-0.482225,1.5957,0.912347,-0.429181,0.143057,0.0460108,0,0,0,0.14398,-0.401496,-0.676995,0.626674,0.721767,0.667892,2.25507,0.78832,-2.41274,0.457808,1.11447,0.0236574,0.96638,0.0883174,0.148511,-0.124986,0.33119,0.160679,-0.410144,0.555257,-0.128609,-1.08337,-0.219932,1.34664,-0.870146,0.64722,0.835777,-0.46791,-0.0501545,-0.446299,0.192032,0.303822,-0.0694175,-0.076073,4.07189,2.14719,-0.248372,4.73084,1.39182,-1.87126,0.54193,-1.03739,9.23133,-3.7287,-2.08333,-2.64943,-6.06497,11.833,-8.92636,-0.2596,-0.808576,-2.53999,-14.8786,0.102071,1.19736,-0.373749,-5.03795,0.14531,-0.0901252,-0.752581,1.02507,4.57357,0.628772,2.21088,1.05479,2.46628,-1.30501,4.76988,2.81998,0.719705,14.0295,-2.40433,2.42055,-0.260913,-1.46032,2.80202,5.02548,-0.885704,1.39611,0.371213,2.33314,-1.25593,4.347,2.93515,0.822279,12.0282,-3.22701,1.34994,-1.43892,0.397808,1.05447,0.0236574,0.96638,0.0883174,0.148511,-0.124986,0.33119,0.160679,-0.410144,0.705257,-0.278609,-1.08337,-0.0999321,1.46664,-0.870146,0.64722,0.775777,-0.52791,-0.300154,-0.696299,0.192032,0.303822,-0.0694175,-0.076073,-0.264316,0.452534,0.821999,0.125754,0.442177,-0.0543162,-0.0335442,0.210957,0.493255,-0.261003,0.308851,-0.419834,-0.591038,0.703475,0.625828,-0.85917,0.65095,2.12962,-1.26217,-0.469424,-0.563999,0.48411,-0.0521826,-0.0644426,-0.077158,0.640558,-0.312817,0.697397,0.0739426,0.737849,0.0241834,-0.0565702,-0.672156
-0.187713,-0.0287283,0.0330522,-0.189421,-0.388634,-0.0824194,-0.0117033,0,0.13689,-0.245913,0.328598,-0.391744,0,0.270059,1.35807,-0.857141,0.716391,-0.0488673,0.0347038,-0.504218,-0.5036,0.12679,0.0662401,-0.0479666,-0.0889886,1.72872,-2.66152,-0.615732,-0.763515,-2.27214,-0.611644,0.749547,0,-0.00231791,0.324022,0.300606,0.779162,0,-0.368185,5.56633,0.163023,1.31159,-0.716215,2.68541,-0.611139,1.5347,0.685543,-0.527856,0.232842,-0.0794432,0,0,0,0.187912,-0.402468,-0.691867,0.593221,0.697143,0.697215,2.07313,-0.243419,-1.22276,0.467822,1.17465,0.0329211,1.05275,0.122748,0.0835135,-0.109141,0.283934,0.290418,-0.480556,0.497694,-0.196216,-1.15344,0.0772594,1.12681,-0.879639,0.637103,0.799194,-0.704524,-0.0517072,-0.415503,0.18574,0.164309,-0.06021,-0.0793719,-1.95028,3.94051,1.35841,3.66941,1.73401,-3.19951,1.14424,-3.21744,3.33961,-3.44193,-3.76289,-3.94612,1.95108,16.9102,-12.71,-2.17814,-0.315494,-1.33961,-4.50925,2.14538,1.84161,-0.263099,-7.93327,1.29518,-0.155725,-1.46032,2.80202,5.02548,-0.885704,1.39611,0.371213,2.33314,-1.25593,4.347,2.93515,0.822279,12.0282,-3.22701,1.34994,-1.43892,-2.43953,3.45251,5.44284,-1.69981,0.0653517,-0.00816975,2.77249,-0.981938,4.2955,2.8533,0.808205,8.16684,-3.22068,0.436874,-1.62479,0.407822,1.11465,0.0329211,1.05275,0.122748,0.0835135,-0.109141,0.283934,0.290418,-0.480556,0.647694,-0.346216,-1.15344,0.197259,1.24681,-0.879639,0.637103,0.739194,-0.764524,-0.301707,-0.665503,0.18574,0.164309,-0.0602101,-0.0793719,-0.322417,1.34101,0.816206,-0.177141,0.279223,-0.0679141,-0.0227519,0.0742426,0.466629,-0.251185,0.316916,-0.405063,-0.719757,1.0621,0.531139,-0.858337,0.684005,2.14878,-1.67351,-0.485979,-0.531448,0.269989,-0.287785,-0.0568134,-0.0815452,0.647166,-0.333111,0.681531,0.075681,0.737849,0.0241834,-0.0565702,-0.672156
-0.150766,-0.0745979,0.00876749,-0.195953,-0.411427,-0.097698,0.00296509,0,0.123974,-0.246516,0.342899,-0.378827,0,0.256564,1.40719,-0.857866,0.74005,-0.0632285,0.00984576,-0.52115,-0.482911,0.127966,0.0530758,-0.040684,-0.0987487,1.7643,-2.55111,-0.795283,-0.632433,-1.93239,-0.657328,0.74471,0,-0.195373,0.217779,0.424939,0.739168,0,-0.460164,4.63324,0.103235,1.273,-0.716768,1.50691,-0.681774,1.38462,0.497526,-0.566964,0.272228,-0.202012,0,0,0,0.233147,-0.415191,-0.677502,0.579336,0.697591,0.701417,3.48531,-0.499587,0.267482,0.381993,1.27076,0.0983206,1.09939,0.139568,0.0507957,-0.0736237,0.16642,0.281985,-0.542775,0.415114,-0.288934,-0.884869,0.462705,0.849978,-0.931899,0.635871,0.78032,-0.710822,0.0279286,-0.374917,0.176305,0.00631237,-0.0294933,-0.0850426,-5.84668,5.26997,4.83859,1.01127,-0.0100175,-1.08889,2.31547,-7.92463,-3.16121,-2.75617,-4.1684,-5.18491,18.8853,20.7368,-14.4411,-1.73434,0.104975,-0.676919,1.30593,3.77207,2.12952,-0.701893,-7.50055,0.833752,-0.268325,-2.43953,3.45251,5.44284,-1.69981,0.0653517,-0.00816975,2.77249,-0.981938,4.2955,2.8533,0.808205,8.16684,-3.22068,0.436874,-1.62479,-3.93032,2.40517,3.63311,-1.46407,-0.738791,0.695735,1.23595,0.598395,2.05611,2.85593,0.120072,0.092575,-0.855939,-1.12405,-2.6752,0.321993,1.21076,0.0983206,1.09939